batch=1 attempt=1 retry error: {"error":"canceling statement due to statement timeout"}
batch=1 attempt=2 retry error: {"error":"canceling statement due to statement timeout"}
batch=1 attempt=3 retry error: {"error":"canceling statement due to statement timeout"}
batch=1 {"success":true,"platform":"lazada","merchant_id":"ffe8519e-49a2-467b-a0ec-57d28ba8be49","shop_id":"100184574113","processed":5,"updated":5,"errors":0,"api_error":null,"upsert_errors":[],"next_after_id":"008e9a12-205b-49bd-86c6-fa04daa78c36","has_more":true,"dry_run":false}
batch=2 {"success":true,"platform":"lazada","merchant_id":"ffe8519e-49a2-467b-a0ec-57d28ba8be49","shop_id":"100184574113","processed":5,"updated":5,"errors":0,"api_error":null,"upsert_errors":[],"next_after_id":"013d1b4b-4d95-468f-b45c-f4356d055560","has_more":true,"dry_run":false}
batch=3 {"success":true,"platform":"lazada","merchant_id":"ffe8519e-49a2-467b-a0ec-57d28ba8be49","shop_id":"100184574113","processed":5,"updated":5,"errors":0,"api_error":null,"upsert_errors":[],"next_after_id":"01c91919-b2ee-4d8f-8c71-ec516e123431","has_more":true,"dry_run":false}
batch=4 {"success":true,"platform":"lazada","merchant_id":"ffe8519e-49a2-467b-a0ec-57d28ba8be49","shop_id":"100184574113","processed":5,"updated":5,"errors":0,"api_error":null,"upsert_errors":[],"next_after_id":"0223eaf2-f8bb-4feb-b6a4-54b5acbf1b80","has_more":true,"dry_run":false}
batch=5 {"success":true,"platform":"lazada","merchant_id":"ffe8519e-49a2-467b-a0ec-57d28ba8be49","shop_id":"100184574113","processed":5,"updated":5,"errors":0,"api_error":null,"upsert_errors":[],"next_after_id":"0287e9ff-090d-4aeb-a641-394ad79d2a8b","has_more":true,"dry_run":false}
batch=6 {"success":true,"platform":"lazada","merchant_id":"ffe8519e-49a2-467b-a0ec-57d28ba8be49","shop_id":"100184574113","processed":5,"updated":5,"errors":0,"api_error":null,"upsert_errors":[],"next_after_id":"02debf1f-c11b-471a-86bc-555872f9daa6","has_more":true,"dry_run":false}
batch=7 {"success":true,"platform":"lazada","merchant_id":"ffe8519e-49a2-467b-a0ec-57d28ba8be49","shop_id":"100184574113","processed":5,"updated":5,"errors":0,"api_error":null,"upsert_errors":[],"next_after_id":"0361be33-a556-4ef3-9835-090112ec66b2","has_more":true,"dry_run":false}
batch=8 {"success":true,"platform":"lazada","merchant_id":"ffe8519e-49a2-467b-a0ec-57d28ba8be49","shop_id":"100184574113","processed":5,"updated":5,"errors":0,"api_error":null,"upsert_errors":[],"next_after_id":"03fc547b-ed9a-435c-951a-3ff28553e60c","has_more":true,"dry_run":false}
batch=9 {"success":true,"platform":"lazada","merchant_id":"ffe8519e-49a2-467b-a0ec-57d28ba8be49","shop_id":"100184574113","processed":5,"updated":5,"errors":0,"api_error":null,"upsert_errors":[],"next_after_id":"047fbe1a-10d0-4e30-9a91-da79a96cfa29","has_more":true,"dry_run":false}
batch=10 {"success":true,"platform":"lazada","merchant_id":"ffe8519e-49a2-467b-a0ec-57d28ba8be49","shop_id":"100184574113","processed":5,"updated":5,"errors":0,"api_error":null,"upsert_errors":[],"next_after_id":"053177d0-cc53-467f-bd28-16bc02d34368","has_more":true,"dry_run":false}
batch=11 {"success":true,"platform":"lazada","merchant_id":"ffe8519e-49a2-467b-a0ec-57d28ba8be49","shop_id":"100184574113","processed":5,"updated":5,"errors":0,"api_error":null,"upsert_errors":[],"next_after_id":"05b2e74b-e466-4c7c-9300-7cabf21726f9","has_more":true,"dry_run":false}
batch=12 {"success":true,"platform":"lazada","merchant_id":"ffe8519e-49a2-467b-a0ec-57d28ba8be49","shop_id":"100184574113","processed":5,"updated":5,"errors":0,"api_error":null,"upsert_errors":[],"next_after_id":"05fddf7e-2656-4be0-acc4-3d51df84dc7c","has_more":true,"dry_run":false}
batch=13 {"success":true,"platform":"lazada","merchant_id":"ffe8519e-49a2-467b-a0ec-57d28ba8be49","shop_id":"100184574113","processed":5,"updated":5,"errors":0,"api_error":null,"upsert_errors":[],"next_after_id":"066bc908-41dc-4801-ae1f-b3bc1e9f328a","has_more":true,"dry_run":false}
batch=14 {"success":true,"platform":"lazada","merchant_id":"ffe8519e-49a2-467b-a0ec-57d28ba8be49","shop_id":"100184574113","processed":5,"updated":5,"errors":0,"api_error":null,"upsert_errors":[],"next_after_id":"06b862af-3011-4986-aef2-76e1c256eef1","has_more":true,"dry_run":false}
batch=15 {"success":true,"platform":"lazada","merchant_id":"ffe8519e-49a2-467b-a0ec-57d28ba8be49","shop_id":"100184574113","processed":5,"updated":5,"errors":0,"api_error":null,"upsert_errors":[],"next_after_id":"0705e24a-cfd6-4119-9b92-13e2f74f9b41","has_more":true,"dry_run":false}
batch=16 {"success":true,"platform":"lazada","merchant_id":"ffe8519e-49a2-467b-a0ec-57d28ba8be49","shop_id":"100184574113","processed":5,"updated":5,"errors":0,"api_error":null,"upsert_errors":[],"next_after_id":"074912be-34d8-4832-890c-3caed831f47f","has_more":true,"dry_run":false}
batch=17 {"success":true,"platform":"lazada","merchant_id":"ffe8519e-49a2-467b-a0ec-57d28ba8be49","shop_id":"100184574113","processed":5,"updated":5,"errors":0,"api_error":null,"upsert_errors":[],"next_after_id":"07e55358-7478-46ee-8776-12538ddb6d39","has_more":true,"dry_run":false}
batch=18 {"success":true,"platform":"lazada","merchant_id":"ffe8519e-49a2-467b-a0ec-57d28ba8be49","shop_id":"100184574113","processed":5,"updated":5,"errors":0,"api_error":null,"upsert_errors":[],"next_after_id":"087c10aa-e6c0-476c-b327-4badf5819678","has_more":true,"dry_run":false}
batch=19 {"success":true,"platform":"lazada","merchant_id":"ffe8519e-49a2-467b-a0ec-57d28ba8be49","shop_id":"100184574113","processed":5,"updated":5,"errors":0,"api_error":null,"upsert_errors":[],"next_after_id":"08e82516-70b0-452b-80aa-a54c730fff69","has_more":true,"dry_run":false}
batch=20 {"success":true,"platform":"lazada","merchant_id":"ffe8519e-49a2-467b-a0ec-57d28ba8be49","shop_id":"100184574113","processed":5,"updated":5,"errors":0,"api_error":null,"upsert_errors":[],"next_after_id":"095e4f75-c583-467d-8990-7a9c1868cc24","has_more":true,"dry_run":false}
batch=21 {"success":true,"platform":"lazada","merchant_id":"ffe8519e-49a2-467b-a0ec-57d28ba8be49","shop_id":"100184574113","processed":5,"updated":5,"errors":0,"api_error":null,"upsert_errors":[],"next_after_id":"09ecf458-dc97-4e9b-8729-7037d42f2ed1","has_more":true,"dry_run":false}
batch=22 {"success":true,"platform":"lazada","merchant_id":"ffe8519e-49a2-467b-a0ec-57d28ba8be49","shop_id":"100184574113","processed":5,"updated":5,"errors":0,"api_error":null,"upsert_errors":[],"next_after_id":"0a5db5cd-d35e-488e-8935-28357cb2bdd1","has_more":true,"dry_run":false}
batch=23 {"success":true,"platform":"lazada","merchant_id":"ffe8519e-49a2-467b-a0ec-57d28ba8be49","shop_id":"100184574113","processed":5,"updated":5,"errors":0,"api_error":null,"upsert_errors":[],"next_after_id":"0b33772a-a6b8-4d1c-8a09-5722654faaef","has_more":true,"dry_run":false}
batch=24 {"success":true,"platform":"lazada","merchant_id":"ffe8519e-49a2-467b-a0ec-57d28ba8be49","shop_id":"100184574113","processed":5,"updated":5,"errors":0,"api_error":null,"upsert_errors":[],"next_after_id":"0bb0608d-8b66-4450-9350-91974891808e","has_more":true,"dry_run":false}
batch=25 {"success":true,"platform":"lazada","merchant_id":"ffe8519e-49a2-467b-a0ec-57d28ba8be49","shop_id":"100184574113","processed":5,"updated":5,"errors":0,"api_error":null,"upsert_errors":[],"next_after_id":"0c0a2fee-55d8-499c-b8e1-008b62a6ec1f","has_more":true,"dry_run":false}
batch=26 {"success":true,"platform":"lazada","merchant_id":"ffe8519e-49a2-467b-a0ec-57d28ba8be49","shop_id":"100184574113","processed":5,"updated":5,"errors":0,"api_error":null,"upsert_errors":[],"next_after_id":"0c9c1e51-d20d-4acc-8b64-178fa942beb3","has_more":true,"dry_run":false}
batch=27 {"success":true,"platform":"lazada","merchant_id":"ffe8519e-49a2-467b-a0ec-57d28ba8be49","shop_id":"100184574113","processed":5,"updated":5,"errors":0,"api_error":null,"upsert_errors":[],"next_after_id":"0d07f053-c331-43a4-b2dd-8f01bbc75159","has_more":true,"dry_run":false}
batch=28 {"success":true,"platform":"lazada","merchant_id":"ffe8519e-49a2-467b-a0ec-57d28ba8be49","shop_id":"100184574113","processed":5,"updated":5,"errors":0,"api_error":null,"upsert_errors":[],"next_after_id":"0dc227a7-ecd8-46e0-a252-cd8976dd772d","has_more":true,"dry_run":false}
batch=29 {"success":true,"platform":"lazada","merchant_id":"ffe8519e-49a2-467b-a0ec-57d28ba8be49","shop_id":"100184574113","processed":5,"updated":5,"errors":0,"api_error":null,"upsert_errors":[],"next_after_id":"0e305fcc-4f34-4cf5-885a-2b98f2ec6130","has_more":true,"dry_run":false}
batch=30 {"success":true,"platform":"lazada","merchant_id":"ffe8519e-49a2-467b-a0ec-57d28ba8be49","shop_id":"100184574113","processed":5,"updated":5,"errors":0,"api_error":null,"upsert_errors":[],"next_after_id":"0ee5860d-341b-48b1-88c4-3bac921fd25b","has_more":true,"dry_run":false}
batch=31 {"success":true,"platform":"lazada","merchant_id":"ffe8519e-49a2-467b-a0ec-57d28ba8be49","shop_id":"100184574113","processed":5,"updated":5,"errors":0,"api_error":null,"upsert_errors":[],"next_after_id":"0f2acd2c-6461-400e-878a-52ca082e8ee2","has_more":true,"dry_run":false}
batch=32 {"success":true,"platform":"lazada","merchant_id":"ffe8519e-49a2-467b-a0ec-57d28ba8be49","shop_id":"100184574113","processed":5,"updated":5,"errors":0,"api_error":null,"upsert_errors":[],"next_after_id":"0fb84500-98ef-4f1e-8fa8-47c6fbf0780e","has_more":true,"dry_run":false}
batch=33 {"success":true,"platform":"lazada","merchant_id":"ffe8519e-49a2-467b-a0ec-57d28ba8be49","shop_id":"100184574113","processed":5,"updated":5,"errors":0,"api_error":null,"upsert_errors":[],"next_after_id":"1035a2e0-cfd0-4ddf-9c91-275dcdcf85dc","has_more":true,"dry_run":false}
batch=34 {"success":true,"platform":"lazada","merchant_id":"ffe8519e-49a2-467b-a0ec-57d28ba8be49","shop_id":"100184574113","processed":5,"updated":5,"errors":0,"api_error":null,"upsert_errors":[],"next_after_id":"1152bfd1-3d60-4e8f-aea0-b35ab8d1422f","has_more":true,"dry_run":false}
batch=35 {"success":true,"platform":"lazada","merchant_id":"ffe8519e-49a2-467b-a0ec-57d28ba8be49","shop_id":"100184574113","processed":5,"updated":5,"errors":0,"api_error":null,"upsert_errors":[],"next_after_id":"11dd8766-6613-4c1f-811d-bac65abe363e","has_more":true,"dry_run":false}
batch=36 {"success":true,"platform":"lazada","merchant_id":"ffe8519e-49a2-467b-a0ec-57d28ba8be49","shop_id":"100184574113","processed":5,"updated":5,"errors":0,"api_error":null,"upsert_errors":[],"next_after_id":"126ccb61-2966-48b8-bc7d-91ea76dd4dcd","has_more":true,"dry_run":false}
batch=37 {"success":true,"platform":"lazada","merchant_id":"ffe8519e-49a2-467b-a0ec-57d28ba8be49","shop_id":"100184574113","processed":5,"updated":5,"errors":0,"api_error":null,"upsert_errors":[],"next_after_id":"134923c7-be43-428b-8133-ad5a48467cb2","has_more":true,"dry_run":false}
batch=38 {"success":true,"platform":"lazada","merchant_id":"ffe8519e-49a2-467b-a0ec-57d28ba8be49","shop_id":"100184574113","processed":5,"updated":5,"errors":0,"api_error":null,"upsert_errors":[],"next_after_id":"13cf804b-0a42-44d2-a71f-713d74633d88","has_more":true,"dry_run":false}
batch=39 {"success":true,"platform":"lazada","merchant_id":"ffe8519e-49a2-467b-a0ec-57d28ba8be49","shop_id":"100184574113","processed":5,"updated":5,"errors":0,"api_error":null,"upsert_errors":[],"next_after_id":"14986958-a809-42a7-b93e-841d7cc066d9","has_more":true,"dry_run":false}
batch=40 {"success":true,"platform":"lazada","merchant_id":"ffe8519e-49a2-467b-a0ec-57d28ba8be49","shop_id":"100184574113","processed":5,"updated":5,"errors":0,"api_error":null,"upsert_errors":[],"next_after_id":"14e564dd-5ec8-4012-9de0-944ff63da739","has_more":true,"dry_run":false}
batch=41 {"success":true,"platform":"lazada","merchant_id":"ffe8519e-49a2-467b-a0ec-57d28ba8be49","shop_id":"100184574113","processed":5,"updated":5,"errors":0,"api_error":null,"upsert_errors":[],"next_after_id":"15c0d676-fbc3-4f05-a0c9-4fe3b52dc5d5","has_more":true,"dry_run":false}
batch=42 {"success":true,"platform":"lazada","merchant_id":"ffe8519e-49a2-467b-a0ec-57d28ba8be49","shop_id":"100184574113","processed":5,"updated":5,"errors":0,"api_error":null,"upsert_errors":[],"next_after_id":"164b830f-efa3-473c-8076-975790e7f57b","has_more":true,"dry_run":false}
batch=43 {"success":true,"platform":"lazada","merchant_id":"ffe8519e-49a2-467b-a0ec-57d28ba8be49","shop_id":"100184574113","processed":5,"updated":5,"errors":0,"api_error":null,"upsert_errors":[],"next_after_id":"16ed9259-a460-41af-933a-561498d19f39","has_more":true,"dry_run":false}
batch=44 {"success":true,"platform":"lazada","merchant_id":"ffe8519e-49a2-467b-a0ec-57d28ba8be49","shop_id":"100184574113","processed":5,"updated":5,"errors":0,"api_error":null,"upsert_errors":[],"next_after_id":"17504dbd-35bf-4bfe-99d4-6dca76252ff1","has_more":true,"dry_run":false}
batch=45 {"success":true,"platform":"lazada","merchant_id":"ffe8519e-49a2-467b-a0ec-57d28ba8be49","shop_id":"100184574113","processed":5,"updated":5,"errors":0,"api_error":null,"upsert_errors":[],"next_after_id":"1894159b-e013-49dc-9fc3-45eacd28f3b1","has_more":true,"dry_run":false}
batch=46 {"success":true,"platform":"lazada","merchant_id":"ffe8519e-49a2-467b-a0ec-57d28ba8be49","shop_id":"100184574113","processed":5,"updated":5,"errors":0,"api_error":null,"upsert_errors":[],"next_after_id":"18c7fcae-5eab-44a2-a04a-4879820513a4","has_more":true,"dry_run":false}
batch=47 {"success":true,"platform":"lazada","merchant_id":"ffe8519e-49a2-467b-a0ec-57d28ba8be49","shop_id":"100184574113","processed":5,"updated":5,"errors":0,"api_error":null,"upsert_errors":[],"next_after_id":"1945c06b-be85-407d-8fff-9169a2e28bce","has_more":true,"dry_run":false}
batch=48 {"success":true,"platform":"lazada","merchant_id":"ffe8519e-49a2-467b-a0ec-57d28ba8be49","shop_id":"100184574113","processed":5,"updated":5,"errors":0,"api_error":null,"upsert_errors":[],"next_after_id":"19cd84cd-14ca-4463-99e0-721d828622bf","has_more":true,"dry_run":false}
batch=49 {"success":true,"platform":"lazada","merchant_id":"ffe8519e-49a2-467b-a0ec-57d28ba8be49","shop_id":"100184574113","processed":5,"updated":5,"errors":0,"api_error":null,"upsert_errors":[],"next_after_id":"1a582d20-da18-4502-98e0-1ebd14234df4","has_more":true,"dry_run":false}
batch=50 {"success":true,"platform":"lazada","merchant_id":"ffe8519e-49a2-467b-a0ec-57d28ba8be49","shop_id":"100184574113","processed":5,"updated":5,"errors":0,"api_error":null,"upsert_errors":[],"next_after_id":"1a8f1cdb-2241-4a65-a4f2-0bb1d9d74b40","has_more":true,"dry_run":false}
batch=51 {"success":true,"platform":"lazada","merchant_id":"ffe8519e-49a2-467b-a0ec-57d28ba8be49","shop_id":"100184574113","processed":5,"updated":5,"errors":0,"api_error":null,"upsert_errors":[],"next_after_id":"1ad7cda2-625f-4040-8de3-937bff1ab5a1","has_more":true,"dry_run":false}
batch=52 {"success":true,"platform":"lazada","merchant_id":"ffe8519e-49a2-467b-a0ec-57d28ba8be49","shop_id":"100184574113","processed":5,"updated":5,"errors":0,"api_error":null,"upsert_errors":[],"next_after_id":"1bf9a9c8-95f0-46ea-beec-da5893130a79","has_more":true,"dry_run":false}
batch=53 {"success":true,"platform":"lazada","merchant_id":"ffe8519e-49a2-467b-a0ec-57d28ba8be49","shop_id":"100184574113","processed":5,"updated":5,"errors":0,"api_error":null,"upsert_errors":[],"next_after_id":"1c81e920-3a31-410e-9dd0-391c24f91dc5","has_more":true,"dry_run":false}
batch=54 {"success":true,"platform":"lazada","merchant_id":"ffe8519e-49a2-467b-a0ec-57d28ba8be49","shop_id":"100184574113","processed":5,"updated":5,"errors":0,"api_error":null,"upsert_errors":[],"next_after_id":"1cff3b26-c702-414d-b2a8-4f01c78e2103","has_more":true,"dry_run":false}
batch=55 {"success":true,"platform":"lazada","merchant_id":"ffe8519e-49a2-467b-a0ec-57d28ba8be49","shop_id":"100184574113","processed":5,"updated":5,"errors":0,"api_error":null,"upsert_errors":[],"next_after_id":"1d771ec6-0a74-4665-8b0c-42abd9cb4869","has_more":true,"dry_run":false}
batch=56 {"success":true,"platform":"lazada","merchant_id":"ffe8519e-49a2-467b-a0ec-57d28ba8be49","shop_id":"100184574113","processed":5,"updated":5,"errors":0,"api_error":null,"upsert_errors":[],"next_after_id":"1e0e6d29-e47a-46ea-a723-d5b73b539b5c","has_more":true,"dry_run":false}
batch=57 {"success":true,"platform":"lazada","merchant_id":"ffe8519e-49a2-467b-a0ec-57d28ba8be49","shop_id":"100184574113","processed":5,"updated":5,"errors":0,"api_error":null,"upsert_errors":[],"next_after_id":"1e415615-6248-4331-b89b-79b4dc6d514e","has_more":true,"dry_run":false}
batch=58 {"success":true,"platform":"lazada","merchant_id":"ffe8519e-49a2-467b-a0ec-57d28ba8be49","shop_id":"100184574113","processed":5,"updated":5,"errors":0,"api_error":null,"upsert_errors":[],"next_after_id":"1ef1facc-fbe3-4f93-b6ed-5e13961a0772","has_more":true,"dry_run":false}
batch=59 {"success":true,"platform":"lazada","merchant_id":"ffe8519e-49a2-467b-a0ec-57d28ba8be49","shop_id":"100184574113","processed":5,"updated":5,"errors":0,"api_error":null,"upsert_errors":[],"next_after_id":"1f5e283d-7029-4578-872d-f730837e7e3e","has_more":true,"dry_run":false}
batch=60 {"success":true,"platform":"lazada","merchant_id":"ffe8519e-49a2-467b-a0ec-57d28ba8be49","shop_id":"100184574113","processed":5,"updated":5,"errors":0,"api_error":null,"upsert_errors":[],"next_after_id":"1fe155f7-b20c-4674-84cc-68bf8364ac62","has_more":true,"dry_run":false}
batch=61 {"success":true,"platform":"lazada","merchant_id":"ffe8519e-49a2-467b-a0ec-57d28ba8be49","shop_id":"100184574113","processed":5,"updated":5,"errors":0,"api_error":null,"upsert_errors":[],"next_after_id":"20b36421-1639-4eca-a9ee-0dd4a4d9ea83","has_more":true,"dry_run":false}
batch=62 {"success":true,"platform":"lazada","merchant_id":"ffe8519e-49a2-467b-a0ec-57d28ba8be49","shop_id":"100184574113","processed":5,"updated":5,"errors":0,"api_error":null,"upsert_errors":[],"next_after_id":"214b1f13-454c-49ae-86aa-d5ce9b035f38","has_more":true,"dry_run":false}
batch=63 {"success":true,"platform":"lazada","merchant_id":"ffe8519e-49a2-467b-a0ec-57d28ba8be49","shop_id":"100184574113","processed":5,"updated":5,"errors":0,"api_error":null,"upsert_errors":[],"next_after_id":"21e2183e-8585-44bc-8285-85e40048d229","has_more":true,"dry_run":false}
batch=64 {"success":true,"platform":"lazada","merchant_id":"ffe8519e-49a2-467b-a0ec-57d28ba8be49","shop_id":"100184574113","processed":5,"updated":5,"errors":0,"api_error":null,"upsert_errors":[],"next_after_id":"22358b19-77b5-46b1-ad15-bcde94395bda","has_more":true,"dry_run":false}
batch=65 {"success":true,"platform":"lazada","merchant_id":"ffe8519e-49a2-467b-a0ec-57d28ba8be49","shop_id":"100184574113","processed":5,"updated":5,"errors":0,"api_error":null,"upsert_errors":[],"next_after_id":"22c4bc5f-6c3d-447c-b0c1-d13148d566c7","has_more":true,"dry_run":false}
batch=66 {"success":true,"platform":"lazada","merchant_id":"ffe8519e-49a2-467b-a0ec-57d28ba8be49","shop_id":"100184574113","processed":5,"updated":5,"errors":0,"api_error":null,"upsert_errors":[],"next_after_id":"235468e6-9393-456d-814a-8b6cace8b694","has_more":true,"dry_run":false}
batch=67 {"success":true,"platform":"lazada","merchant_id":"ffe8519e-49a2-467b-a0ec-57d28ba8be49","shop_id":"100184574113","processed":5,"updated":5,"errors":0,"api_error":null,"upsert_errors":[],"next_after_id":"23ced22b-5fe8-4805-bd88-e819df9517c1","has_more":true,"dry_run":false}
batch=68 {"success":true,"platform":"lazada","merchant_id":"ffe8519e-49a2-467b-a0ec-57d28ba8be49","shop_id":"100184574113","processed":5,"updated":5,"errors":0,"api_error":null,"upsert_errors":[],"next_after_id":"24400799-8e01-4319-bffc-78586e23b562","has_more":true,"dry_run":false}
batch=69 {"success":true,"platform":"lazada","merchant_id":"ffe8519e-49a2-467b-a0ec-57d28ba8be49","shop_id":"100184574113","processed":5,"updated":5,"errors":0,"api_error":null,"upsert_errors":[],"next_after_id":"2476f33b-bbb1-4ea5-aa7d-a4257f2ff9fe","has_more":true,"dry_run":false}
batch=70 {"success":true,"platform":"lazada","merchant_id":"ffe8519e-49a2-467b-a0ec-57d28ba8be49","shop_id":"100184574113","processed":5,"updated":5,"errors":0,"api_error":null,"upsert_errors":[],"next_after_id":"255f8073-d846-4b53-b258-73bcdcaeb98e","has_more":true,"dry_run":false}
batch=71 {"success":true,"platform":"lazada","merchant_id":"ffe8519e-49a2-467b-a0ec-57d28ba8be49","shop_id":"100184574113","processed":5,"updated":5,"errors":0,"api_error":null,"upsert_errors":[],"next_after_id":"2567d65a-091b-4c16-9578-7bb929b4a1fe","has_more":true,"dry_run":false}
batch=72 {"success":true,"platform":"lazada","merchant_id":"ffe8519e-49a2-467b-a0ec-57d28ba8be49","shop_id":"100184574113","processed":5,"updated":5,"errors":0,"api_error":null,"upsert_errors":[],"next_after_id":"26277d60-8dcc-4158-9f31-bd9891ce0a21","has_more":true,"dry_run":false}
batch=73 {"success":true,"platform":"lazada","merchant_id":"ffe8519e-49a2-467b-a0ec-57d28ba8be49","shop_id":"100184574113","processed":5,"updated":5,"errors":0,"api_error":null,"upsert_errors":[],"next_after_id":"26dad4a3-53d0-4db7-b229-6b09558738fb","has_more":true,"dry_run":false}
batch=74 {"success":true,"platform":"lazada","merchant_id":"ffe8519e-49a2-467b-a0ec-57d28ba8be49","shop_id":"100184574113","processed":5,"updated":5,"errors":0,"api_error":null,"upsert_errors":[],"next_after_id":"276a080e-5a2e-4918-a905-f0d0704907a7","has_more":true,"dry_run":false}
batch=75 {"success":true,"platform":"lazada","merchant_id":"ffe8519e-49a2-467b-a0ec-57d28ba8be49","shop_id":"100184574113","processed":5,"updated":5,"errors":0,"api_error":null,"upsert_errors":[],"next_after_id":"28435b01-fcb3-4e67-8830-3ce7e434ed52","has_more":true,"dry_run":false}
batch=76 {"success":true,"platform":"lazada","merchant_id":"ffe8519e-49a2-467b-a0ec-57d28ba8be49","shop_id":"100184574113","processed":5,"updated":5,"errors":0,"api_error":null,"upsert_errors":[],"next_after_id":"28e2b695-0b6c-483c-b2e6-984c36f6aa45","has_more":true,"dry_run":false}
batch=77 {"success":true,"platform":"lazada","merchant_id":"ffe8519e-49a2-467b-a0ec-57d28ba8be49","shop_id":"100184574113","processed":5,"updated":5,"errors":0,"api_error":null,"upsert_errors":[],"next_after_id":"2933dcef-8336-4076-9bd6-023b44497991","has_more":true,"dry_run":false}
batch=78 {"success":true,"platform":"lazada","merchant_id":"ffe8519e-49a2-467b-a0ec-57d28ba8be49","shop_id":"100184574113","processed":5,"updated":5,"errors":0,"api_error":null,"upsert_errors":[],"next_after_id":"29ea2c5a-5c07-461a-88cb-e15c68fa3379","has_more":true,"dry_run":false}
batch=79 {"success":true,"platform":"lazada","merchant_id":"ffe8519e-49a2-467b-a0ec-57d28ba8be49","shop_id":"100184574113","processed":5,"updated":5,"errors":0,"api_error":null,"upsert_errors":[],"next_after_id":"2ace521e-60b8-4cfc-8baa-7b2ac9e6c8e2","has_more":true,"dry_run":false}
batch=80 {"success":true,"platform":"lazada","merchant_id":"ffe8519e-49a2-467b-a0ec-57d28ba8be49","shop_id":"100184574113","processed":5,"updated":5,"errors":0,"api_error":null,"upsert_errors":[],"next_after_id":"2bb2dbde-5b61-4887-ace5-7024ac6e3b78","has_more":true,"dry_run":false}
batch=81 {"success":true,"platform":"lazada","merchant_id":"ffe8519e-49a2-467b-a0ec-57d28ba8be49","shop_id":"100184574113","processed":5,"updated":5,"errors":0,"api_error":null,"upsert_errors":[],"next_after_id":"2c1b950c-dd41-47fd-9cbe-72e2549a0546","has_more":true,"dry_run":false}
batch=82 {"success":true,"platform":"lazada","merchant_id":"ffe8519e-49a2-467b-a0ec-57d28ba8be49","shop_id":"100184574113","processed":5,"updated":5,"errors":0,"api_error":null,"upsert_errors":[],"next_after_id":"2c9de71c-f63c-4d8a-8211-c8c07867a509","has_more":true,"dry_run":false}
batch=83 {"success":true,"platform":"lazada","merchant_id":"ffe8519e-49a2-467b-a0ec-57d28ba8be49","shop_id":"100184574113","processed":5,"updated":5,"errors":0,"api_error":null,"upsert_errors":[],"next_after_id":"2d50a87c-1600-43e2-9c8c-252d37805306","has_more":true,"dry_run":false}
batch=84 {"success":true,"platform":"lazada","merchant_id":"ffe8519e-49a2-467b-a0ec-57d28ba8be49","shop_id":"100184574113","processed":5,"updated":5,"errors":0,"api_error":null,"upsert_errors":[],"next_after_id":"2e001ee3-80d1-47aa-9405-865bc98b6c83","has_more":true,"dry_run":false}
batch=85 {"success":true,"platform":"lazada","merchant_id":"ffe8519e-49a2-467b-a0ec-57d28ba8be49","shop_id":"100184574113","processed":5,"updated":5,"errors":0,"api_error":null,"upsert_errors":[],"next_after_id":"2e78ae35-818a-4971-8e5d-21cd189e87ed","has_more":true,"dry_run":false}
batch=86 {"success":true,"platform":"lazada","merchant_id":"ffe8519e-49a2-467b-a0ec-57d28ba8be49","shop_id":"100184574113","processed":5,"updated":5,"errors":0,"api_error":null,"upsert_errors":[],"next_after_id":"2eced77e-9ffa-4ea7-abff-3a8960153fdf","has_more":true,"dry_run":false}
batch=87 {"success":true,"platform":"lazada","merchant_id":"ffe8519e-49a2-467b-a0ec-57d28ba8be49","shop_id":"100184574113","processed":5,"updated":5,"errors":0,"api_error":null,"upsert_errors":[],"next_after_id":"2f094e37-ed58-47a0-bcf9-fc5519d67c24","has_more":true,"dry_run":false}
batch=88 {"success":true,"platform":"lazada","merchant_id":"ffe8519e-49a2-467b-a0ec-57d28ba8be49","shop_id":"100184574113","processed":5,"updated":5,"errors":0,"api_error":null,"upsert_errors":[],"next_after_id":"2fb59bc1-1b32-4077-abef-45cff4ff10c3","has_more":true,"dry_run":false}
batch=89 {"success":true,"platform":"lazada","merchant_id":"ffe8519e-49a2-467b-a0ec-57d28ba8be49","shop_id":"100184574113","processed":5,"updated":5,"errors":0,"api_error":null,"upsert_errors":[],"next_after_id":"3045707f-a141-4d45-a9bd-c7364fa920fb","has_more":true,"dry_run":false}
batch=90 {"success":true,"platform":"lazada","merchant_id":"ffe8519e-49a2-467b-a0ec-57d28ba8be49","shop_id":"100184574113","processed":5,"updated":5,"errors":0,"api_error":null,"upsert_errors":[],"next_after_id":"3131e048-179a-4485-ad35-6c5730feaeb1","has_more":true,"dry_run":false}
batch=91 {"success":true,"platform":"lazada","merchant_id":"ffe8519e-49a2-467b-a0ec-57d28ba8be49","shop_id":"100184574113","processed":5,"updated":5,"errors":0,"api_error":null,"upsert_errors":[],"next_after_id":"3193328d-19c2-4217-8960-5bb037944b5d","has_more":true,"dry_run":false}
batch=92 {"success":true,"platform":"lazada","merchant_id":"ffe8519e-49a2-467b-a0ec-57d28ba8be49","shop_id":"100184574113","processed":5,"updated":5,"errors":0,"api_error":null,"upsert_errors":[],"next_after_id":"327db378-5c92-4542-ae9b-0c7385465a39","has_more":true,"dry_run":false}
batch=93 {"success":true,"platform":"lazada","merchant_id":"ffe8519e-49a2-467b-a0ec-57d28ba8be49","shop_id":"100184574113","processed":5,"updated":5,"errors":0,"api_error":null,"upsert_errors":[],"next_after_id":"32b70f64-34f2-4eed-8c35-6086d37dc111","has_more":true,"dry_run":false}
batch=94 {"success":true,"platform":"lazada","merchant_id":"ffe8519e-49a2-467b-a0ec-57d28ba8be49","shop_id":"100184574113","processed":5,"updated":5,"errors":0,"api_error":null,"upsert_errors":[],"next_after_id":"330c7b8a-759c-4b88-812b-bc9595f5c1c1","has_more":true,"dry_run":false}
batch=95 {"success":true,"platform":"lazada","merchant_id":"ffe8519e-49a2-467b-a0ec-57d28ba8be49","shop_id":"100184574113","processed":5,"updated":5,"errors":0,"api_error":null,"upsert_errors":[],"next_after_id":"33c5c628-f980-4125-9e19-219d5128df1c","has_more":true,"dry_run":false}
batch=96 {"success":true,"platform":"lazada","merchant_id":"ffe8519e-49a2-467b-a0ec-57d28ba8be49","shop_id":"100184574113","processed":5,"updated":5,"errors":0,"api_error":null,"upsert_errors":[],"next_after_id":"34ec7d93-7a56-4af1-bae6-9eedf2e79eb8","has_more":true,"dry_run":false}
batch=97 {"success":true,"platform":"lazada","merchant_id":"ffe8519e-49a2-467b-a0ec-57d28ba8be49","shop_id":"100184574113","processed":5,"updated":5,"errors":0,"api_error":null,"upsert_errors":[],"next_after_id":"3535fb03-2aef-43f7-8966-e87e4f5d4df0","has_more":true,"dry_run":false}
batch=98 {"success":true,"platform":"lazada","merchant_id":"ffe8519e-49a2-467b-a0ec-57d28ba8be49","shop_id":"100184574113","processed":5,"updated":5,"errors":0,"api_error":null,"upsert_errors":[],"next_after_id":"35e67b5e-f0dc-4ab4-80c8-7c22cb5d6e54","has_more":true,"dry_run":false}
batch=99 {"success":true,"platform":"lazada","merchant_id":"ffe8519e-49a2-467b-a0ec-57d28ba8be49","shop_id":"100184574113","processed":5,"updated":5,"errors":0,"api_error":null,"upsert_errors":[],"next_after_id":"366f6785-8f4c-4624-a39e-258beeb84c4b","has_more":true,"dry_run":false}
batch=100 {"success":true,"platform":"lazada","merchant_id":"ffe8519e-49a2-467b-a0ec-57d28ba8be49","shop_id":"100184574113","processed":5,"updated":5,"errors":0,"api_error":null,"upsert_errors":[],"next_after_id":"36e4b03f-5e70-48db-9567-879ddad4e260","has_more":true,"dry_run":false}
batch=101 {"success":true,"platform":"lazada","merchant_id":"ffe8519e-49a2-467b-a0ec-57d28ba8be49","shop_id":"100184574113","processed":5,"updated":5,"errors":0,"api_error":null,"upsert_errors":[],"next_after_id":"374f43e6-949e-4003-ae79-dbb8c8fc85cc","has_more":true,"dry_run":false}
batch=102 {"success":true,"platform":"lazada","merchant_id":"ffe8519e-49a2-467b-a0ec-57d28ba8be49","shop_id":"100184574113","processed":5,"updated":5,"errors":0,"api_error":null,"upsert_errors":[],"next_after_id":"378d2b1d-700a-4dad-82a1-0588f2edf773","has_more":true,"dry_run":false}
batch=103 {"success":true,"platform":"lazada","merchant_id":"ffe8519e-49a2-467b-a0ec-57d28ba8be49","shop_id":"100184574113","processed":5,"updated":5,"errors":0,"api_error":null,"upsert_errors":[],"next_after_id":"37ec843a-d8ba-4559-9c53-8a06f0eee7a1","has_more":true,"dry_run":false}
batch=104 {"success":true,"platform":"lazada","merchant_id":"ffe8519e-49a2-467b-a0ec-57d28ba8be49","shop_id":"100184574113","processed":5,"updated":5,"errors":0,"api_error":null,"upsert_errors":[],"next_after_id":"38b1b0fa-f584-477e-8d51-c35813cd9642","has_more":true,"dry_run":false}
batch=105 {"success":true,"platform":"lazada","merchant_id":"ffe8519e-49a2-467b-a0ec-57d28ba8be49","shop_id":"100184574113","processed":5,"updated":5,"errors":0,"api_error":null,"upsert_errors":[],"next_after_id":"391fc935-638d-418b-8bd3-20983f8b8bc0","has_more":true,"dry_run":false}
batch=106 {"success":true,"platform":"lazada","merchant_id":"ffe8519e-49a2-467b-a0ec-57d28ba8be49","shop_id":"100184574113","processed":5,"updated":5,"errors":0,"api_error":null,"upsert_errors":[],"next_after_id":"3988bcdc-60be-4f21-8efb-8eff0ddf1818","has_more":true,"dry_run":false}
batch=107 {"success":true,"platform":"lazada","merchant_id":"ffe8519e-49a2-467b-a0ec-57d28ba8be49","shop_id":"100184574113","processed":5,"updated":5,"errors":0,"api_error":null,"upsert_errors":[],"next_after_id":"39d262f4-79b4-4e7c-a1f1-340a70c02107","has_more":true,"dry_run":false}
batch=108 {"success":true,"platform":"lazada","merchant_id":"ffe8519e-49a2-467b-a0ec-57d28ba8be49","shop_id":"100184574113","processed":5,"updated":5,"errors":0,"api_error":null,"upsert_errors":[],"next_after_id":"3a187eb7-e218-416c-884b-1ae52f6a9fb0","has_more":true,"dry_run":false}
batch=109 {"success":true,"platform":"lazada","merchant_id":"ffe8519e-49a2-467b-a0ec-57d28ba8be49","shop_id":"100184574113","processed":5,"updated":5,"errors":0,"api_error":null,"upsert_errors":[],"next_after_id":"3a845601-ef2f-403b-bb0e-dc9c22b1faf2","has_more":true,"dry_run":false}
batch=110 {"success":true,"platform":"lazada","merchant_id":"ffe8519e-49a2-467b-a0ec-57d28ba8be49","shop_id":"100184574113","processed":5,"updated":5,"errors":0,"api_error":null,"upsert_errors":[],"next_after_id":"3ac289af-aec8-48c5-b4b0-bf6bfbcf2f5a","has_more":true,"dry_run":false}
batch=111 {"success":true,"platform":"lazada","merchant_id":"ffe8519e-49a2-467b-a0ec-57d28ba8be49","shop_id":"100184574113","processed":5,"updated":5,"errors":0,"api_error":null,"upsert_errors":[],"next_after_id":"3b1053e0-c975-4126-99b7-0a33762899ff","has_more":true,"dry_run":false}
batch=112 {"success":true,"platform":"lazada","merchant_id":"ffe8519e-49a2-467b-a0ec-57d28ba8be49","shop_id":"100184574113","processed":5,"updated":5,"errors":0,"api_error":null,"upsert_errors":[],"next_after_id":"3b801c25-a5b3-481c-85f6-c91c70706986","has_more":true,"dry_run":false}
batch=113 {"success":true,"platform":"lazada","merchant_id":"ffe8519e-49a2-467b-a0ec-57d28ba8be49","shop_id":"100184574113","processed":5,"updated":5,"errors":0,"api_error":null,"upsert_errors":[],"next_after_id":"3bc28101-657d-48fc-9ba0-245c18f6b2d2","has_more":true,"dry_run":false}
batch=114 {"success":true,"platform":"lazada","merchant_id":"ffe8519e-49a2-467b-a0ec-57d28ba8be49","shop_id":"100184574113","processed":5,"updated":5,"errors":0,"api_error":null,"upsert_errors":[],"next_after_id":"3c30b200-7a75-4dfa-82d9-7240fae8f336","has_more":true,"dry_run":false}
batch=115 {"success":true,"platform":"lazada","merchant_id":"ffe8519e-49a2-467b-a0ec-57d28ba8be49","shop_id":"100184574113","processed":5,"updated":5,"errors":0,"api_error":null,"upsert_errors":[],"next_after_id":"3c5e7821-91eb-42d3-a4c7-05454e9c0e78","has_more":true,"dry_run":false}
batch=116 {"success":true,"platform":"lazada","merchant_id":"ffe8519e-49a2-467b-a0ec-57d28ba8be49","shop_id":"100184574113","processed":5,"updated":5,"errors":0,"api_error":null,"upsert_errors":[],"next_after_id":"3cdaf1d1-14c8-4de0-b53e-3fd4af813d4b","has_more":true,"dry_run":false}
batch=117 {"success":true,"platform":"lazada","merchant_id":"ffe8519e-49a2-467b-a0ec-57d28ba8be49","shop_id":"100184574113","processed":5,"updated":5,"errors":0,"api_error":null,"upsert_errors":[],"next_after_id":"3d26a83e-4e2b-4bb7-92b5-527cc76b1b6f","has_more":true,"dry_run":false}
batch=118 {"success":true,"platform":"lazada","merchant_id":"ffe8519e-49a2-467b-a0ec-57d28ba8be49","shop_id":"100184574113","processed":5,"updated":5,"errors":0,"api_error":null,"upsert_errors":[],"next_after_id":"3dc4639c-066b-40b5-b782-8688260ce373","has_more":true,"dry_run":false}
batch=119 {"success":true,"platform":"lazada","merchant_id":"ffe8519e-49a2-467b-a0ec-57d28ba8be49","shop_id":"100184574113","processed":5,"updated":5,"errors":0,"api_error":null,"upsert_errors":[],"next_after_id":"3e576879-2077-454b-b3ac-b0c8730abd25","has_more":true,"dry_run":false}
batch=120 {"success":true,"platform":"lazada","merchant_id":"ffe8519e-49a2-467b-a0ec-57d28ba8be49","shop_id":"100184574113","processed":5,"updated":5,"errors":0,"api_error":null,"upsert_errors":[],"next_after_id":"3f15e073-c6c8-4787-9ba6-d816539a633b","has_more":true,"dry_run":false}
batch=121 {"success":true,"platform":"lazada","merchant_id":"ffe8519e-49a2-467b-a0ec-57d28ba8be49","shop_id":"100184574113","processed":5,"updated":5,"errors":0,"api_error":null,"upsert_errors":[],"next_after_id":"3fb59d38-8591-43cc-80a9-1fb4e06f1ebc","has_more":true,"dry_run":false}
batch=122 {"success":true,"platform":"lazada","merchant_id":"ffe8519e-49a2-467b-a0ec-57d28ba8be49","shop_id":"100184574113","processed":5,"updated":5,"errors":0,"api_error":null,"upsert_errors":[],"next_after_id":"408d9ae9-3824-4db3-ab07-702b34156604","has_more":true,"dry_run":false}
batch=123 {"success":true,"platform":"lazada","merchant_id":"ffe8519e-49a2-467b-a0ec-57d28ba8be49","shop_id":"100184574113","processed":5,"updated":5,"errors":0,"api_error":null,"upsert_errors":[],"next_after_id":"40f92fb9-f20a-450e-b7f9-16fa240378c9","has_more":true,"dry_run":false}
batch=124 {"success":true,"platform":"lazada","merchant_id":"ffe8519e-49a2-467b-a0ec-57d28ba8be49","shop_id":"100184574113","processed":5,"updated":5,"errors":0,"api_error":null,"upsert_errors":[],"next_after_id":"414fec2f-5970-4ece-acee-e3024900d914","has_more":true,"dry_run":false}
batch=125 {"success":true,"platform":"lazada","merchant_id":"ffe8519e-49a2-467b-a0ec-57d28ba8be49","shop_id":"100184574113","processed":5,"updated":5,"errors":0,"api_error":null,"upsert_errors":[],"next_after_id":"41cfc89e-2693-49a1-90cc-d0a74870a3ec","has_more":true,"dry_run":false}
batch=126 {"success":true,"platform":"lazada","merchant_id":"ffe8519e-49a2-467b-a0ec-57d28ba8be49","shop_id":"100184574113","processed":5,"updated":5,"errors":0,"api_error":null,"upsert_errors":[],"next_after_id":"425e4f98-fb1d-471f-8919-e12f65a697de","has_more":true,"dry_run":false}
batch=127 {"success":true,"platform":"lazada","merchant_id":"ffe8519e-49a2-467b-a0ec-57d28ba8be49","shop_id":"100184574113","processed":5,"updated":5,"errors":0,"api_error":null,"upsert_errors":[],"next_after_id":"42d12ba5-49df-44fa-9045-e8c4c5a047c7","has_more":true,"dry_run":false}
batch=128 {"success":true,"platform":"lazada","merchant_id":"ffe8519e-49a2-467b-a0ec-57d28ba8be49","shop_id":"100184574113","processed":5,"updated":5,"errors":0,"api_error":null,"upsert_errors":[],"next_after_id":"4321148c-0cc8-4fe5-9a16-91d459deffc5","has_more":true,"dry_run":false}
batch=129 {"success":true,"platform":"lazada","merchant_id":"ffe8519e-49a2-467b-a0ec-57d28ba8be49","shop_id":"100184574113","processed":5,"updated":5,"errors":0,"api_error":null,"upsert_errors":[],"next_after_id":"438ca3f3-099b-4084-bd76-c5c84c4dfb6c","has_more":true,"dry_run":false}
batch=130 {"success":true,"platform":"lazada","merchant_id":"ffe8519e-49a2-467b-a0ec-57d28ba8be49","shop_id":"100184574113","processed":5,"updated":5,"errors":0,"api_error":null,"upsert_errors":[],"next_after_id":"43e38cd5-c306-454e-93e2-936f1145c3b5","has_more":true,"dry_run":false}
batch=131 {"success":true,"platform":"lazada","merchant_id":"ffe8519e-49a2-467b-a0ec-57d28ba8be49","shop_id":"100184574113","processed":5,"updated":5,"errors":0,"api_error":null,"upsert_errors":[],"next_after_id":"4467a31a-94cb-44fa-899b-20bcb6455301","has_more":true,"dry_run":false}
batch=132 {"success":true,"platform":"lazada","merchant_id":"ffe8519e-49a2-467b-a0ec-57d28ba8be49","shop_id":"100184574113","processed":5,"updated":5,"errors":0,"api_error":null,"upsert_errors":[],"next_after_id":"44c84dd4-a44f-4ce7-b6b2-c1af080308d1","has_more":true,"dry_run":false}
batch=133 {"success":true,"platform":"lazada","merchant_id":"ffe8519e-49a2-467b-a0ec-57d28ba8be49","shop_id":"100184574113","processed":5,"updated":5,"errors":0,"api_error":null,"upsert_errors":[],"next_after_id":"4555814c-2cb2-4bf8-90a5-53e0efe135dd","has_more":true,"dry_run":false}
batch=134 {"success":true,"platform":"lazada","merchant_id":"ffe8519e-49a2-467b-a0ec-57d28ba8be49","shop_id":"100184574113","processed":5,"updated":5,"errors":0,"api_error":null,"upsert_errors":[],"next_after_id":"45db9a03-6d67-443e-a27a-77c6b75a163d","has_more":true,"dry_run":false}
batch=135 {"success":true,"platform":"lazada","merchant_id":"ffe8519e-49a2-467b-a0ec-57d28ba8be49","shop_id":"100184574113","processed":5,"updated":5,"errors":0,"api_error":null,"upsert_errors":[],"next_after_id":"46470864-4735-44bb-a53d-4293f0631b56","has_more":true,"dry_run":false}
batch=136 {"success":true,"platform":"lazada","merchant_id":"ffe8519e-49a2-467b-a0ec-57d28ba8be49","shop_id":"100184574113","processed":5,"updated":5,"errors":0,"api_error":null,"upsert_errors":[],"next_after_id":"4697f7b7-b38c-4d2d-a8d2-b62b9fb7fd10","has_more":true,"dry_run":false}
batch=137 {"success":true,"platform":"lazada","merchant_id":"ffe8519e-49a2-467b-a0ec-57d28ba8be49","shop_id":"100184574113","processed":5,"updated":5,"errors":0,"api_error":null,"upsert_errors":[],"next_after_id":"4784b6ef-2989-4345-8b1d-3c122082c203","has_more":true,"dry_run":false}
batch=138 {"success":true,"platform":"lazada","merchant_id":"ffe8519e-49a2-467b-a0ec-57d28ba8be49","shop_id":"100184574113","processed":5,"updated":5,"errors":0,"api_error":null,"upsert_errors":[],"next_after_id":"47c89521-cee5-4a06-be79-72736cca699a","has_more":true,"dry_run":false}
batch=139 {"success":true,"platform":"lazada","merchant_id":"ffe8519e-49a2-467b-a0ec-57d28ba8be49","shop_id":"100184574113","processed":5,"updated":5,"errors":0,"api_error":null,"upsert_errors":[],"next_after_id":"483c2a84-1aa0-4567-ae3a-d956fb1ee2d7","has_more":true,"dry_run":false}
batch=140 {"success":true,"platform":"lazada","merchant_id":"ffe8519e-49a2-467b-a0ec-57d28ba8be49","shop_id":"100184574113","processed":5,"updated":5,"errors":0,"api_error":null,"upsert_errors":[],"next_after_id":"48acc187-41ec-4a10-b5da-3616dce57e2b","has_more":true,"dry_run":false}
batch=141 {"success":true,"platform":"lazada","merchant_id":"ffe8519e-49a2-467b-a0ec-57d28ba8be49","shop_id":"100184574113","processed":5,"updated":5,"errors":0,"api_error":null,"upsert_errors":[],"next_after_id":"4926efdc-bc4d-4709-90cc-33ee1b3027dd","has_more":true,"dry_run":false}
batch=142 {"success":true,"platform":"lazada","merchant_id":"ffe8519e-49a2-467b-a0ec-57d28ba8be49","shop_id":"100184574113","processed":5,"updated":5,"errors":0,"api_error":null,"upsert_errors":[],"next_after_id":"498191ef-5834-4315-84ca-e457e848a98b","has_more":true,"dry_run":false}
batch=143 {"success":true,"platform":"lazada","merchant_id":"ffe8519e-49a2-467b-a0ec-57d28ba8be49","shop_id":"100184574113","processed":5,"updated":5,"errors":0,"api_error":null,"upsert_errors":[],"next_after_id":"49b98dbe-2de4-4e4b-a316-d52acc4eab4b","has_more":true,"dry_run":false}
batch=144 {"success":true,"platform":"lazada","merchant_id":"ffe8519e-49a2-467b-a0ec-57d28ba8be49","shop_id":"100184574113","processed":5,"updated":5,"errors":0,"api_error":null,"upsert_errors":[],"next_after_id":"4a9370df-3d61-484a-995a-e3fc300d6516","has_more":true,"dry_run":false}
batch=145 {"success":true,"platform":"lazada","merchant_id":"ffe8519e-49a2-467b-a0ec-57d28ba8be49","shop_id":"100184574113","processed":5,"updated":5,"errors":0,"api_error":null,"upsert_errors":[],"next_after_id":"4b2349eb-77c1-4e35-9fda-6abf1405c101","has_more":true,"dry_run":false}
batch=146 {"success":true,"platform":"lazada","merchant_id":"ffe8519e-49a2-467b-a0ec-57d28ba8be49","shop_id":"100184574113","processed":5,"updated":5,"errors":0,"api_error":null,"upsert_errors":[],"next_after_id":"4b8cbdbf-20a3-401f-839f-c8bc3c661b82","has_more":true,"dry_run":false}
batch=147 {"success":true,"platform":"lazada","merchant_id":"ffe8519e-49a2-467b-a0ec-57d28ba8be49","shop_id":"100184574113","processed":5,"updated":5,"errors":0,"api_error":null,"upsert_errors":[],"next_after_id":"4be03800-f497-4b3e-bb0f-fcd0d3f90fea","has_more":true,"dry_run":false}
batch=148 {"success":true,"platform":"lazada","merchant_id":"ffe8519e-49a2-467b-a0ec-57d28ba8be49","shop_id":"100184574113","processed":5,"updated":5,"errors":0,"api_error":null,"upsert_errors":[],"next_after_id":"4c75907a-7629-4cd6-a001-395288548a47","has_more":true,"dry_run":false}
batch=149 {"success":true,"platform":"lazada","merchant_id":"ffe8519e-49a2-467b-a0ec-57d28ba8be49","shop_id":"100184574113","processed":5,"updated":5,"errors":0,"api_error":null,"upsert_errors":[],"next_after_id":"4cdf1634-907e-4abb-ada8-82c341f38e47","has_more":true,"dry_run":false}
batch=150 {"success":true,"platform":"lazada","merchant_id":"ffe8519e-49a2-467b-a0ec-57d28ba8be49","shop_id":"100184574113","processed":5,"updated":5,"errors":0,"api_error":null,"upsert_errors":[],"next_after_id":"4d506771-094c-415b-96b1-5a31f669416e","has_more":true,"dry_run":false}
batch=151 {"success":true,"platform":"lazada","merchant_id":"ffe8519e-49a2-467b-a0ec-57d28ba8be49","shop_id":"100184574113","processed":5,"updated":5,"errors":0,"api_error":null,"upsert_errors":[],"next_after_id":"4ddafe93-5849-48f4-a6a1-10007614c145","has_more":true,"dry_run":false}
batch=152 {"success":true,"platform":"lazada","merchant_id":"ffe8519e-49a2-467b-a0ec-57d28ba8be49","shop_id":"100184574113","processed":5,"updated":5,"errors":0,"api_error":null,"upsert_errors":[],"next_after_id":"4e1411b8-1d43-4277-a124-9f1681a7133e","has_more":true,"dry_run":false}
batch=153 {"success":true,"platform":"lazada","merchant_id":"ffe8519e-49a2-467b-a0ec-57d28ba8be49","shop_id":"100184574113","processed":5,"updated":5,"errors":0,"api_error":null,"upsert_errors":[],"next_after_id":"4ecf0ff2-cdff-44f5-b71f-55a74e81c244","has_more":true,"dry_run":false}
batch=154 {"success":true,"platform":"lazada","merchant_id":"ffe8519e-49a2-467b-a0ec-57d28ba8be49","shop_id":"100184574113","processed":5,"updated":5,"errors":0,"api_error":null,"upsert_errors":[],"next_after_id":"4f2606de-7706-45d9-9e19-9ab1f0d8e0db","has_more":true,"dry_run":false}
batch=155 {"success":true,"platform":"lazada","merchant_id":"ffe8519e-49a2-467b-a0ec-57d28ba8be49","shop_id":"100184574113","processed":5,"updated":5,"errors":0,"api_error":null,"upsert_errors":[],"next_after_id":"5025687d-6a5c-4751-b03e-23f01a5d2664","has_more":true,"dry_run":false}
batch=156 {"success":true,"platform":"lazada","merchant_id":"ffe8519e-49a2-467b-a0ec-57d28ba8be49","shop_id":"100184574113","processed":5,"updated":5,"errors":0,"api_error":null,"upsert_errors":[],"next_after_id":"50ad951d-50ac-4c39-8dfe-a17684685af0","has_more":true,"dry_run":false}
batch=157 {"success":true,"platform":"lazada","merchant_id":"ffe8519e-49a2-467b-a0ec-57d28ba8be49","shop_id":"100184574113","processed":5,"updated":5,"errors":0,"api_error":null,"upsert_errors":[],"next_after_id":"51208b53-e8ad-4373-8a40-801e9040e90b","has_more":true,"dry_run":false}
batch=158 {"success":true,"platform":"lazada","merchant_id":"ffe8519e-49a2-467b-a0ec-57d28ba8be49","shop_id":"100184574113","processed":5,"updated":5,"errors":0,"api_error":null,"upsert_errors":[],"next_after_id":"519f5184-1d81-4c9c-8bea-09bea274b496","has_more":true,"dry_run":false}
batch=159 {"success":true,"platform":"lazada","merchant_id":"ffe8519e-49a2-467b-a0ec-57d28ba8be49","shop_id":"100184574113","processed":5,"updated":5,"errors":0,"api_error":null,"upsert_errors":[],"next_after_id":"5226f9d4-f8f4-43e7-b258-598e9aaa8f38","has_more":true,"dry_run":false}
batch=160 {"success":true,"platform":"lazada","merchant_id":"ffe8519e-49a2-467b-a0ec-57d28ba8be49","shop_id":"100184574113","processed":5,"updated":5,"errors":0,"api_error":null,"upsert_errors":[],"next_after_id":"5280c955-0c02-4c1a-8f28-d7c7985535ec","has_more":true,"dry_run":false}
batch=161 {"success":true,"platform":"lazada","merchant_id":"ffe8519e-49a2-467b-a0ec-57d28ba8be49","shop_id":"100184574113","processed":5,"updated":5,"errors":0,"api_error":null,"upsert_errors":[],"next_after_id":"52f019a1-a75f-4309-a6a6-92123116a5d6","has_more":true,"dry_run":false}
batch=162 {"success":true,"platform":"lazada","merchant_id":"ffe8519e-49a2-467b-a0ec-57d28ba8be49","shop_id":"100184574113","processed":5,"updated":5,"errors":0,"api_error":null,"upsert_errors":[],"next_after_id":"53b551d8-1615-4001-a2bc-7a6af0817d38","has_more":true,"dry_run":false}
batch=163 {"success":true,"platform":"lazada","merchant_id":"ffe8519e-49a2-467b-a0ec-57d28ba8be49","shop_id":"100184574113","processed":5,"updated":5,"errors":0,"api_error":null,"upsert_errors":[],"next_after_id":"549250bf-81fb-4017-b306-00ad892d1908","has_more":true,"dry_run":false}
batch=164 {"success":true,"platform":"lazada","merchant_id":"ffe8519e-49a2-467b-a0ec-57d28ba8be49","shop_id":"100184574113","processed":5,"updated":5,"errors":0,"api_error":null,"upsert_errors":[],"next_after_id":"54f57a7c-c3ae-44fa-aac5-9db83a3ac5da","has_more":true,"dry_run":false}
batch=165 {"success":true,"platform":"lazada","merchant_id":"ffe8519e-49a2-467b-a0ec-57d28ba8be49","shop_id":"100184574113","processed":5,"updated":5,"errors":0,"api_error":null,"upsert_errors":[],"next_after_id":"553bfc01-b206-4f72-86d1-e3ceed9578f7","has_more":true,"dry_run":false}
batch=166 {"success":true,"platform":"lazada","merchant_id":"ffe8519e-49a2-467b-a0ec-57d28ba8be49","shop_id":"100184574113","processed":5,"updated":5,"errors":0,"api_error":null,"upsert_errors":[],"next_after_id":"55786da9-271f-43cf-9f7d-6abf13646b57","has_more":true,"dry_run":false}
batch=167 {"success":true,"platform":"lazada","merchant_id":"ffe8519e-49a2-467b-a0ec-57d28ba8be49","shop_id":"100184574113","processed":5,"updated":5,"errors":0,"api_error":null,"upsert_errors":[],"next_after_id":"5624af80-2c33-41a5-91f1-aba737c59b4f","has_more":true,"dry_run":false}
batch=168 {"success":true,"platform":"lazada","merchant_id":"ffe8519e-49a2-467b-a0ec-57d28ba8be49","shop_id":"100184574113","processed":5,"updated":5,"errors":0,"api_error":null,"upsert_errors":[],"next_after_id":"56cf1f0c-c073-4119-9f57-3b46919d58e2","has_more":true,"dry_run":false}
batch=169 {"success":true,"platform":"lazada","merchant_id":"ffe8519e-49a2-467b-a0ec-57d28ba8be49","shop_id":"100184574113","processed":5,"updated":5,"errors":0,"api_error":null,"upsert_errors":[],"next_after_id":"5774cc15-4669-4ec8-8c1e-5a9ca42955b9","has_more":true,"dry_run":false}
batch=170 {"success":true,"platform":"lazada","merchant_id":"ffe8519e-49a2-467b-a0ec-57d28ba8be49","shop_id":"100184574113","processed":5,"updated":5,"errors":0,"api_error":null,"upsert_errors":[],"next_after_id":"57b93d47-18e8-4fbb-9151-1542f90e5e75","has_more":true,"dry_run":false}
batch=171 {"success":true,"platform":"lazada","merchant_id":"ffe8519e-49a2-467b-a0ec-57d28ba8be49","shop_id":"100184574113","processed":5,"updated":5,"errors":0,"api_error":null,"upsert_errors":[],"next_after_id":"5810b985-0ca6-4a30-bd22-ce8752f4407f","has_more":true,"dry_run":false}
batch=172 {"success":true,"platform":"lazada","merchant_id":"ffe8519e-49a2-467b-a0ec-57d28ba8be49","shop_id":"100184574113","processed":5,"updated":5,"errors":0,"api_error":null,"upsert_errors":[],"next_after_id":"58b95432-029f-41d7-8cc9-837b688af96c","has_more":true,"dry_run":false}
batch=173 {"success":true,"platform":"lazada","merchant_id":"ffe8519e-49a2-467b-a0ec-57d28ba8be49","shop_id":"100184574113","processed":5,"updated":5,"errors":0,"api_error":null,"upsert_errors":[],"next_after_id":"594e92cd-5c22-42eb-ac27-893da1a70944","has_more":true,"dry_run":false}
batch=174 {"success":true,"platform":"lazada","merchant_id":"ffe8519e-49a2-467b-a0ec-57d28ba8be49","shop_id":"100184574113","processed":5,"updated":5,"errors":0,"api_error":null,"upsert_errors":[],"next_after_id":"59d78a37-8071-43ae-b51a-7b52feee66f2","has_more":true,"dry_run":false}
batch=175 {"success":true,"platform":"lazada","merchant_id":"ffe8519e-49a2-467b-a0ec-57d28ba8be49","shop_id":"100184574113","processed":5,"updated":5,"errors":0,"api_error":null,"upsert_errors":[],"next_after_id":"5a666c14-8ab1-4ff2-acf0-7ed7110f9f9a","has_more":true,"dry_run":false}
batch=176 {"success":true,"platform":"lazada","merchant_id":"ffe8519e-49a2-467b-a0ec-57d28ba8be49","shop_id":"100184574113","processed":5,"updated":5,"errors":0,"api_error":null,"upsert_errors":[],"next_after_id":"5b62963c-f596-4918-8f06-2a5317a1cf36","has_more":true,"dry_run":false}
batch=177 {"success":true,"platform":"lazada","merchant_id":"ffe8519e-49a2-467b-a0ec-57d28ba8be49","shop_id":"100184574113","processed":5,"updated":5,"errors":0,"api_error":null,"upsert_errors":[],"next_after_id":"5bc8925c-17a0-4c55-b2e2-cd22ae1cf073","has_more":true,"dry_run":false}
batch=178 {"success":true,"platform":"lazada","merchant_id":"ffe8519e-49a2-467b-a0ec-57d28ba8be49","shop_id":"100184574113","processed":5,"updated":5,"errors":0,"api_error":null,"upsert_errors":[],"next_after_id":"5c9cc183-933e-429c-8733-e56340745431","has_more":true,"dry_run":false}
batch=179 {"success":true,"platform":"lazada","merchant_id":"ffe8519e-49a2-467b-a0ec-57d28ba8be49","shop_id":"100184574113","processed":5,"updated":5,"errors":0,"api_error":null,"upsert_errors":[],"next_after_id":"5cd2f63b-2bda-4bb0-ad3b-aac8ad0c0e6e","has_more":true,"dry_run":false}
batch=180 {"success":true,"platform":"lazada","merchant_id":"ffe8519e-49a2-467b-a0ec-57d28ba8be49","shop_id":"100184574113","processed":5,"updated":5,"errors":0,"api_error":null,"upsert_errors":[],"next_after_id":"5d8531ff-f7ef-4fbd-af1b-6cdb70b27292","has_more":true,"dry_run":false}
batch=181 {"success":true,"platform":"lazada","merchant_id":"ffe8519e-49a2-467b-a0ec-57d28ba8be49","shop_id":"100184574113","processed":5,"updated":5,"errors":0,"api_error":null,"upsert_errors":[],"next_after_id":"5e4213b8-1c38-412a-8e9c-a645ca6cfa09","has_more":true,"dry_run":false}
batch=182 {"success":true,"platform":"lazada","merchant_id":"ffe8519e-49a2-467b-a0ec-57d28ba8be49","shop_id":"100184574113","processed":5,"updated":5,"errors":0,"api_error":null,"upsert_errors":[],"next_after_id":"5ee69c22-6917-44d1-8899-2e5d79571fd6","has_more":true,"dry_run":false}
batch=183 {"success":true,"platform":"lazada","merchant_id":"ffe8519e-49a2-467b-a0ec-57d28ba8be49","shop_id":"100184574113","processed":5,"updated":5,"errors":0,"api_error":null,"upsert_errors":[],"next_after_id":"5f79617d-0691-4979-9801-649e604ff20b","has_more":true,"dry_run":false}
batch=184 {"success":true,"platform":"lazada","merchant_id":"ffe8519e-49a2-467b-a0ec-57d28ba8be49","shop_id":"100184574113","processed":5,"updated":5,"errors":0,"api_error":null,"upsert_errors":[],"next_after_id":"5fdc5ee5-e2c7-4515-8ad4-131c1b08f950","has_more":true,"dry_run":false}
batch=185 {"success":true,"platform":"lazada","merchant_id":"ffe8519e-49a2-467b-a0ec-57d28ba8be49","shop_id":"100184574113","processed":5,"updated":5,"errors":0,"api_error":null,"upsert_errors":[],"next_after_id":"60ec634f-2b87-45e9-a528-c17bbca4e53c","has_more":true,"dry_run":false}
batch=186 {"success":true,"platform":"lazada","merchant_id":"ffe8519e-49a2-467b-a0ec-57d28ba8be49","shop_id":"100184574113","processed":5,"updated":5,"errors":0,"api_error":null,"upsert_errors":[],"next_after_id":"612110d4-3981-4fef-97fd-c383af52307e","has_more":true,"dry_run":false}
batch=187 {"success":true,"platform":"lazada","merchant_id":"ffe8519e-49a2-467b-a0ec-57d28ba8be49","shop_id":"100184574113","processed":5,"updated":5,"errors":0,"api_error":null,"upsert_errors":[],"next_after_id":"616f3b5a-7d6c-43e8-bc4f-ebde8e104133","has_more":true,"dry_run":false}
batch=188 {"success":true,"platform":"lazada","merchant_id":"ffe8519e-49a2-467b-a0ec-57d28ba8be49","shop_id":"100184574113","processed":5,"updated":5,"errors":0,"api_error":null,"upsert_errors":[],"next_after_id":"61d889eb-a84f-4643-a7a9-f9103f0f840e","has_more":true,"dry_run":false}
batch=189 {"success":true,"platform":"lazada","merchant_id":"ffe8519e-49a2-467b-a0ec-57d28ba8be49","shop_id":"100184574113","processed":5,"updated":5,"errors":0,"api_error":null,"upsert_errors":[],"next_after_id":"625bcd27-1933-450b-838a-b5ec152fc0f5","has_more":true,"dry_run":false}
batch=190 {"success":true,"platform":"lazada","merchant_id":"ffe8519e-49a2-467b-a0ec-57d28ba8be49","shop_id":"100184574113","processed":5,"updated":5,"errors":0,"api_error":null,"upsert_errors":[],"next_after_id":"62e78d53-6f0d-407f-b671-d5656ba13214","has_more":true,"dry_run":false}
batch=191 {"success":true,"platform":"lazada","merchant_id":"ffe8519e-49a2-467b-a0ec-57d28ba8be49","shop_id":"100184574113","processed":5,"updated":5,"errors":0,"api_error":null,"upsert_errors":[],"next_after_id":"635ecb53-871f-4e4a-b7f7-dd291c257bf8","has_more":true,"dry_run":false}
batch=192 {"success":true,"platform":"lazada","merchant_id":"ffe8519e-49a2-467b-a0ec-57d28ba8be49","shop_id":"100184574113","processed":5,"updated":5,"errors":0,"api_error":null,"upsert_errors":[],"next_after_id":"63fde09f-7ced-438a-aae2-c3e6f030ce67","has_more":true,"dry_run":false}
batch=193 {"success":true,"platform":"lazada","merchant_id":"ffe8519e-49a2-467b-a0ec-57d28ba8be49","shop_id":"100184574113","processed":5,"updated":5,"errors":0,"api_error":null,"upsert_errors":[],"next_after_id":"64832f56-fe6c-45a5-914e-18b287315c04","has_more":true,"dry_run":false}
batch=194 {"success":true,"platform":"lazada","merchant_id":"ffe8519e-49a2-467b-a0ec-57d28ba8be49","shop_id":"100184574113","processed":5,"updated":5,"errors":0,"api_error":null,"upsert_errors":[],"next_after_id":"64d69ab7-61c6-453e-bc46-d1bcc3f9696f","has_more":true,"dry_run":false}
batch=195 {"success":true,"platform":"lazada","merchant_id":"ffe8519e-49a2-467b-a0ec-57d28ba8be49","shop_id":"100184574113","processed":5,"updated":5,"errors":0,"api_error":null,"upsert_errors":[],"next_after_id":"64e11302-c469-40b4-8f0a-dd6be63b704e","has_more":true,"dry_run":false}
batch=196 {"success":true,"platform":"lazada","merchant_id":"ffe8519e-49a2-467b-a0ec-57d28ba8be49","shop_id":"100184574113","processed":5,"updated":5,"errors":0,"api_error":null,"upsert_errors":[],"next_after_id":"65146dc2-7c24-4008-aef6-f3fa4b42c185","has_more":true,"dry_run":false}
batch=197 {"success":true,"platform":"lazada","merchant_id":"ffe8519e-49a2-467b-a0ec-57d28ba8be49","shop_id":"100184574113","processed":5,"updated":5,"errors":0,"api_error":null,"upsert_errors":[],"next_after_id":"659f5b1e-75aa-4cf6-83cc-ee611f8bb915","has_more":true,"dry_run":false}
batch=198 {"success":true,"platform":"lazada","merchant_id":"ffe8519e-49a2-467b-a0ec-57d28ba8be49","shop_id":"100184574113","processed":5,"updated":5,"errors":0,"api_error":null,"upsert_errors":[],"next_after_id":"66009e8e-64a2-494d-bad5-f2d15d932038","has_more":true,"dry_run":false}
batch=199 {"success":true,"platform":"lazada","merchant_id":"ffe8519e-49a2-467b-a0ec-57d28ba8be49","shop_id":"100184574113","processed":5,"updated":5,"errors":0,"api_error":null,"upsert_errors":[],"next_after_id":"669c9ffd-c2c3-4777-8313-9bd69956e1a7","has_more":true,"dry_run":false}
batch=200 {"success":true,"platform":"lazada","merchant_id":"ffe8519e-49a2-467b-a0ec-57d28ba8be49","shop_id":"100184574113","processed":5,"updated":5,"errors":0,"api_error":null,"upsert_errors":[],"next_after_id":"674723ed-0725-4eb9-990b-16af5dea9930","has_more":true,"dry_run":false}
batch=201 {"success":true,"platform":"lazada","merchant_id":"ffe8519e-49a2-467b-a0ec-57d28ba8be49","shop_id":"100184574113","processed":5,"updated":5,"errors":0,"api_error":null,"upsert_errors":[],"next_after_id":"6792005c-bf4c-4a1c-a7f0-bb2122f824c5","has_more":true,"dry_run":false}
batch=202 {"success":true,"platform":"lazada","merchant_id":"ffe8519e-49a2-467b-a0ec-57d28ba8be49","shop_id":"100184574113","processed":5,"updated":5,"errors":0,"api_error":null,"upsert_errors":[],"next_after_id":"67cd801d-5eb6-4116-b670-7cbc3a4493ba","has_more":true,"dry_run":false}
batch=203 {"success":true,"platform":"lazada","merchant_id":"ffe8519e-49a2-467b-a0ec-57d28ba8be49","shop_id":"100184574113","processed":5,"updated":5,"errors":0,"api_error":null,"upsert_errors":[],"next_after_id":"680da68d-6a77-4c14-b7ea-6c502e10f4d6","has_more":true,"dry_run":false}
batch=204 {"success":true,"platform":"lazada","merchant_id":"ffe8519e-49a2-467b-a0ec-57d28ba8be49","shop_id":"100184574113","processed":5,"updated":5,"errors":0,"api_error":null,"upsert_errors":[],"next_after_id":"68b36ec9-9634-4a95-ae4e-0425458ca78f","has_more":true,"dry_run":false}
batch=205 {"success":true,"platform":"lazada","merchant_id":"ffe8519e-49a2-467b-a0ec-57d28ba8be49","shop_id":"100184574113","processed":5,"updated":5,"errors":0,"api_error":null,"upsert_errors":[],"next_after_id":"68e17aa7-cef0-4366-a653-e28c576f15fe","has_more":true,"dry_run":false}
batch=206 {"success":true,"platform":"lazada","merchant_id":"ffe8519e-49a2-467b-a0ec-57d28ba8be49","shop_id":"100184574113","processed":5,"updated":5,"errors":0,"api_error":null,"upsert_errors":[],"next_after_id":"6992fc3c-aac7-4386-a5f7-909fcb96a153","has_more":true,"dry_run":false}
batch=207 {"success":true,"platform":"lazada","merchant_id":"ffe8519e-49a2-467b-a0ec-57d28ba8be49","shop_id":"100184574113","processed":5,"updated":5,"errors":0,"api_error":null,"upsert_errors":[],"next_after_id":"6a1156f9-3ddf-48ee-b0d9-d627e53d0849","has_more":true,"dry_run":false}
batch=208 {"success":true,"platform":"lazada","merchant_id":"ffe8519e-49a2-467b-a0ec-57d28ba8be49","shop_id":"100184574113","processed":5,"updated":5,"errors":0,"api_error":null,"upsert_errors":[],"next_after_id":"6a83cd54-f2f8-4905-8abe-79c8f981d484","has_more":true,"dry_run":false}
batch=209 {"success":true,"platform":"lazada","merchant_id":"ffe8519e-49a2-467b-a0ec-57d28ba8be49","shop_id":"100184574113","processed":5,"updated":5,"errors":0,"api_error":null,"upsert_errors":[],"next_after_id":"6b330172-511c-4073-b5f2-9b61816aaa09","has_more":true,"dry_run":false}
batch=210 {"success":true,"platform":"lazada","merchant_id":"ffe8519e-49a2-467b-a0ec-57d28ba8be49","shop_id":"100184574113","processed":5,"updated":5,"errors":0,"api_error":null,"upsert_errors":[],"next_after_id":"6bc9655d-01ff-4316-a13c-36942dacd5d6","has_more":true,"dry_run":false}
batch=211 {"success":true,"platform":"lazada","merchant_id":"ffe8519e-49a2-467b-a0ec-57d28ba8be49","shop_id":"100184574113","processed":5,"updated":5,"errors":0,"api_error":null,"upsert_errors":[],"next_after_id":"6be2c40c-5d0e-4dce-9477-a145854d7f1a","has_more":true,"dry_run":false}
batch=212 {"success":true,"platform":"lazada","merchant_id":"ffe8519e-49a2-467b-a0ec-57d28ba8be49","shop_id":"100184574113","processed":5,"updated":5,"errors":0,"api_error":null,"upsert_errors":[],"next_after_id":"6c85d714-a559-4965-acf3-5293c79b55d1","has_more":true,"dry_run":false}
batch=213 {"success":true,"platform":"lazada","merchant_id":"ffe8519e-49a2-467b-a0ec-57d28ba8be49","shop_id":"100184574113","processed":5,"updated":5,"errors":0,"api_error":null,"upsert_errors":[],"next_after_id":"6d02a0f1-0927-4e81-8bd1-69ebc78ae4b8","has_more":true,"dry_run":false}
batch=214 {"success":true,"platform":"lazada","merchant_id":"ffe8519e-49a2-467b-a0ec-57d28ba8be49","shop_id":"100184574113","processed":5,"updated":5,"errors":0,"api_error":null,"upsert_errors":[],"next_after_id":"6d3b29bc-c706-4fcf-b675-939ab59543ea","has_more":true,"dry_run":false}
batch=215 {"success":true,"platform":"lazada","merchant_id":"ffe8519e-49a2-467b-a0ec-57d28ba8be49","shop_id":"100184574113","processed":5,"updated":5,"errors":0,"api_error":null,"upsert_errors":[],"next_after_id":"6df327c9-1a06-4127-a975-0301beb45d4e","has_more":true,"dry_run":false}
batch=216 {"success":true,"platform":"lazada","merchant_id":"ffe8519e-49a2-467b-a0ec-57d28ba8be49","shop_id":"100184574113","processed":5,"updated":5,"errors":0,"api_error":null,"upsert_errors":[],"next_after_id":"6ee0f30b-7a91-4cf4-baeb-bdc2041dbbfb","has_more":true,"dry_run":false}
batch=217 {"success":true,"platform":"lazada","merchant_id":"ffe8519e-49a2-467b-a0ec-57d28ba8be49","shop_id":"100184574113","processed":5,"updated":5,"errors":0,"api_error":null,"upsert_errors":[],"next_after_id":"6f4f88b2-e4dd-40a7-b40c-d1f8e63b1091","has_more":true,"dry_run":false}
batch=218 {"success":true,"platform":"lazada","merchant_id":"ffe8519e-49a2-467b-a0ec-57d28ba8be49","shop_id":"100184574113","processed":5,"updated":5,"errors":0,"api_error":null,"upsert_errors":[],"next_after_id":"6fbb26c0-1f9f-44c3-b376-d826e9b465fc","has_more":true,"dry_run":false}
batch=219 {"success":true,"platform":"lazada","merchant_id":"ffe8519e-49a2-467b-a0ec-57d28ba8be49","shop_id":"100184574113","processed":5,"updated":5,"errors":0,"api_error":null,"upsert_errors":[],"next_after_id":"711c94ec-263c-4453-9268-b4761095e420","has_more":true,"dry_run":false}
batch=220 {"success":true,"platform":"lazada","merchant_id":"ffe8519e-49a2-467b-a0ec-57d28ba8be49","shop_id":"100184574113","processed":5,"updated":5,"errors":0,"api_error":null,"upsert_errors":[],"next_after_id":"717a4d53-95f1-413a-9627-0a74f0958ce9","has_more":true,"dry_run":false}
batch=221 {"success":true,"platform":"lazada","merchant_id":"ffe8519e-49a2-467b-a0ec-57d28ba8be49","shop_id":"100184574113","processed":5,"updated":5,"errors":0,"api_error":null,"upsert_errors":[],"next_after_id":"72252dba-f46b-45dc-a883-60c68edee51a","has_more":true,"dry_run":false}
batch=222 {"success":true,"platform":"lazada","merchant_id":"ffe8519e-49a2-467b-a0ec-57d28ba8be49","shop_id":"100184574113","processed":5,"updated":5,"errors":0,"api_error":null,"upsert_errors":[],"next_after_id":"729857d4-9235-43ac-872a-2870569b76f2","has_more":true,"dry_run":false}
batch=223 {"success":true,"platform":"lazada","merchant_id":"ffe8519e-49a2-467b-a0ec-57d28ba8be49","shop_id":"100184574113","processed":5,"updated":5,"errors":0,"api_error":null,"upsert_errors":[],"next_after_id":"732127b4-9af5-4c85-881b-454393411ecf","has_more":true,"dry_run":false}
batch=224 {"success":true,"platform":"lazada","merchant_id":"ffe8519e-49a2-467b-a0ec-57d28ba8be49","shop_id":"100184574113","processed":5,"updated":5,"errors":0,"api_error":null,"upsert_errors":[],"next_after_id":"7386ac38-25d2-4c85-98e7-62577110e653","has_more":true,"dry_run":false}
batch=225 {"success":true,"platform":"lazada","merchant_id":"ffe8519e-49a2-467b-a0ec-57d28ba8be49","shop_id":"100184574113","processed":5,"updated":5,"errors":0,"api_error":null,"upsert_errors":[],"next_after_id":"74668d45-8dbf-4b15-8e9f-e9b2fef862b0","has_more":true,"dry_run":false}
batch=226 {"success":true,"platform":"lazada","merchant_id":"ffe8519e-49a2-467b-a0ec-57d28ba8be49","shop_id":"100184574113","processed":5,"updated":5,"errors":0,"api_error":null,"upsert_errors":[],"next_after_id":"75132e6c-084f-4f75-87f3-69cf74ae815b","has_more":true,"dry_run":false}
batch=227 {"success":true,"platform":"lazada","merchant_id":"ffe8519e-49a2-467b-a0ec-57d28ba8be49","shop_id":"100184574113","processed":5,"updated":5,"errors":0,"api_error":null,"upsert_errors":[],"next_after_id":"7562cd8a-f764-4792-9b4f-c1bdad29cf7e","has_more":true,"dry_run":false}
batch=228 {"success":true,"platform":"lazada","merchant_id":"ffe8519e-49a2-467b-a0ec-57d28ba8be49","shop_id":"100184574113","processed":5,"updated":5,"errors":0,"api_error":null,"upsert_errors":[],"next_after_id":"761782ed-aa92-4142-99ee-7c47df29b5b1","has_more":true,"dry_run":false}
batch=229 {"success":true,"platform":"lazada","merchant_id":"ffe8519e-49a2-467b-a0ec-57d28ba8be49","shop_id":"100184574113","processed":5,"updated":5,"errors":0,"api_error":null,"upsert_errors":[],"next_after_id":"767945cb-1a97-4053-86b9-22ee7c11b92b","has_more":true,"dry_run":false}
batch=230 {"success":true,"platform":"lazada","merchant_id":"ffe8519e-49a2-467b-a0ec-57d28ba8be49","shop_id":"100184574113","processed":5,"updated":5,"errors":0,"api_error":null,"upsert_errors":[],"next_after_id":"77b92341-9ed5-493e-b3a1-f4f5f97d4f5d","has_more":true,"dry_run":false}
batch=231 {"success":true,"platform":"lazada","merchant_id":"ffe8519e-49a2-467b-a0ec-57d28ba8be49","shop_id":"100184574113","processed":5,"updated":5,"errors":0,"api_error":null,"upsert_errors":[],"next_after_id":"782c7e3d-3fe4-4f2a-81f4-52a6d9e428bd","has_more":true,"dry_run":false}
batch=232 {"success":true,"platform":"lazada","merchant_id":"ffe8519e-49a2-467b-a0ec-57d28ba8be49","shop_id":"100184574113","processed":5,"updated":5,"errors":0,"api_error":null,"upsert_errors":[],"next_after_id":"78ac3563-46a4-4c5d-a054-92870a2fe178","has_more":true,"dry_run":false}
batch=233 {"success":true,"platform":"lazada","merchant_id":"ffe8519e-49a2-467b-a0ec-57d28ba8be49","shop_id":"100184574113","processed":5,"updated":5,"errors":0,"api_error":null,"upsert_errors":[],"next_after_id":"7961930e-236b-4fa5-ba62-31712baf1e9c","has_more":true,"dry_run":false}
batch=234 {"success":true,"platform":"lazada","merchant_id":"ffe8519e-49a2-467b-a0ec-57d28ba8be49","shop_id":"100184574113","processed":5,"updated":5,"errors":0,"api_error":null,"upsert_errors":[],"next_after_id":"79e4cd11-aa8e-4d75-91e0-8da2bc368c38","has_more":true,"dry_run":false}
batch=235 {"success":true,"platform":"lazada","merchant_id":"ffe8519e-49a2-467b-a0ec-57d28ba8be49","shop_id":"100184574113","processed":5,"updated":5,"errors":0,"api_error":null,"upsert_errors":[],"next_after_id":"7a48e486-8e5e-426a-bc33-10b58fbdee07","has_more":true,"dry_run":false}
batch=236 {"success":true,"platform":"lazada","merchant_id":"ffe8519e-49a2-467b-a0ec-57d28ba8be49","shop_id":"100184574113","processed":5,"updated":5,"errors":0,"api_error":null,"upsert_errors":[],"next_after_id":"7abd18e6-f38b-4205-a457-8ccff82c0917","has_more":true,"dry_run":false}
batch=237 {"success":true,"platform":"lazada","merchant_id":"ffe8519e-49a2-467b-a0ec-57d28ba8be49","shop_id":"100184574113","processed":5,"updated":5,"errors":0,"api_error":null,"upsert_errors":[],"next_after_id":"7b4ab91a-a4a4-4406-9bff-3569769ed7fc","has_more":true,"dry_run":false}
batch=238 {"success":true,"platform":"lazada","merchant_id":"ffe8519e-49a2-467b-a0ec-57d28ba8be49","shop_id":"100184574113","processed":5,"updated":5,"errors":0,"api_error":null,"upsert_errors":[],"next_after_id":"7be2c906-5a02-4308-9fd0-11d5d4840321","has_more":true,"dry_run":false}
batch=239 {"success":true,"platform":"lazada","merchant_id":"ffe8519e-49a2-467b-a0ec-57d28ba8be49","shop_id":"100184574113","processed":5,"updated":5,"errors":0,"api_error":null,"upsert_errors":[],"next_after_id":"7c23cc9e-e05d-4970-86a6-24c42e7f7c4b","has_more":true,"dry_run":false}
batch=240 {"success":true,"platform":"lazada","merchant_id":"ffe8519e-49a2-467b-a0ec-57d28ba8be49","shop_id":"100184574113","processed":5,"updated":5,"errors":0,"api_error":null,"upsert_errors":[],"next_after_id":"7ccf0441-f22b-4ebb-8575-a48ad4a04f27","has_more":true,"dry_run":false}
batch=241 {"success":true,"platform":"lazada","merchant_id":"ffe8519e-49a2-467b-a0ec-57d28ba8be49","shop_id":"100184574113","processed":5,"updated":5,"errors":0,"api_error":null,"upsert_errors":[],"next_after_id":"7d529537-1734-49ab-9501-70beaebce8e8","has_more":true,"dry_run":false}
batch=242 {"success":true,"platform":"lazada","merchant_id":"ffe8519e-49a2-467b-a0ec-57d28ba8be49","shop_id":"100184574113","processed":5,"updated":5,"errors":0,"api_error":null,"upsert_errors":[],"next_after_id":"7e1f02f3-bc54-437b-aecd-01da1381b51b","has_more":true,"dry_run":false}
batch=243 {"success":true,"platform":"lazada","merchant_id":"ffe8519e-49a2-467b-a0ec-57d28ba8be49","shop_id":"100184574113","processed":5,"updated":5,"errors":0,"api_error":null,"upsert_errors":[],"next_after_id":"7ec19063-a82e-4ee6-9900-281d5e03196e","has_more":true,"dry_run":false}
batch=244 {"success":true,"platform":"lazada","merchant_id":"ffe8519e-49a2-467b-a0ec-57d28ba8be49","shop_id":"100184574113","processed":5,"updated":5,"errors":0,"api_error":null,"upsert_errors":[],"next_after_id":"7f12f142-d665-435c-9b70-aa6c8a0e5348","has_more":true,"dry_run":false}
batch=245 {"success":true,"platform":"lazada","merchant_id":"ffe8519e-49a2-467b-a0ec-57d28ba8be49","shop_id":"100184574113","processed":5,"updated":5,"errors":0,"api_error":null,"upsert_errors":[],"next_after_id":"7f35277c-1b3e-4e60-82bb-b26917d107cc","has_more":true,"dry_run":false}
batch=246 {"success":true,"platform":"lazada","merchant_id":"ffe8519e-49a2-467b-a0ec-57d28ba8be49","shop_id":"100184574113","processed":5,"updated":5,"errors":0,"api_error":null,"upsert_errors":[],"next_after_id":"7f7b34c3-1695-4b10-9a20-a7b9c8e70259","has_more":true,"dry_run":false}
batch=247 {"success":true,"platform":"lazada","merchant_id":"ffe8519e-49a2-467b-a0ec-57d28ba8be49","shop_id":"100184574113","processed":5,"updated":5,"errors":0,"api_error":null,"upsert_errors":[],"next_after_id":"80117f8a-12ef-4794-aba9-713a43ddb445","has_more":true,"dry_run":false}
batch=248 {"success":true,"platform":"lazada","merchant_id":"ffe8519e-49a2-467b-a0ec-57d28ba8be49","shop_id":"100184574113","processed":5,"updated":5,"errors":0,"api_error":null,"upsert_errors":[],"next_after_id":"805596c2-03cc-4f5f-b0d3-edbebe2b89ee","has_more":true,"dry_run":false}
batch=249 {"success":true,"platform":"lazada","merchant_id":"ffe8519e-49a2-467b-a0ec-57d28ba8be49","shop_id":"100184574113","processed":5,"updated":5,"errors":0,"api_error":null,"upsert_errors":[],"next_after_id":"80ad320d-61c9-4095-aa42-7b044e1842ed","has_more":true,"dry_run":false}
batch=250 {"success":true,"platform":"lazada","merchant_id":"ffe8519e-49a2-467b-a0ec-57d28ba8be49","shop_id":"100184574113","processed":5,"updated":5,"errors":0,"api_error":null,"upsert_errors":[],"next_after_id":"81411ae0-3aa2-4fd1-85ec-142d0cca944e","has_more":true,"dry_run":false}
batch=251 {"success":true,"platform":"lazada","merchant_id":"ffe8519e-49a2-467b-a0ec-57d28ba8be49","shop_id":"100184574113","processed":5,"updated":5,"errors":0,"api_error":null,"upsert_errors":[],"next_after_id":"81acb939-4025-4854-b9dd-0efd9925aaee","has_more":true,"dry_run":false}
batch=252 {"success":true,"platform":"lazada","merchant_id":"ffe8519e-49a2-467b-a0ec-57d28ba8be49","shop_id":"100184574113","processed":5,"updated":5,"errors":0,"api_error":null,"upsert_errors":[],"next_after_id":"8211c639-e6eb-4003-9926-4df18afc98d3","has_more":true,"dry_run":false}
batch=253 {"success":true,"platform":"lazada","merchant_id":"ffe8519e-49a2-467b-a0ec-57d28ba8be49","shop_id":"100184574113","processed":5,"updated":5,"errors":0,"api_error":null,"upsert_errors":[],"next_after_id":"82b36ade-d586-4178-b1c6-ea870ef3110b","has_more":true,"dry_run":false}
batch=254 {"success":true,"platform":"lazada","merchant_id":"ffe8519e-49a2-467b-a0ec-57d28ba8be49","shop_id":"100184574113","processed":5,"updated":5,"errors":0,"api_error":null,"upsert_errors":[],"next_after_id":"8403e5d9-9a07-4034-9a50-1134dbfe8e3e","has_more":true,"dry_run":false}
batch=255 {"success":true,"platform":"lazada","merchant_id":"ffe8519e-49a2-467b-a0ec-57d28ba8be49","shop_id":"100184574113","processed":5,"updated":5,"errors":0,"api_error":null,"upsert_errors":[],"next_after_id":"84764d21-bc68-450f-8d96-2c62d42ad70f","has_more":true,"dry_run":false}
batch=256 {"success":true,"platform":"lazada","merchant_id":"ffe8519e-49a2-467b-a0ec-57d28ba8be49","shop_id":"100184574113","processed":5,"updated":5,"errors":0,"api_error":null,"upsert_errors":[],"next_after_id":"8546ff0a-55d7-4656-819a-ca454fd9eeac","has_more":true,"dry_run":false}
batch=257 {"success":true,"platform":"lazada","merchant_id":"ffe8519e-49a2-467b-a0ec-57d28ba8be49","shop_id":"100184574113","processed":5,"updated":5,"errors":0,"api_error":null,"upsert_errors":[],"next_after_id":"856f78a5-4897-4aad-898c-a894b231153f","has_more":true,"dry_run":false}
batch=258 {"success":true,"platform":"lazada","merchant_id":"ffe8519e-49a2-467b-a0ec-57d28ba8be49","shop_id":"100184574113","processed":5,"updated":5,"errors":0,"api_error":null,"upsert_errors":[],"next_after_id":"860b8ba8-cba6-4f3a-857d-8f707b0c26dd","has_more":true,"dry_run":false}
batch=259 {"success":true,"platform":"lazada","merchant_id":"ffe8519e-49a2-467b-a0ec-57d28ba8be49","shop_id":"100184574113","processed":5,"updated":5,"errors":0,"api_error":null,"upsert_errors":[],"next_after_id":"8673e418-83ec-457a-b381-5bdda7755bfa","has_more":true,"dry_run":false}
batch=260 {"success":true,"platform":"lazada","merchant_id":"ffe8519e-49a2-467b-a0ec-57d28ba8be49","shop_id":"100184574113","processed":5,"updated":5,"errors":0,"api_error":null,"upsert_errors":[],"next_after_id":"87152471-3558-44f0-b01f-86082c5e7599","has_more":true,"dry_run":false}
batch=261 {"success":true,"platform":"lazada","merchant_id":"ffe8519e-49a2-467b-a0ec-57d28ba8be49","shop_id":"100184574113","processed":5,"updated":5,"errors":0,"api_error":null,"upsert_errors":[],"next_after_id":"87972d62-c562-4dec-b41d-6074826d510e","has_more":true,"dry_run":false}
batch=262 {"success":true,"platform":"lazada","merchant_id":"ffe8519e-49a2-467b-a0ec-57d28ba8be49","shop_id":"100184574113","processed":5,"updated":5,"errors":0,"api_error":null,"upsert_errors":[],"next_after_id":"87d0cbb2-c116-440a-9611-4a3efb388ce1","has_more":true,"dry_run":false}
batch=263 {"success":true,"platform":"lazada","merchant_id":"ffe8519e-49a2-467b-a0ec-57d28ba8be49","shop_id":"100184574113","processed":5,"updated":5,"errors":0,"api_error":null,"upsert_errors":[],"next_after_id":"882c3045-b4d3-4d46-b77f-c98668c5b8da","has_more":true,"dry_run":false}
batch=264 {"success":true,"platform":"lazada","merchant_id":"ffe8519e-49a2-467b-a0ec-57d28ba8be49","shop_id":"100184574113","processed":5,"updated":5,"errors":0,"api_error":null,"upsert_errors":[],"next_after_id":"88962e77-71bf-4131-b796-62e90afc27c2","has_more":true,"dry_run":false}
batch=265 {"success":true,"platform":"lazada","merchant_id":"ffe8519e-49a2-467b-a0ec-57d28ba8be49","shop_id":"100184574113","processed":5,"updated":5,"errors":0,"api_error":null,"upsert_errors":[],"next_after_id":"8912399f-8184-4c3d-bfe5-5d01973d9c8a","has_more":true,"dry_run":false}
batch=266 {"success":true,"platform":"lazada","merchant_id":"ffe8519e-49a2-467b-a0ec-57d28ba8be49","shop_id":"100184574113","processed":5,"updated":5,"errors":0,"api_error":null,"upsert_errors":[],"next_after_id":"89b7ff95-2705-45c4-87b1-996719569858","has_more":true,"dry_run":false}
batch=267 {"success":true,"platform":"lazada","merchant_id":"ffe8519e-49a2-467b-a0ec-57d28ba8be49","shop_id":"100184574113","processed":5,"updated":5,"errors":0,"api_error":null,"upsert_errors":[],"next_after_id":"8a3f8997-bd31-4f49-8c9c-35c79ec56b78","has_more":true,"dry_run":false}
batch=268 {"success":true,"platform":"lazada","merchant_id":"ffe8519e-49a2-467b-a0ec-57d28ba8be49","shop_id":"100184574113","processed":5,"updated":5,"errors":0,"api_error":null,"upsert_errors":[],"next_after_id":"8a95b680-0a3c-4c3c-91f0-fa795fedb2a8","has_more":true,"dry_run":false}
batch=269 {"success":true,"platform":"lazada","merchant_id":"ffe8519e-49a2-467b-a0ec-57d28ba8be49","shop_id":"100184574113","processed":5,"updated":5,"errors":0,"api_error":null,"upsert_errors":[],"next_after_id":"8af03415-c454-4aa2-8870-1cd4c5cb07bc","has_more":true,"dry_run":false}
batch=270 {"success":true,"platform":"lazada","merchant_id":"ffe8519e-49a2-467b-a0ec-57d28ba8be49","shop_id":"100184574113","processed":5,"updated":5,"errors":0,"api_error":null,"upsert_errors":[],"next_after_id":"8b8187ab-20bd-44af-b546-9bd6d1b419a7","has_more":true,"dry_run":false}
batch=271 {"success":true,"platform":"lazada","merchant_id":"ffe8519e-49a2-467b-a0ec-57d28ba8be49","shop_id":"100184574113","processed":5,"updated":5,"errors":0,"api_error":null,"upsert_errors":[],"next_after_id":"8c633ed4-86f3-4f26-ba58-097de72936ad","has_more":true,"dry_run":false}
batch=272 {"success":true,"platform":"lazada","merchant_id":"ffe8519e-49a2-467b-a0ec-57d28ba8be49","shop_id":"100184574113","processed":5,"updated":5,"errors":0,"api_error":null,"upsert_errors":[],"next_after_id":"8cb87dcb-0169-47ad-8a57-31a957e31352","has_more":true,"dry_run":false}
batch=273 {"success":true,"platform":"lazada","merchant_id":"ffe8519e-49a2-467b-a0ec-57d28ba8be49","shop_id":"100184574113","processed":5,"updated":5,"errors":0,"api_error":null,"upsert_errors":[],"next_after_id":"8d357be1-025d-4ab1-b998-810c335b9d11","has_more":true,"dry_run":false}
batch=274 {"success":true,"platform":"lazada","merchant_id":"ffe8519e-49a2-467b-a0ec-57d28ba8be49","shop_id":"100184574113","processed":5,"updated":5,"errors":0,"api_error":null,"upsert_errors":[],"next_after_id":"8e3e9cea-1849-4aa7-8cd8-39cb55c3ee24","has_more":true,"dry_run":false}
batch=275 {"success":true,"platform":"lazada","merchant_id":"ffe8519e-49a2-467b-a0ec-57d28ba8be49","shop_id":"100184574113","processed":5,"updated":5,"errors":0,"api_error":null,"upsert_errors":[],"next_after_id":"8f53374a-affb-4970-906a-378e339d0335","has_more":true,"dry_run":false}
batch=276 {"success":true,"platform":"lazada","merchant_id":"ffe8519e-49a2-467b-a0ec-57d28ba8be49","shop_id":"100184574113","processed":5,"updated":5,"errors":0,"api_error":null,"upsert_errors":[],"next_after_id":"8f9b8fb2-956a-48bb-96af-2ff8967555f9","has_more":true,"dry_run":false}
batch=277 {"success":true,"platform":"lazada","merchant_id":"ffe8519e-49a2-467b-a0ec-57d28ba8be49","shop_id":"100184574113","processed":5,"updated":5,"errors":0,"api_error":null,"upsert_errors":[],"next_after_id":"9025998b-3e8e-4cb5-a163-4cb6d243b522","has_more":true,"dry_run":false}
batch=278 {"success":true,"platform":"lazada","merchant_id":"ffe8519e-49a2-467b-a0ec-57d28ba8be49","shop_id":"100184574113","processed":5,"updated":5,"errors":0,"api_error":null,"upsert_errors":[],"next_after_id":"90c0c47d-9c24-4c0d-9b57-7d6630ad4b08","has_more":true,"dry_run":false}
batch=279 {"success":true,"platform":"lazada","merchant_id":"ffe8519e-49a2-467b-a0ec-57d28ba8be49","shop_id":"100184574113","processed":5,"updated":5,"errors":0,"api_error":null,"upsert_errors":[],"next_after_id":"912dd5fc-44ce-407c-a931-086434b71791","has_more":true,"dry_run":false}
batch=280 {"success":true,"platform":"lazada","merchant_id":"ffe8519e-49a2-467b-a0ec-57d28ba8be49","shop_id":"100184574113","processed":5,"updated":5,"errors":0,"api_error":null,"upsert_errors":[],"next_after_id":"91f7ee52-a6d2-425f-925e-f43280f90b4c","has_more":true,"dry_run":false}
batch=281 {"success":true,"platform":"lazada","merchant_id":"ffe8519e-49a2-467b-a0ec-57d28ba8be49","shop_id":"100184574113","processed":5,"updated":5,"errors":0,"api_error":null,"upsert_errors":[],"next_after_id":"92734f95-4946-4dc6-a2ce-cb52a06373f3","has_more":true,"dry_run":false}
batch=282 {"success":true,"platform":"lazada","merchant_id":"ffe8519e-49a2-467b-a0ec-57d28ba8be49","shop_id":"100184574113","processed":5,"updated":5,"errors":0,"api_error":null,"upsert_errors":[],"next_after_id":"92974718-7caa-4880-bf97-e97c086978c2","has_more":true,"dry_run":false}
batch=283 {"success":true,"platform":"lazada","merchant_id":"ffe8519e-49a2-467b-a0ec-57d28ba8be49","shop_id":"100184574113","processed":5,"updated":5,"errors":0,"api_error":null,"upsert_errors":[],"next_after_id":"92e724b0-3c73-45ce-9526-724daac5c14b","has_more":true,"dry_run":false}
batch=284 {"success":true,"platform":"lazada","merchant_id":"ffe8519e-49a2-467b-a0ec-57d28ba8be49","shop_id":"100184574113","processed":5,"updated":5,"errors":0,"api_error":null,"upsert_errors":[],"next_after_id":"930c53cc-d8e1-4cc0-9f16-f33504f357ff","has_more":true,"dry_run":false}
batch=285 {"success":true,"platform":"lazada","merchant_id":"ffe8519e-49a2-467b-a0ec-57d28ba8be49","shop_id":"100184574113","processed":5,"updated":5,"errors":0,"api_error":null,"upsert_errors":[],"next_after_id":"9355cf86-b3ba-41e7-949f-553065675e27","has_more":true,"dry_run":false}
batch=286 {"success":true,"platform":"lazada","merchant_id":"ffe8519e-49a2-467b-a0ec-57d28ba8be49","shop_id":"100184574113","processed":5,"updated":5,"errors":0,"api_error":null,"upsert_errors":[],"next_after_id":"93d1d3b2-f4e7-4276-b1e0-7b289036efdc","has_more":true,"dry_run":false}
batch=287 {"success":true,"platform":"lazada","merchant_id":"ffe8519e-49a2-467b-a0ec-57d28ba8be49","shop_id":"100184574113","processed":5,"updated":5,"errors":0,"api_error":null,"upsert_errors":[],"next_after_id":"944fe35f-8cb5-4922-8cab-97eaa0030a3b","has_more":true,"dry_run":false}
batch=288 {"success":true,"platform":"lazada","merchant_id":"ffe8519e-49a2-467b-a0ec-57d28ba8be49","shop_id":"100184574113","processed":5,"updated":5,"errors":0,"api_error":null,"upsert_errors":[],"next_after_id":"94f67680-2163-4f77-9bd3-ab1d28288da4","has_more":true,"dry_run":false}
batch=289 {"success":true,"platform":"lazada","merchant_id":"ffe8519e-49a2-467b-a0ec-57d28ba8be49","shop_id":"100184574113","processed":5,"updated":5,"errors":0,"api_error":null,"upsert_errors":[],"next_after_id":"954ac52d-1d62-4b6c-8dcb-be394fc45e35","has_more":true,"dry_run":false}
batch=290 {"success":true,"platform":"lazada","merchant_id":"ffe8519e-49a2-467b-a0ec-57d28ba8be49","shop_id":"100184574113","processed":5,"updated":5,"errors":0,"api_error":null,"upsert_errors":[],"next_after_id":"95be7b3c-ddc2-45fd-9966-3e4466b3a9ca","has_more":true,"dry_run":false}
batch=291 {"success":true,"platform":"lazada","merchant_id":"ffe8519e-49a2-467b-a0ec-57d28ba8be49","shop_id":"100184574113","processed":5,"updated":5,"errors":0,"api_error":null,"upsert_errors":[],"next_after_id":"95fd304b-1a8b-458c-ac1a-67e4ea323e54","has_more":true,"dry_run":false}
batch=292 {"success":true,"platform":"lazada","merchant_id":"ffe8519e-49a2-467b-a0ec-57d28ba8be49","shop_id":"100184574113","processed":5,"updated":5,"errors":0,"api_error":null,"upsert_errors":[],"next_after_id":"96936349-21ac-485a-be85-7f3fe58fd28f","has_more":true,"dry_run":false}
batch=293 {"success":true,"platform":"lazada","merchant_id":"ffe8519e-49a2-467b-a0ec-57d28ba8be49","shop_id":"100184574113","processed":5,"updated":5,"errors":0,"api_error":null,"upsert_errors":[],"next_after_id":"97b91873-1217-45f6-89f6-336e6aa1ddb7","has_more":true,"dry_run":false}
batch=294 {"success":true,"platform":"lazada","merchant_id":"ffe8519e-49a2-467b-a0ec-57d28ba8be49","shop_id":"100184574113","processed":5,"updated":5,"errors":0,"api_error":null,"upsert_errors":[],"next_after_id":"984124b5-c02e-4f64-ba2d-45cae4d82a69","has_more":true,"dry_run":false}
batch=295 {"success":true,"platform":"lazada","merchant_id":"ffe8519e-49a2-467b-a0ec-57d28ba8be49","shop_id":"100184574113","processed":5,"updated":5,"errors":0,"api_error":null,"upsert_errors":[],"next_after_id":"989d8e1b-57f0-4120-8a97-d9d92f93b878","has_more":true,"dry_run":false}
batch=296 {"success":true,"platform":"lazada","merchant_id":"ffe8519e-49a2-467b-a0ec-57d28ba8be49","shop_id":"100184574113","processed":5,"updated":5,"errors":0,"api_error":null,"upsert_errors":[],"next_after_id":"9900a0d1-6faa-4bd3-a4f7-953f6cc42202","has_more":true,"dry_run":false}
batch=297 {"success":true,"platform":"lazada","merchant_id":"ffe8519e-49a2-467b-a0ec-57d28ba8be49","shop_id":"100184574113","processed":5,"updated":5,"errors":0,"api_error":null,"upsert_errors":[],"next_after_id":"994733b5-173e-4e7c-bccf-9290f19c6f70","has_more":true,"dry_run":false}
batch=298 {"success":true,"platform":"lazada","merchant_id":"ffe8519e-49a2-467b-a0ec-57d28ba8be49","shop_id":"100184574113","processed":5,"updated":5,"errors":0,"api_error":null,"upsert_errors":[],"next_after_id":"999f38c1-4fcd-41ba-9cc3-3b9e105b857e","has_more":true,"dry_run":false}
batch=299 {"success":true,"platform":"lazada","merchant_id":"ffe8519e-49a2-467b-a0ec-57d28ba8be49","shop_id":"100184574113","processed":5,"updated":5,"errors":0,"api_error":null,"upsert_errors":[],"next_after_id":"9a9e1ff1-e1c7-4186-9962-145ea253dd47","has_more":true,"dry_run":false}
batch=300 {"success":true,"platform":"lazada","merchant_id":"ffe8519e-49a2-467b-a0ec-57d28ba8be49","shop_id":"100184574113","processed":5,"updated":5,"errors":0,"api_error":null,"upsert_errors":[],"next_after_id":"9afe74e0-7762-441f-9236-c3d75d511226","has_more":true,"dry_run":false}
batch=301 {"success":true,"platform":"lazada","merchant_id":"ffe8519e-49a2-467b-a0ec-57d28ba8be49","shop_id":"100184574113","processed":5,"updated":5,"errors":0,"api_error":null,"upsert_errors":[],"next_after_id":"9b695ae0-cb16-4001-93b2-41dcd1a66f6e","has_more":true,"dry_run":false}
batch=302 {"success":true,"platform":"lazada","merchant_id":"ffe8519e-49a2-467b-a0ec-57d28ba8be49","shop_id":"100184574113","processed":5,"updated":5,"errors":0,"api_error":null,"upsert_errors":[],"next_after_id":"9bc35994-efd1-48e9-bb89-660ad264b6d0","has_more":true,"dry_run":false}
batch=303 {"success":true,"platform":"lazada","merchant_id":"ffe8519e-49a2-467b-a0ec-57d28ba8be49","shop_id":"100184574113","processed":5,"updated":5,"errors":0,"api_error":null,"upsert_errors":[],"next_after_id":"9c9600e9-99e6-42fc-90a5-711c3339c0dc","has_more":true,"dry_run":false}
batch=304 {"success":true,"platform":"lazada","merchant_id":"ffe8519e-49a2-467b-a0ec-57d28ba8be49","shop_id":"100184574113","processed":5,"updated":5,"errors":0,"api_error":null,"upsert_errors":[],"next_after_id":"9d54fdca-6e55-4a76-a4d5-e91d5c67be2a","has_more":true,"dry_run":false}
batch=305 {"success":true,"platform":"lazada","merchant_id":"ffe8519e-49a2-467b-a0ec-57d28ba8be49","shop_id":"100184574113","processed":5,"updated":5,"errors":0,"api_error":null,"upsert_errors":[],"next_after_id":"9dbbde26-422c-49c9-b1db-2bd917172478","has_more":true,"dry_run":false}
batch=306 {"success":true,"platform":"lazada","merchant_id":"ffe8519e-49a2-467b-a0ec-57d28ba8be49","shop_id":"100184574113","processed":5,"updated":5,"errors":0,"api_error":null,"upsert_errors":[],"next_after_id":"9e57445f-7232-4de5-93bb-4635d4b5f274","has_more":true,"dry_run":false}
batch=307 {"success":true,"platform":"lazada","merchant_id":"ffe8519e-49a2-467b-a0ec-57d28ba8be49","shop_id":"100184574113","processed":5,"updated":5,"errors":0,"api_error":null,"upsert_errors":[],"next_after_id":"9ee836c7-c4e6-4589-aabe-9e10c7c43e5d","has_more":true,"dry_run":false}
batch=308 {"success":true,"platform":"lazada","merchant_id":"ffe8519e-49a2-467b-a0ec-57d28ba8be49","shop_id":"100184574113","processed":5,"updated":5,"errors":0,"api_error":null,"upsert_errors":[],"next_after_id":"9fc60dd0-bf76-485f-b382-d02ec794c154","has_more":true,"dry_run":false}
batch=309 {"success":true,"platform":"lazada","merchant_id":"ffe8519e-49a2-467b-a0ec-57d28ba8be49","shop_id":"100184574113","processed":5,"updated":5,"errors":0,"api_error":null,"upsert_errors":[],"next_after_id":"a0716add-1015-49a7-b8ab-67919a51ba5a","has_more":true,"dry_run":false}
batch=310 {"success":true,"platform":"lazada","merchant_id":"ffe8519e-49a2-467b-a0ec-57d28ba8be49","shop_id":"100184574113","processed":5,"updated":5,"errors":0,"api_error":null,"upsert_errors":[],"next_after_id":"a0d452a1-1c2b-41ed-8803-3d9485d78a3f","has_more":true,"dry_run":false}
batch=311 {"success":true,"platform":"lazada","merchant_id":"ffe8519e-49a2-467b-a0ec-57d28ba8be49","shop_id":"100184574113","processed":5,"updated":5,"errors":0,"api_error":null,"upsert_errors":[],"next_after_id":"a14ac292-9463-4bf8-8536-31e6747e9399","has_more":true,"dry_run":false}
batch=312 {"success":true,"platform":"lazada","merchant_id":"ffe8519e-49a2-467b-a0ec-57d28ba8be49","shop_id":"100184574113","processed":5,"updated":5,"errors":0,"api_error":null,"upsert_errors":[],"next_after_id":"a20611a4-cd5e-40f5-8fb4-4c45c53cb1e0","has_more":true,"dry_run":false}
batch=313 {"success":true,"platform":"lazada","merchant_id":"ffe8519e-49a2-467b-a0ec-57d28ba8be49","shop_id":"100184574113","processed":5,"updated":5,"errors":0,"api_error":null,"upsert_errors":[],"next_after_id":"a286d682-517a-454d-aa73-711859f94ba6","has_more":true,"dry_run":false}
batch=314 {"success":true,"platform":"lazada","merchant_id":"ffe8519e-49a2-467b-a0ec-57d28ba8be49","shop_id":"100184574113","processed":5,"updated":5,"errors":0,"api_error":null,"upsert_errors":[],"next_after_id":"a2a83d73-45d7-4d8c-a544-2899c98cd10e","has_more":true,"dry_run":false}
batch=315 {"success":true,"platform":"lazada","merchant_id":"ffe8519e-49a2-467b-a0ec-57d28ba8be49","shop_id":"100184574113","processed":5,"updated":5,"errors":0,"api_error":null,"upsert_errors":[],"next_after_id":"a3209e38-c3ff-43e8-97ac-f5ce311a8c6f","has_more":true,"dry_run":false}
batch=316 {"success":true,"platform":"lazada","merchant_id":"ffe8519e-49a2-467b-a0ec-57d28ba8be49","shop_id":"100184574113","processed":5,"updated":5,"errors":0,"api_error":null,"upsert_errors":[],"next_after_id":"a369d4ee-b6fd-4af4-8b26-ef27f81cbb7c","has_more":true,"dry_run":false}
batch=317 {"success":true,"platform":"lazada","merchant_id":"ffe8519e-49a2-467b-a0ec-57d28ba8be49","shop_id":"100184574113","processed":5,"updated":5,"errors":0,"api_error":null,"upsert_errors":[],"next_after_id":"a3f3859a-0788-425a-b9ee-0699dee4fcc6","has_more":true,"dry_run":false}
batch=318 {"success":true,"platform":"lazada","merchant_id":"ffe8519e-49a2-467b-a0ec-57d28ba8be49","shop_id":"100184574113","processed":5,"updated":5,"errors":0,"api_error":null,"upsert_errors":[],"next_after_id":"a4b0b93a-2b4d-45af-bc1e-2b610c6d8df7","has_more":true,"dry_run":false}
batch=319 {"success":true,"platform":"lazada","merchant_id":"ffe8519e-49a2-467b-a0ec-57d28ba8be49","shop_id":"100184574113","processed":5,"updated":5,"errors":0,"api_error":null,"upsert_errors":[],"next_after_id":"a57f24e7-2aeb-4ade-bcf0-f7a285dc8a5e","has_more":true,"dry_run":false}
batch=320 {"success":true,"platform":"lazada","merchant_id":"ffe8519e-49a2-467b-a0ec-57d28ba8be49","shop_id":"100184574113","processed":5,"updated":5,"errors":0,"api_error":null,"upsert_errors":[],"next_after_id":"a5bdb9f9-0163-4425-9b88-d8f7079c589b","has_more":true,"dry_run":false}
batch=321 {"success":true,"platform":"lazada","merchant_id":"ffe8519e-49a2-467b-a0ec-57d28ba8be49","shop_id":"100184574113","processed":5,"updated":5,"errors":0,"api_error":null,"upsert_errors":[],"next_after_id":"a662a58b-bc57-4f6d-8c68-5d14a824cf34","has_more":true,"dry_run":false}
batch=322 {"success":true,"platform":"lazada","merchant_id":"ffe8519e-49a2-467b-a0ec-57d28ba8be49","shop_id":"100184574113","processed":5,"updated":5,"errors":0,"api_error":null,"upsert_errors":[],"next_after_id":"a7470b4a-fe0d-468b-9e60-2dae9ada29b3","has_more":true,"dry_run":false}
batch=323 {"success":true,"platform":"lazada","merchant_id":"ffe8519e-49a2-467b-a0ec-57d28ba8be49","shop_id":"100184574113","processed":5,"updated":5,"errors":0,"api_error":null,"upsert_errors":[],"next_after_id":"a8058322-8cf3-44e5-9381-f8ef574484ba","has_more":true,"dry_run":false}
batch=324 {"success":true,"platform":"lazada","merchant_id":"ffe8519e-49a2-467b-a0ec-57d28ba8be49","shop_id":"100184574113","processed":5,"updated":5,"errors":0,"api_error":null,"upsert_errors":[],"next_after_id":"a83d66d7-79e4-4561-b248-29db876646ee","has_more":true,"dry_run":false}
batch=325 {"success":true,"platform":"lazada","merchant_id":"ffe8519e-49a2-467b-a0ec-57d28ba8be49","shop_id":"100184574113","processed":5,"updated":5,"errors":0,"api_error":null,"upsert_errors":[],"next_after_id":"a8f942b1-7d60-4607-bf2a-44799c348c9f","has_more":true,"dry_run":false}
batch=326 {"success":true,"platform":"lazada","merchant_id":"ffe8519e-49a2-467b-a0ec-57d28ba8be49","shop_id":"100184574113","processed":5,"updated":5,"errors":0,"api_error":null,"upsert_errors":[],"next_after_id":"a9140ea5-d456-424d-beb1-0619bafb6c33","has_more":true,"dry_run":false}
batch=327 {"success":true,"platform":"lazada","merchant_id":"ffe8519e-49a2-467b-a0ec-57d28ba8be49","shop_id":"100184574113","processed":5,"updated":5,"errors":0,"api_error":null,"upsert_errors":[],"next_after_id":"a9b8a0aa-955c-4ff8-b182-5489a5f349d6","has_more":true,"dry_run":false}
batch=328 {"success":true,"platform":"lazada","merchant_id":"ffe8519e-49a2-467b-a0ec-57d28ba8be49","shop_id":"100184574113","processed":5,"updated":5,"errors":0,"api_error":null,"upsert_errors":[],"next_after_id":"aa3a921d-81f5-4c20-823f-c4a80184dc48","has_more":true,"dry_run":false}
batch=329 {"success":true,"platform":"lazada","merchant_id":"ffe8519e-49a2-467b-a0ec-57d28ba8be49","shop_id":"100184574113","processed":5,"updated":5,"errors":0,"api_error":null,"upsert_errors":[],"next_after_id":"aae34965-9817-45a5-bddf-00341d4fef76","has_more":true,"dry_run":false}
batch=330 {"success":true,"platform":"lazada","merchant_id":"ffe8519e-49a2-467b-a0ec-57d28ba8be49","shop_id":"100184574113","processed":5,"updated":5,"errors":0,"api_error":null,"upsert_errors":[],"next_after_id":"ab9003a8-0a55-489f-bcda-9509965294c5","has_more":true,"dry_run":false}
batch=331 {"success":true,"platform":"lazada","merchant_id":"ffe8519e-49a2-467b-a0ec-57d28ba8be49","shop_id":"100184574113","processed":5,"updated":5,"errors":0,"api_error":null,"upsert_errors":[],"next_after_id":"ac0de8b8-3e96-4525-92ee-80aa163120a2","has_more":true,"dry_run":false}
batch=332 {"success":true,"platform":"lazada","merchant_id":"ffe8519e-49a2-467b-a0ec-57d28ba8be49","shop_id":"100184574113","processed":5,"updated":5,"errors":0,"api_error":null,"upsert_errors":[],"next_after_id":"ac872baa-77b8-47b1-8dcd-e33970bdfb52","has_more":true,"dry_run":false}
batch=333 {"success":true,"platform":"lazada","merchant_id":"ffe8519e-49a2-467b-a0ec-57d28ba8be49","shop_id":"100184574113","processed":5,"updated":5,"errors":0,"api_error":null,"upsert_errors":[],"next_after_id":"ad7ffa77-8ffa-48fd-a5f9-77d994b7d33a","has_more":true,"dry_run":false}
batch=334 {"success":true,"platform":"lazada","merchant_id":"ffe8519e-49a2-467b-a0ec-57d28ba8be49","shop_id":"100184574113","processed":5,"updated":5,"errors":0,"api_error":null,"upsert_errors":[],"next_after_id":"adc99ded-cfb9-4383-a251-a371fdc6e497","has_more":true,"dry_run":false}
batch=335 {"success":true,"platform":"lazada","merchant_id":"ffe8519e-49a2-467b-a0ec-57d28ba8be49","shop_id":"100184574113","processed":5,"updated":5,"errors":0,"api_error":null,"upsert_errors":[],"next_after_id":"ae20af1e-5dce-455e-b1b0-3fc171ccbb64","has_more":true,"dry_run":false}
batch=336 {"success":true,"platform":"lazada","merchant_id":"ffe8519e-49a2-467b-a0ec-57d28ba8be49","shop_id":"100184574113","processed":5,"updated":5,"errors":0,"api_error":null,"upsert_errors":[],"next_after_id":"aec55888-4f53-4b9b-9bb8-b4f2e4b25fc5","has_more":true,"dry_run":false}
batch=337 {"success":true,"platform":"lazada","merchant_id":"ffe8519e-49a2-467b-a0ec-57d28ba8be49","shop_id":"100184574113","processed":5,"updated":5,"errors":0,"api_error":null,"upsert_errors":[],"next_after_id":"af7050e8-96c2-45ea-b50a-e9a0d0b6cc5b","has_more":true,"dry_run":false}
batch=338 {"success":true,"platform":"lazada","merchant_id":"ffe8519e-49a2-467b-a0ec-57d28ba8be49","shop_id":"100184574113","processed":5,"updated":5,"errors":0,"api_error":null,"upsert_errors":[],"next_after_id":"afd07502-e941-432d-809a-519c8cb5ef51","has_more":true,"dry_run":false}
batch=339 {"success":true,"platform":"lazada","merchant_id":"ffe8519e-49a2-467b-a0ec-57d28ba8be49","shop_id":"100184574113","processed":5,"updated":5,"errors":0,"api_error":null,"upsert_errors":[],"next_after_id":"b05c42a3-63f6-48ee-a090-9b1247d23f12","has_more":true,"dry_run":false}
batch=340 {"success":true,"platform":"lazada","merchant_id":"ffe8519e-49a2-467b-a0ec-57d28ba8be49","shop_id":"100184574113","processed":5,"updated":5,"errors":0,"api_error":null,"upsert_errors":[],"next_after_id":"b0a57451-0403-43cb-8d8a-839f7b961e3a","has_more":true,"dry_run":false}
batch=341 {"success":true,"platform":"lazada","merchant_id":"ffe8519e-49a2-467b-a0ec-57d28ba8be49","shop_id":"100184574113","processed":5,"updated":5,"errors":0,"api_error":null,"upsert_errors":[],"next_after_id":"b14dccec-d64c-4ddd-ba01-1a743535e885","has_more":true,"dry_run":false}
batch=342 {"success":true,"platform":"lazada","merchant_id":"ffe8519e-49a2-467b-a0ec-57d28ba8be49","shop_id":"100184574113","processed":5,"updated":5,"errors":0,"api_error":null,"upsert_errors":[],"next_after_id":"b1f00379-cfda-401a-8243-1159834df427","has_more":true,"dry_run":false}
batch=343 {"success":true,"platform":"lazada","merchant_id":"ffe8519e-49a2-467b-a0ec-57d28ba8be49","shop_id":"100184574113","processed":5,"updated":5,"errors":0,"api_error":null,"upsert_errors":[],"next_after_id":"b29a47de-54cd-4465-8339-5e9758c1ee5d","has_more":true,"dry_run":false}
batch=344 {"success":true,"platform":"lazada","merchant_id":"ffe8519e-49a2-467b-a0ec-57d28ba8be49","shop_id":"100184574113","processed":5,"updated":5,"errors":0,"api_error":null,"upsert_errors":[],"next_after_id":"b37e87c3-19c0-456c-892e-70e9ac4fa26b","has_more":true,"dry_run":false}
batch=345 {"success":true,"platform":"lazada","merchant_id":"ffe8519e-49a2-467b-a0ec-57d28ba8be49","shop_id":"100184574113","processed":5,"updated":5,"errors":0,"api_error":null,"upsert_errors":[],"next_after_id":"b431dc1f-290e-49cf-bb44-985411bcf91b","has_more":true,"dry_run":false}
batch=346 {"success":true,"platform":"lazada","merchant_id":"ffe8519e-49a2-467b-a0ec-57d28ba8be49","shop_id":"100184574113","processed":5,"updated":5,"errors":0,"api_error":null,"upsert_errors":[],"next_after_id":"b496faf2-5b58-4203-86f0-9e124ea3c5f9","has_more":true,"dry_run":false}
batch=347 {"success":true,"platform":"lazada","merchant_id":"ffe8519e-49a2-467b-a0ec-57d28ba8be49","shop_id":"100184574113","processed":5,"updated":5,"errors":0,"api_error":null,"upsert_errors":[],"next_after_id":"b4f7d408-5338-4431-b5d3-f4371450fd34","has_more":true,"dry_run":false}
batch=348 {"success":true,"platform":"lazada","merchant_id":"ffe8519e-49a2-467b-a0ec-57d28ba8be49","shop_id":"100184574113","processed":5,"updated":5,"errors":0,"api_error":null,"upsert_errors":[],"next_after_id":"b5bc5443-6904-4643-865d-41ce41133039","has_more":true,"dry_run":false}
batch=349 {"success":true,"platform":"lazada","merchant_id":"ffe8519e-49a2-467b-a0ec-57d28ba8be49","shop_id":"100184574113","processed":5,"updated":5,"errors":0,"api_error":null,"upsert_errors":[],"next_after_id":"b6171c29-ebca-4561-9aaf-a19ae2b49331","has_more":true,"dry_run":false}
batch=350 {"success":true,"platform":"lazada","merchant_id":"ffe8519e-49a2-467b-a0ec-57d28ba8be49","shop_id":"100184574113","processed":5,"updated":5,"errors":0,"api_error":null,"upsert_errors":[],"next_after_id":"b69721d9-9ffc-47ea-877b-8aaeff63c9cf","has_more":true,"dry_run":false}
batch=351 {"success":true,"platform":"lazada","merchant_id":"ffe8519e-49a2-467b-a0ec-57d28ba8be49","shop_id":"100184574113","processed":5,"updated":5,"errors":0,"api_error":null,"upsert_errors":[],"next_after_id":"b6efd34b-f20d-4b69-bcfd-0df4aed4f036","has_more":true,"dry_run":false}
batch=352 {"success":true,"platform":"lazada","merchant_id":"ffe8519e-49a2-467b-a0ec-57d28ba8be49","shop_id":"100184574113","processed":5,"updated":5,"errors":0,"api_error":null,"upsert_errors":[],"next_after_id":"b778d400-9238-4fe1-bf0d-052db11a5cf7","has_more":true,"dry_run":false}
batch=353 {"success":true,"platform":"lazada","merchant_id":"ffe8519e-49a2-467b-a0ec-57d28ba8be49","shop_id":"100184574113","processed":5,"updated":5,"errors":0,"api_error":null,"upsert_errors":[],"next_after_id":"b7ff7041-6a5b-423e-b09d-b9c34c7a24aa","has_more":true,"dry_run":false}
batch=354 {"success":true,"platform":"lazada","merchant_id":"ffe8519e-49a2-467b-a0ec-57d28ba8be49","shop_id":"100184574113","processed":5,"updated":5,"errors":0,"api_error":null,"upsert_errors":[],"next_after_id":"b91d22eb-de9a-4319-886b-bc71475af12c","has_more":true,"dry_run":false}
batch=355 {"success":true,"platform":"lazada","merchant_id":"ffe8519e-49a2-467b-a0ec-57d28ba8be49","shop_id":"100184574113","processed":5,"updated":5,"errors":0,"api_error":null,"upsert_errors":[],"next_after_id":"b996e1fb-40ca-4f73-8834-cc7c43c6481b","has_more":true,"dry_run":false}
batch=356 {"success":true,"platform":"lazada","merchant_id":"ffe8519e-49a2-467b-a0ec-57d28ba8be49","shop_id":"100184574113","processed":5,"updated":5,"errors":0,"api_error":null,"upsert_errors":[],"next_after_id":"ba224b7c-f348-4ec8-8f19-c5745e78ebe8","has_more":true,"dry_run":false}
batch=357 {"success":true,"platform":"lazada","merchant_id":"ffe8519e-49a2-467b-a0ec-57d28ba8be49","shop_id":"100184574113","processed":5,"updated":5,"errors":0,"api_error":null,"upsert_errors":[],"next_after_id":"ba7bc2f9-a17c-4344-8c4d-fcf0660e51a6","has_more":true,"dry_run":false}
batch=358 {"success":true,"platform":"lazada","merchant_id":"ffe8519e-49a2-467b-a0ec-57d28ba8be49","shop_id":"100184574113","processed":5,"updated":5,"errors":0,"api_error":null,"upsert_errors":[],"next_after_id":"baf355a9-7668-4013-baf6-bf7578191728","has_more":true,"dry_run":false}
batch=359 {"success":true,"platform":"lazada","merchant_id":"ffe8519e-49a2-467b-a0ec-57d28ba8be49","shop_id":"100184574113","processed":5,"updated":5,"errors":0,"api_error":null,"upsert_errors":[],"next_after_id":"bb5fad33-3328-4dec-a60a-14fcdf9bf154","has_more":true,"dry_run":false}
batch=360 {"success":true,"platform":"lazada","merchant_id":"ffe8519e-49a2-467b-a0ec-57d28ba8be49","shop_id":"100184574113","processed":5,"updated":5,"errors":0,"api_error":null,"upsert_errors":[],"next_after_id":"bbfcd4f7-d3aa-4a01-9c87-88003d77b2aa","has_more":true,"dry_run":false}
batch=361 {"success":true,"platform":"lazada","merchant_id":"ffe8519e-49a2-467b-a0ec-57d28ba8be49","shop_id":"100184574113","processed":5,"updated":5,"errors":0,"api_error":null,"upsert_errors":[],"next_after_id":"bc5c8e74-f294-4534-8073-4540ddefbbc6","has_more":true,"dry_run":false}
batch=362 {"success":true,"platform":"lazada","merchant_id":"ffe8519e-49a2-467b-a0ec-57d28ba8be49","shop_id":"100184574113","processed":5,"updated":5,"errors":0,"api_error":null,"upsert_errors":[],"next_after_id":"bcbb96c4-a0ba-449b-a474-b3e3dcce7347","has_more":true,"dry_run":false}
batch=363 {"success":true,"platform":"lazada","merchant_id":"ffe8519e-49a2-467b-a0ec-57d28ba8be49","shop_id":"100184574113","processed":5,"updated":5,"errors":0,"api_error":null,"upsert_errors":[],"next_after_id":"bdab2208-55f6-421a-b0c5-daecefcd552d","has_more":true,"dry_run":false}
batch=364 {"success":true,"platform":"lazada","merchant_id":"ffe8519e-49a2-467b-a0ec-57d28ba8be49","shop_id":"100184574113","processed":5,"updated":5,"errors":0,"api_error":null,"upsert_errors":[],"next_after_id":"be7a70cb-c27d-47c5-9c1c-581ccf9a5f97","has_more":true,"dry_run":false}
batch=365 {"success":true,"platform":"lazada","merchant_id":"ffe8519e-49a2-467b-a0ec-57d28ba8be49","shop_id":"100184574113","processed":5,"updated":5,"errors":0,"api_error":null,"upsert_errors":[],"next_after_id":"bf14d9c8-0683-4093-a38b-1348bb9d4b1a","has_more":true,"dry_run":false}
batch=366 {"success":true,"platform":"lazada","merchant_id":"ffe8519e-49a2-467b-a0ec-57d28ba8be49","shop_id":"100184574113","processed":5,"updated":5,"errors":0,"api_error":null,"upsert_errors":[],"next_after_id":"bff52710-f56a-482c-a5c6-8d577b152612","has_more":true,"dry_run":false}
batch=367 {"success":true,"platform":"lazada","merchant_id":"ffe8519e-49a2-467b-a0ec-57d28ba8be49","shop_id":"100184574113","processed":5,"updated":5,"errors":0,"api_error":null,"upsert_errors":[],"next_after_id":"c040cba1-430a-480b-a48c-4df356facdad","has_more":true,"dry_run":false}
batch=368 {"success":true,"platform":"lazada","merchant_id":"ffe8519e-49a2-467b-a0ec-57d28ba8be49","shop_id":"100184574113","processed":5,"updated":5,"errors":0,"api_error":null,"upsert_errors":[],"next_after_id":"c0e95742-0523-4d86-8da7-d68bd4ae44fe","has_more":true,"dry_run":false}
batch=369 {"success":true,"platform":"lazada","merchant_id":"ffe8519e-49a2-467b-a0ec-57d28ba8be49","shop_id":"100184574113","processed":5,"updated":5,"errors":0,"api_error":null,"upsert_errors":[],"next_after_id":"c11de777-1f44-4e81-a2c5-589000875d2f","has_more":true,"dry_run":false}
batch=370 {"success":true,"platform":"lazada","merchant_id":"ffe8519e-49a2-467b-a0ec-57d28ba8be49","shop_id":"100184574113","processed":5,"updated":5,"errors":0,"api_error":null,"upsert_errors":[],"next_after_id":"c1a9300a-7016-4862-bb0c-218270c06831","has_more":true,"dry_run":false}
batch=371 {"success":true,"platform":"lazada","merchant_id":"ffe8519e-49a2-467b-a0ec-57d28ba8be49","shop_id":"100184574113","processed":5,"updated":5,"errors":0,"api_error":null,"upsert_errors":[],"next_after_id":"c2312229-1e87-4bbe-a105-45bfe02ecc88","has_more":true,"dry_run":false}
batch=372 {"success":true,"platform":"lazada","merchant_id":"ffe8519e-49a2-467b-a0ec-57d28ba8be49","shop_id":"100184574113","processed":5,"updated":5,"errors":0,"api_error":null,"upsert_errors":[],"next_after_id":"c2b63260-a8d2-4fcd-a7df-b14b51ef00f2","has_more":true,"dry_run":false}
batch=373 {"success":true,"platform":"lazada","merchant_id":"ffe8519e-49a2-467b-a0ec-57d28ba8be49","shop_id":"100184574113","processed":5,"updated":5,"errors":0,"api_error":null,"upsert_errors":[],"next_after_id":"c33a1f8c-c28f-426b-8d19-32911c885c16","has_more":true,"dry_run":false}
batch=374 {"success":true,"platform":"lazada","merchant_id":"ffe8519e-49a2-467b-a0ec-57d28ba8be49","shop_id":"100184574113","processed":5,"updated":5,"errors":0,"api_error":null,"upsert_errors":[],"next_after_id":"c393c7fa-89e0-4d6e-93e5-1e1cb9223210","has_more":true,"dry_run":false}
batch=375 {"success":true,"platform":"lazada","merchant_id":"ffe8519e-49a2-467b-a0ec-57d28ba8be49","shop_id":"100184574113","processed":5,"updated":5,"errors":0,"api_error":null,"upsert_errors":[],"next_after_id":"c3e8836c-b18a-4385-8a52-797906e85406","has_more":true,"dry_run":false}
batch=376 {"success":true,"platform":"lazada","merchant_id":"ffe8519e-49a2-467b-a0ec-57d28ba8be49","shop_id":"100184574113","processed":5,"updated":5,"errors":0,"api_error":null,"upsert_errors":[],"next_after_id":"c4788e0d-1464-4bef-8c91-ff5f9552b127","has_more":true,"dry_run":false}
batch=377 {"success":true,"platform":"lazada","merchant_id":"ffe8519e-49a2-467b-a0ec-57d28ba8be49","shop_id":"100184574113","processed":5,"updated":5,"errors":0,"api_error":null,"upsert_errors":[],"next_after_id":"c4f4a4e3-be16-4315-ae5a-390b5c7af939","has_more":true,"dry_run":false}
batch=378 {"success":true,"platform":"lazada","merchant_id":"ffe8519e-49a2-467b-a0ec-57d28ba8be49","shop_id":"100184574113","processed":5,"updated":5,"errors":0,"api_error":null,"upsert_errors":[],"next_after_id":"c57411d9-c91b-4fa4-a040-0384e0644572","has_more":true,"dry_run":false}
batch=379 {"success":true,"platform":"lazada","merchant_id":"ffe8519e-49a2-467b-a0ec-57d28ba8be49","shop_id":"100184574113","processed":5,"updated":5,"errors":0,"api_error":null,"upsert_errors":[],"next_after_id":"c6062973-7295-4745-b43d-9c325bc5befb","has_more":true,"dry_run":false}
batch=380 {"success":true,"platform":"lazada","merchant_id":"ffe8519e-49a2-467b-a0ec-57d28ba8be49","shop_id":"100184574113","processed":5,"updated":5,"errors":0,"api_error":null,"upsert_errors":[],"next_after_id":"c66591a2-67f3-4b5a-878b-2e953f9f3dbc","has_more":true,"dry_run":false}
batch=381 {"success":true,"platform":"lazada","merchant_id":"ffe8519e-49a2-467b-a0ec-57d28ba8be49","shop_id":"100184574113","processed":5,"updated":5,"errors":0,"api_error":null,"upsert_errors":[],"next_after_id":"c70959ba-fc3d-47e3-8b72-3f44e674fb97","has_more":true,"dry_run":false}
batch=382 {"success":true,"platform":"lazada","merchant_id":"ffe8519e-49a2-467b-a0ec-57d28ba8be49","shop_id":"100184574113","processed":5,"updated":5,"errors":0,"api_error":null,"upsert_errors":[],"next_after_id":"c78370c5-fc21-4a9b-8ca7-666ffab79db3","has_more":true,"dry_run":false}
batch=383 {"success":true,"platform":"lazada","merchant_id":"ffe8519e-49a2-467b-a0ec-57d28ba8be49","shop_id":"100184574113","processed":5,"updated":5,"errors":0,"api_error":null,"upsert_errors":[],"next_after_id":"c87046c1-45ff-4e3f-9532-d0a780a5640a","has_more":true,"dry_run":false}
batch=384 {"success":true,"platform":"lazada","merchant_id":"ffe8519e-49a2-467b-a0ec-57d28ba8be49","shop_id":"100184574113","processed":5,"updated":5,"errors":0,"api_error":null,"upsert_errors":[],"next_after_id":"c8f133f1-a9b0-45c9-a12b-b0e75f403e45","has_more":true,"dry_run":false}
batch=385 {"success":true,"platform":"lazada","merchant_id":"ffe8519e-49a2-467b-a0ec-57d28ba8be49","shop_id":"100184574113","processed":5,"updated":5,"errors":0,"api_error":null,"upsert_errors":[],"next_after_id":"c9479625-f7f6-4861-bc3a-a24520dce534","has_more":true,"dry_run":false}
batch=386 {"success":true,"platform":"lazada","merchant_id":"ffe8519e-49a2-467b-a0ec-57d28ba8be49","shop_id":"100184574113","processed":5,"updated":5,"errors":0,"api_error":null,"upsert_errors":[],"next_after_id":"c9e2c136-1023-4791-a378-1fa157a9e05e","has_more":true,"dry_run":false}
batch=387 {"success":true,"platform":"lazada","merchant_id":"ffe8519e-49a2-467b-a0ec-57d28ba8be49","shop_id":"100184574113","processed":5,"updated":5,"errors":0,"api_error":null,"upsert_errors":[],"next_after_id":"ca1dbb08-d1aa-4b1a-8b6f-c890bbb1b0a9","has_more":true,"dry_run":false}
batch=388 {"success":true,"platform":"lazada","merchant_id":"ffe8519e-49a2-467b-a0ec-57d28ba8be49","shop_id":"100184574113","processed":5,"updated":5,"errors":0,"api_error":null,"upsert_errors":[],"next_after_id":"caeccbac-0ca6-478f-af39-fc0635a83ed4","has_more":true,"dry_run":false}
batch=389 {"success":true,"platform":"lazada","merchant_id":"ffe8519e-49a2-467b-a0ec-57d28ba8be49","shop_id":"100184574113","processed":5,"updated":5,"errors":0,"api_error":null,"upsert_errors":[],"next_after_id":"cb96c8d7-6f1e-4e8e-8857-21727a45284b","has_more":true,"dry_run":false}
batch=390 {"success":true,"platform":"lazada","merchant_id":"ffe8519e-49a2-467b-a0ec-57d28ba8be49","shop_id":"100184574113","processed":5,"updated":5,"errors":0,"api_error":null,"upsert_errors":[],"next_after_id":"cc28d165-639d-4163-bdb8-2acec61dbe8c","has_more":true,"dry_run":false}
batch=391 {"success":true,"platform":"lazada","merchant_id":"ffe8519e-49a2-467b-a0ec-57d28ba8be49","shop_id":"100184574113","processed":5,"updated":5,"errors":0,"api_error":null,"upsert_errors":[],"next_after_id":"cca84090-bbae-42a0-92e7-b32f7cdca229","has_more":true,"dry_run":false}
batch=392 {"success":true,"platform":"lazada","merchant_id":"ffe8519e-49a2-467b-a0ec-57d28ba8be49","shop_id":"100184574113","processed":5,"updated":5,"errors":0,"api_error":null,"upsert_errors":[],"next_after_id":"cd77577a-fe05-4f4a-b1f3-e0526fd9f146","has_more":true,"dry_run":false}
batch=393 {"success":true,"platform":"lazada","merchant_id":"ffe8519e-49a2-467b-a0ec-57d28ba8be49","shop_id":"100184574113","processed":5,"updated":5,"errors":0,"api_error":null,"upsert_errors":[],"next_after_id":"cda679da-6297-47bf-a341-ae6da5e7b7fd","has_more":true,"dry_run":false}
batch=394 {"success":true,"platform":"lazada","merchant_id":"ffe8519e-49a2-467b-a0ec-57d28ba8be49","shop_id":"100184574113","processed":5,"updated":5,"errors":0,"api_error":null,"upsert_errors":[],"next_after_id":"ce195fa5-5db4-4b27-ba9d-30be8e70e5ce","has_more":true,"dry_run":false}
batch=395 {"success":true,"platform":"lazada","merchant_id":"ffe8519e-49a2-467b-a0ec-57d28ba8be49","shop_id":"100184574113","processed":5,"updated":5,"errors":0,"api_error":null,"upsert_errors":[],"next_after_id":"cee87909-50d9-443f-b95e-f57602c32080","has_more":true,"dry_run":false}
batch=396 {"success":true,"platform":"lazada","merchant_id":"ffe8519e-49a2-467b-a0ec-57d28ba8be49","shop_id":"100184574113","processed":5,"updated":5,"errors":0,"api_error":null,"upsert_errors":[],"next_after_id":"cf7c0e82-7b69-4da6-8c31-6241dd37a06f","has_more":true,"dry_run":false}
batch=397 {"success":true,"platform":"lazada","merchant_id":"ffe8519e-49a2-467b-a0ec-57d28ba8be49","shop_id":"100184574113","processed":5,"updated":5,"errors":0,"api_error":null,"upsert_errors":[],"next_after_id":"d0411362-41a2-41ee-a456-929943334506","has_more":true,"dry_run":false}
batch=398 {"success":true,"platform":"lazada","merchant_id":"ffe8519e-49a2-467b-a0ec-57d28ba8be49","shop_id":"100184574113","processed":5,"updated":5,"errors":0,"api_error":null,"upsert_errors":[],"next_after_id":"d125a281-4642-47c4-a4df-3181dce3f3ed","has_more":true,"dry_run":false}
batch=399 {"success":true,"platform":"lazada","merchant_id":"ffe8519e-49a2-467b-a0ec-57d28ba8be49","shop_id":"100184574113","processed":5,"updated":5,"errors":0,"api_error":null,"upsert_errors":[],"next_after_id":"d28fdbaf-afa6-47b9-9349-f9e6785d5c69","has_more":true,"dry_run":false}
batch=400 {"success":true,"platform":"lazada","merchant_id":"ffe8519e-49a2-467b-a0ec-57d28ba8be49","shop_id":"100184574113","processed":5,"updated":5,"errors":0,"api_error":null,"upsert_errors":[],"next_after_id":"d30cce82-a32a-4bd7-a81a-3b9aa1aafbee","has_more":true,"dry_run":false}
batch=401 {"success":true,"platform":"lazada","merchant_id":"ffe8519e-49a2-467b-a0ec-57d28ba8be49","shop_id":"100184574113","processed":5,"updated":5,"errors":0,"api_error":null,"upsert_errors":[],"next_after_id":"d37cef95-b4a8-4599-a2c6-031ccd116efb","has_more":true,"dry_run":false}
batch=402 {"success":true,"platform":"lazada","merchant_id":"ffe8519e-49a2-467b-a0ec-57d28ba8be49","shop_id":"100184574113","processed":5,"updated":5,"errors":0,"api_error":null,"upsert_errors":[],"next_after_id":"d3ef467e-5b13-4868-8db3-79518feb7300","has_more":true,"dry_run":false}
batch=403 {"success":true,"platform":"lazada","merchant_id":"ffe8519e-49a2-467b-a0ec-57d28ba8be49","shop_id":"100184574113","processed":5,"updated":5,"errors":0,"api_error":null,"upsert_errors":[],"next_after_id":"d4728995-f336-4f9b-8a34-88944ee5c6f0","has_more":true,"dry_run":false}
batch=404 {"success":true,"platform":"lazada","merchant_id":"ffe8519e-49a2-467b-a0ec-57d28ba8be49","shop_id":"100184574113","processed":5,"updated":5,"errors":0,"api_error":null,"upsert_errors":[],"next_after_id":"d4d4709b-d651-4442-b53e-172aa818d1fd","has_more":true,"dry_run":false}
batch=405 {"success":true,"platform":"lazada","merchant_id":"ffe8519e-49a2-467b-a0ec-57d28ba8be49","shop_id":"100184574113","processed":5,"updated":5,"errors":0,"api_error":null,"upsert_errors":[],"next_after_id":"d521cebd-a40d-4ad5-ad78-9fa8cbdec712","has_more":true,"dry_run":false}
batch=406 {"success":true,"platform":"lazada","merchant_id":"ffe8519e-49a2-467b-a0ec-57d28ba8be49","shop_id":"100184574113","processed":5,"updated":5,"errors":0,"api_error":null,"upsert_errors":[],"next_after_id":"d664aac4-0135-46a2-ae53-2780a70524c7","has_more":true,"dry_run":false}
batch=407 {"success":true,"platform":"lazada","merchant_id":"ffe8519e-49a2-467b-a0ec-57d28ba8be49","shop_id":"100184574113","processed":5,"updated":5,"errors":0,"api_error":null,"upsert_errors":[],"next_after_id":"d708f6a2-5955-4498-a812-69dd00648d34","has_more":true,"dry_run":false}
batch=408 {"success":true,"platform":"lazada","merchant_id":"ffe8519e-49a2-467b-a0ec-57d28ba8be49","shop_id":"100184574113","processed":5,"updated":5,"errors":0,"api_error":null,"upsert_errors":[],"next_after_id":"d74f4f49-1008-4eaf-b358-d281b35fccee","has_more":true,"dry_run":false}
batch=409 {"success":true,"platform":"lazada","merchant_id":"ffe8519e-49a2-467b-a0ec-57d28ba8be49","shop_id":"100184574113","processed":5,"updated":5,"errors":0,"api_error":null,"upsert_errors":[],"next_after_id":"d7b7d54b-1602-4728-9482-1a44548eb89f","has_more":true,"dry_run":false}
batch=410 {"success":true,"platform":"lazada","merchant_id":"ffe8519e-49a2-467b-a0ec-57d28ba8be49","shop_id":"100184574113","processed":5,"updated":5,"errors":0,"api_error":null,"upsert_errors":[],"next_after_id":"d84e2eed-825b-4006-83ca-fa4af012cd34","has_more":true,"dry_run":false}
batch=411 {"success":true,"platform":"lazada","merchant_id":"ffe8519e-49a2-467b-a0ec-57d28ba8be49","shop_id":"100184574113","processed":5,"updated":5,"errors":0,"api_error":null,"upsert_errors":[],"next_after_id":"d895ba1d-97d8-441f-b490-959dbe6ca32a","has_more":true,"dry_run":false}
batch=412 {"success":true,"platform":"lazada","merchant_id":"ffe8519e-49a2-467b-a0ec-57d28ba8be49","shop_id":"100184574113","processed":5,"updated":5,"errors":0,"api_error":null,"upsert_errors":[],"next_after_id":"d96855bd-ba41-48f6-ac07-ff1cd157ee44","has_more":true,"dry_run":false}
batch=413 {"success":true,"platform":"lazada","merchant_id":"ffe8519e-49a2-467b-a0ec-57d28ba8be49","shop_id":"100184574113","processed":5,"updated":5,"errors":0,"api_error":null,"upsert_errors":[],"next_after_id":"da07e70f-1a4e-4a25-8db1-a1e23a3a398d","has_more":true,"dry_run":false}
batch=414 {"success":true,"platform":"lazada","merchant_id":"ffe8519e-49a2-467b-a0ec-57d28ba8be49","shop_id":"100184574113","processed":5,"updated":5,"errors":0,"api_error":null,"upsert_errors":[],"next_after_id":"db1b9794-ffaf-4bee-ab22-7dc2c0c00ac8","has_more":true,"dry_run":false}
batch=415 {"success":true,"platform":"lazada","merchant_id":"ffe8519e-49a2-467b-a0ec-57d28ba8be49","shop_id":"100184574113","processed":5,"updated":5,"errors":0,"api_error":null,"upsert_errors":[],"next_after_id":"db9ea589-1084-4b80-9964-e475d8059bc2","has_more":true,"dry_run":false}
batch=416 {"success":true,"platform":"lazada","merchant_id":"ffe8519e-49a2-467b-a0ec-57d28ba8be49","shop_id":"100184574113","processed":5,"updated":5,"errors":0,"api_error":null,"upsert_errors":[],"next_after_id":"dbf83c19-e7b2-478e-9a14-e834bac80033","has_more":true,"dry_run":false}
batch=417 {"success":true,"platform":"lazada","merchant_id":"ffe8519e-49a2-467b-a0ec-57d28ba8be49","shop_id":"100184574113","processed":5,"updated":5,"errors":0,"api_error":null,"upsert_errors":[],"next_after_id":"dc530fa4-2788-4d08-b902-b11dbfd93f31","has_more":true,"dry_run":false}
batch=418 {"success":true,"platform":"lazada","merchant_id":"ffe8519e-49a2-467b-a0ec-57d28ba8be49","shop_id":"100184574113","processed":5,"updated":5,"errors":0,"api_error":null,"upsert_errors":[],"next_after_id":"dca53448-b879-4afa-9837-57140074db1e","has_more":true,"dry_run":false}
batch=419 {"success":true,"platform":"lazada","merchant_id":"ffe8519e-49a2-467b-a0ec-57d28ba8be49","shop_id":"100184574113","processed":5,"updated":5,"errors":0,"api_error":null,"upsert_errors":[],"next_after_id":"dcf95dbf-62b0-4d81-8388-586c41c7ce03","has_more":true,"dry_run":false}
batch=420 {"success":true,"platform":"lazada","merchant_id":"ffe8519e-49a2-467b-a0ec-57d28ba8be49","shop_id":"100184574113","processed":5,"updated":5,"errors":0,"api_error":null,"upsert_errors":[],"next_after_id":"ddefead7-1769-4d16-b1ce-924725b55ff3","has_more":true,"dry_run":false}
batch=421 {"success":true,"platform":"lazada","merchant_id":"ffe8519e-49a2-467b-a0ec-57d28ba8be49","shop_id":"100184574113","processed":5,"updated":5,"errors":0,"api_error":null,"upsert_errors":[],"next_after_id":"de6632f1-46ec-4d4f-ae5d-0592c9aacb14","has_more":true,"dry_run":false}
batch=422 {"success":true,"platform":"lazada","merchant_id":"ffe8519e-49a2-467b-a0ec-57d28ba8be49","shop_id":"100184574113","processed":5,"updated":5,"errors":0,"api_error":null,"upsert_errors":[],"next_after_id":"de894972-064e-4abd-9963-8fd27a36ccf6","has_more":true,"dry_run":false}
batch=423 {"success":true,"platform":"lazada","merchant_id":"ffe8519e-49a2-467b-a0ec-57d28ba8be49","shop_id":"100184574113","processed":5,"updated":5,"errors":0,"api_error":null,"upsert_errors":[],"next_after_id":"df3f9520-248e-4543-9e43-267d7d2462c2","has_more":true,"dry_run":false}
batch=424 {"success":true,"platform":"lazada","merchant_id":"ffe8519e-49a2-467b-a0ec-57d28ba8be49","shop_id":"100184574113","processed":5,"updated":5,"errors":0,"api_error":null,"upsert_errors":[],"next_after_id":"dfe7c092-c95d-4c34-b82f-f125cc69f80b","has_more":true,"dry_run":false}
batch=425 {"success":true,"platform":"lazada","merchant_id":"ffe8519e-49a2-467b-a0ec-57d28ba8be49","shop_id":"100184574113","processed":5,"updated":5,"errors":0,"api_error":null,"upsert_errors":[],"next_after_id":"e0805c00-e40c-4636-ad58-eb39d0e5f6fe","has_more":true,"dry_run":false}
batch=426 {"success":true,"platform":"lazada","merchant_id":"ffe8519e-49a2-467b-a0ec-57d28ba8be49","shop_id":"100184574113","processed":5,"updated":5,"errors":0,"api_error":null,"upsert_errors":[],"next_after_id":"e1716386-1220-4401-a1bb-5ee374c65d1f","has_more":true,"dry_run":false}
batch=427 {"success":true,"platform":"lazada","merchant_id":"ffe8519e-49a2-467b-a0ec-57d28ba8be49","shop_id":"100184574113","processed":5,"updated":5,"errors":0,"api_error":null,"upsert_errors":[],"next_after_id":"e18f0ad5-d8d0-4461-bded-78b23914ae3b","has_more":true,"dry_run":false}
batch=428 {"success":true,"platform":"lazada","merchant_id":"ffe8519e-49a2-467b-a0ec-57d28ba8be49","shop_id":"100184574113","processed":5,"updated":5,"errors":0,"api_error":null,"upsert_errors":[],"next_after_id":"e1fb0321-abd3-4732-a329-0305abaa4a05","has_more":true,"dry_run":false}
batch=429 {"success":true,"platform":"lazada","merchant_id":"ffe8519e-49a2-467b-a0ec-57d28ba8be49","shop_id":"100184574113","processed":5,"updated":5,"errors":0,"api_error":null,"upsert_errors":[],"next_after_id":"e303317f-0f69-4ca3-8a9e-2d60420b3a16","has_more":true,"dry_run":false}
batch=430 {"success":true,"platform":"lazada","merchant_id":"ffe8519e-49a2-467b-a0ec-57d28ba8be49","shop_id":"100184574113","processed":5,"updated":5,"errors":0,"api_error":null,"upsert_errors":[],"next_after_id":"e404bbe7-d314-42bb-a862-570b05312714","has_more":true,"dry_run":false}
batch=431 {"success":true,"platform":"lazada","merchant_id":"ffe8519e-49a2-467b-a0ec-57d28ba8be49","shop_id":"100184574113","processed":5,"updated":5,"errors":0,"api_error":null,"upsert_errors":[],"next_after_id":"e4c412dc-d16f-47a6-bd35-11f74af7af7e","has_more":true,"dry_run":false}
batch=432 {"success":true,"platform":"lazada","merchant_id":"ffe8519e-49a2-467b-a0ec-57d28ba8be49","shop_id":"100184574113","processed":5,"updated":5,"errors":0,"api_error":null,"upsert_errors":[],"next_after_id":"e504a0da-64f4-4340-9db2-0b112160aa6f","has_more":true,"dry_run":false}
batch=433 {"success":true,"platform":"lazada","merchant_id":"ffe8519e-49a2-467b-a0ec-57d28ba8be49","shop_id":"100184574113","processed":5,"updated":5,"errors":0,"api_error":null,"upsert_errors":[],"next_after_id":"e5757e33-c75d-451a-b69a-8c41d75b432f","has_more":true,"dry_run":false}
batch=434 {"success":true,"platform":"lazada","merchant_id":"ffe8519e-49a2-467b-a0ec-57d28ba8be49","shop_id":"100184574113","processed":5,"updated":5,"errors":0,"api_error":null,"upsert_errors":[],"next_after_id":"e5e30f1e-4fcf-45bb-b633-5edf1f889778","has_more":true,"dry_run":false}
batch=435 {"success":true,"platform":"lazada","merchant_id":"ffe8519e-49a2-467b-a0ec-57d28ba8be49","shop_id":"100184574113","processed":5,"updated":5,"errors":0,"api_error":null,"upsert_errors":[],"next_after_id":"e6707d18-72e7-45d5-a744-f53e5c2100a4","has_more":true,"dry_run":false}
batch=436 {"success":true,"platform":"lazada","merchant_id":"ffe8519e-49a2-467b-a0ec-57d28ba8be49","shop_id":"100184574113","processed":5,"updated":5,"errors":0,"api_error":null,"upsert_errors":[],"next_after_id":"e6e6ed7f-6476-4f61-b7bf-e20f59250259","has_more":true,"dry_run":false}
batch=437 {"success":true,"platform":"lazada","merchant_id":"ffe8519e-49a2-467b-a0ec-57d28ba8be49","shop_id":"100184574113","processed":5,"updated":5,"errors":0,"api_error":null,"upsert_errors":[],"next_after_id":"e7607e3a-06cd-49a0-9706-a5bc0c8f8749","has_more":true,"dry_run":false}
batch=438 {"success":true,"platform":"lazada","merchant_id":"ffe8519e-49a2-467b-a0ec-57d28ba8be49","shop_id":"100184574113","processed":5,"updated":5,"errors":0,"api_error":null,"upsert_errors":[],"next_after_id":"e7c3222f-73b8-4f62-9ad9-b35cc13f3018","has_more":true,"dry_run":false}
batch=439 {"success":true,"platform":"lazada","merchant_id":"ffe8519e-49a2-467b-a0ec-57d28ba8be49","shop_id":"100184574113","processed":5,"updated":5,"errors":0,"api_error":null,"upsert_errors":[],"next_after_id":"e88c6c19-fc49-4453-b09f-784dacf5cc45","has_more":true,"dry_run":false}
batch=440 {"success":true,"platform":"lazada","merchant_id":"ffe8519e-49a2-467b-a0ec-57d28ba8be49","shop_id":"100184574113","processed":5,"updated":5,"errors":0,"api_error":null,"upsert_errors":[],"next_after_id":"e9461934-b0a3-47b9-8094-238068bb3bc4","has_more":true,"dry_run":false}
batch=441 {"success":true,"platform":"lazada","merchant_id":"ffe8519e-49a2-467b-a0ec-57d28ba8be49","shop_id":"100184574113","processed":5,"updated":5,"errors":0,"api_error":null,"upsert_errors":[],"next_after_id":"e9c3c944-f862-4a89-ba44-36ce8bd7ca8e","has_more":true,"dry_run":false}
batch=442 {"success":true,"platform":"lazada","merchant_id":"ffe8519e-49a2-467b-a0ec-57d28ba8be49","shop_id":"100184574113","processed":5,"updated":5,"errors":0,"api_error":null,"upsert_errors":[],"next_after_id":"ea1d8de5-1f7b-4feb-bc90-82b85a7671c4","has_more":true,"dry_run":false}
batch=443 {"success":true,"platform":"lazada","merchant_id":"ffe8519e-49a2-467b-a0ec-57d28ba8be49","shop_id":"100184574113","processed":5,"updated":5,"errors":0,"api_error":null,"upsert_errors":[],"next_after_id":"eace59e3-1be4-45d2-ad36-ec4187beba49","has_more":true,"dry_run":false}
batch=444 {"success":true,"platform":"lazada","merchant_id":"ffe8519e-49a2-467b-a0ec-57d28ba8be49","shop_id":"100184574113","processed":5,"updated":5,"errors":0,"api_error":null,"upsert_errors":[],"next_after_id":"eb287f2b-91f4-4b13-8ed3-a3001a4f362c","has_more":true,"dry_run":false}
batch=445 {"success":true,"platform":"lazada","merchant_id":"ffe8519e-49a2-467b-a0ec-57d28ba8be49","shop_id":"100184574113","processed":5,"updated":5,"errors":0,"api_error":null,"upsert_errors":[],"next_after_id":"eb83a3e8-ef7b-4197-aeb9-fd53c164c420","has_more":true,"dry_run":false}
batch=446 {"success":true,"platform":"lazada","merchant_id":"ffe8519e-49a2-467b-a0ec-57d28ba8be49","shop_id":"100184574113","processed":5,"updated":5,"errors":0,"api_error":null,"upsert_errors":[],"next_after_id":"ebf92376-0b0a-4fee-a439-f43e84d39cf1","has_more":true,"dry_run":false}
batch=447 {"success":true,"platform":"lazada","merchant_id":"ffe8519e-49a2-467b-a0ec-57d28ba8be49","shop_id":"100184574113","processed":5,"updated":5,"errors":0,"api_error":null,"upsert_errors":[],"next_after_id":"ec6b7661-f592-4bc3-8e2d-0f1eaeb3d155","has_more":true,"dry_run":false}
batch=448 {"success":true,"platform":"lazada","merchant_id":"ffe8519e-49a2-467b-a0ec-57d28ba8be49","shop_id":"100184574113","processed":5,"updated":5,"errors":0,"api_error":null,"upsert_errors":[],"next_after_id":"ecabec26-c148-4dca-96b8-4f7409a4be56","has_more":true,"dry_run":false}
batch=449 {"success":true,"platform":"lazada","merchant_id":"ffe8519e-49a2-467b-a0ec-57d28ba8be49","shop_id":"100184574113","processed":5,"updated":5,"errors":0,"api_error":null,"upsert_errors":[],"next_after_id":"ed849d22-0ee1-4e8a-9231-c5187be0a537","has_more":true,"dry_run":false}
batch=450 {"success":true,"platform":"lazada","merchant_id":"ffe8519e-49a2-467b-a0ec-57d28ba8be49","shop_id":"100184574113","processed":5,"updated":5,"errors":0,"api_error":null,"upsert_errors":[],"next_after_id":"ede3177d-3c93-4814-9285-3354ae56c8a2","has_more":true,"dry_run":false}
batch=451 {"success":true,"platform":"lazada","merchant_id":"ffe8519e-49a2-467b-a0ec-57d28ba8be49","shop_id":"100184574113","processed":5,"updated":5,"errors":0,"api_error":null,"upsert_errors":[],"next_after_id":"ee68fceb-57f2-4465-9ab6-3d1f15129e42","has_more":true,"dry_run":false}
batch=452 {"success":true,"platform":"lazada","merchant_id":"ffe8519e-49a2-467b-a0ec-57d28ba8be49","shop_id":"100184574113","processed":5,"updated":5,"errors":0,"api_error":null,"upsert_errors":[],"next_after_id":"eed05c5f-8a5f-4df6-8880-d49a7e373c28","has_more":true,"dry_run":false}
batch=453 {"success":true,"platform":"lazada","merchant_id":"ffe8519e-49a2-467b-a0ec-57d28ba8be49","shop_id":"100184574113","processed":5,"updated":5,"errors":0,"api_error":null,"upsert_errors":[],"next_after_id":"ef55145a-4f43-40d8-a2c7-fb7a3e5bb5f4","has_more":true,"dry_run":false}
batch=454 {"success":true,"platform":"lazada","merchant_id":"ffe8519e-49a2-467b-a0ec-57d28ba8be49","shop_id":"100184574113","processed":5,"updated":5,"errors":0,"api_error":null,"upsert_errors":[],"next_after_id":"eff242bf-22fa-4fff-9d4f-c61432de91f3","has_more":true,"dry_run":false}
batch=455 {"success":true,"platform":"lazada","merchant_id":"ffe8519e-49a2-467b-a0ec-57d28ba8be49","shop_id":"100184574113","processed":5,"updated":5,"errors":0,"api_error":null,"upsert_errors":[],"next_after_id":"f050201f-ef80-421b-9bd4-b42650dfaf8c","has_more":true,"dry_run":false}
batch=456 {"success":true,"platform":"lazada","merchant_id":"ffe8519e-49a2-467b-a0ec-57d28ba8be49","shop_id":"100184574113","processed":5,"updated":5,"errors":0,"api_error":null,"upsert_errors":[],"next_after_id":"f084edcd-b2a4-490f-9f10-4aca1902eae4","has_more":true,"dry_run":false}
batch=457 {"success":true,"platform":"lazada","merchant_id":"ffe8519e-49a2-467b-a0ec-57d28ba8be49","shop_id":"100184574113","processed":5,"updated":5,"errors":0,"api_error":null,"upsert_errors":[],"next_after_id":"f12d1ff1-156a-4f14-b13f-6ca4bd55bafd","has_more":true,"dry_run":false}
batch=458 {"success":true,"platform":"lazada","merchant_id":"ffe8519e-49a2-467b-a0ec-57d28ba8be49","shop_id":"100184574113","processed":5,"updated":5,"errors":0,"api_error":null,"upsert_errors":[],"next_after_id":"f188f26a-b147-42b9-a6d1-7381e29b4364","has_more":true,"dry_run":false}
batch=459 {"success":true,"platform":"lazada","merchant_id":"ffe8519e-49a2-467b-a0ec-57d28ba8be49","shop_id":"100184574113","processed":5,"updated":5,"errors":0,"api_error":null,"upsert_errors":[],"next_after_id":"f1c5ee29-16cd-4141-abab-8b04e233847c","has_more":true,"dry_run":false}
batch=460 {"success":true,"platform":"lazada","merchant_id":"ffe8519e-49a2-467b-a0ec-57d28ba8be49","shop_id":"100184574113","processed":5,"updated":5,"errors":0,"api_error":null,"upsert_errors":[],"next_after_id":"f2cb4bfa-3149-4213-8990-7486dac56be5","has_more":true,"dry_run":false}
batch=461 {"success":true,"platform":"lazada","merchant_id":"ffe8519e-49a2-467b-a0ec-57d28ba8be49","shop_id":"100184574113","processed":5,"updated":5,"errors":0,"api_error":null,"upsert_errors":[],"next_after_id":"f3fb6b45-8c5b-4769-b730-526344eab788","has_more":true,"dry_run":false}
batch=462 {"success":true,"platform":"lazada","merchant_id":"ffe8519e-49a2-467b-a0ec-57d28ba8be49","shop_id":"100184574113","processed":5,"updated":5,"errors":0,"api_error":null,"upsert_errors":[],"next_after_id":"f4225fed-b034-41cb-ae02-4c332c21b470","has_more":true,"dry_run":false}
batch=463 {"success":true,"platform":"lazada","merchant_id":"ffe8519e-49a2-467b-a0ec-57d28ba8be49","shop_id":"100184574113","processed":5,"updated":5,"errors":0,"api_error":null,"upsert_errors":[],"next_after_id":"f4e58576-14db-49b9-a54e-9062651407ff","has_more":true,"dry_run":false}
batch=464 {"success":true,"platform":"lazada","merchant_id":"ffe8519e-49a2-467b-a0ec-57d28ba8be49","shop_id":"100184574113","processed":5,"updated":5,"errors":0,"api_error":null,"upsert_errors":[],"next_after_id":"f5fc2991-abc0-42f7-9a3f-0f8ca2ee451a","has_more":true,"dry_run":false}
batch=465 {"success":true,"platform":"lazada","merchant_id":"ffe8519e-49a2-467b-a0ec-57d28ba8be49","shop_id":"100184574113","processed":5,"updated":5,"errors":0,"api_error":null,"upsert_errors":[],"next_after_id":"f67b22bf-c01f-49d3-9ceb-6f25aa71d4bd","has_more":true,"dry_run":false}
batch=466 {"success":true,"platform":"lazada","merchant_id":"ffe8519e-49a2-467b-a0ec-57d28ba8be49","shop_id":"100184574113","processed":5,"updated":5,"errors":0,"api_error":null,"upsert_errors":[],"next_after_id":"f6e93adb-6778-4687-8b4c-3739377709d8","has_more":true,"dry_run":false}
batch=467 {"success":true,"platform":"lazada","merchant_id":"ffe8519e-49a2-467b-a0ec-57d28ba8be49","shop_id":"100184574113","processed":5,"updated":5,"errors":0,"api_error":null,"upsert_errors":[],"next_after_id":"f74d85f0-b888-49f2-84c2-391adca762bc","has_more":true,"dry_run":false}
batch=468 {"success":true,"platform":"lazada","merchant_id":"ffe8519e-49a2-467b-a0ec-57d28ba8be49","shop_id":"100184574113","processed":5,"updated":5,"errors":0,"api_error":null,"upsert_errors":[],"next_after_id":"f7918b86-4cba-4e8d-9c44-d872df16d735","has_more":true,"dry_run":false}
batch=469 {"success":true,"platform":"lazada","merchant_id":"ffe8519e-49a2-467b-a0ec-57d28ba8be49","shop_id":"100184574113","processed":5,"updated":5,"errors":0,"api_error":null,"upsert_errors":[],"next_after_id":"f869f00c-cd5b-4065-b1ea-1b4ce27f7f94","has_more":true,"dry_run":false}
batch=470 {"success":true,"platform":"lazada","merchant_id":"ffe8519e-49a2-467b-a0ec-57d28ba8be49","shop_id":"100184574113","processed":5,"updated":5,"errors":0,"api_error":null,"upsert_errors":[],"next_after_id":"f92cd847-31d4-4114-a1f2-9ab1942ab875","has_more":true,"dry_run":false}
batch=471 {"success":true,"platform":"lazada","merchant_id":"ffe8519e-49a2-467b-a0ec-57d28ba8be49","shop_id":"100184574113","processed":5,"updated":5,"errors":0,"api_error":null,"upsert_errors":[],"next_after_id":"f97652b6-1107-4524-9e79-8c830f772a70","has_more":true,"dry_run":false}
batch=472 {"success":true,"platform":"lazada","merchant_id":"ffe8519e-49a2-467b-a0ec-57d28ba8be49","shop_id":"100184574113","processed":5,"updated":5,"errors":0,"api_error":null,"upsert_errors":[],"next_after_id":"f9c3c478-71fa-46c2-aafc-b9245bc96ed8","has_more":true,"dry_run":false}
batch=473 {"success":true,"platform":"lazada","merchant_id":"ffe8519e-49a2-467b-a0ec-57d28ba8be49","shop_id":"100184574113","processed":5,"updated":5,"errors":0,"api_error":null,"upsert_errors":[],"next_after_id":"fa436152-dbcb-4652-9a08-bf787b153f7f","has_more":true,"dry_run":false}
batch=474 {"success":true,"platform":"lazada","merchant_id":"ffe8519e-49a2-467b-a0ec-57d28ba8be49","shop_id":"100184574113","processed":5,"updated":5,"errors":0,"api_error":null,"upsert_errors":[],"next_after_id":"fa85086e-9fee-4fcb-bf36-d08787bcdda8","has_more":true,"dry_run":false}
batch=475 {"success":true,"platform":"lazada","merchant_id":"ffe8519e-49a2-467b-a0ec-57d28ba8be49","shop_id":"100184574113","processed":5,"updated":5,"errors":0,"api_error":null,"upsert_errors":[],"next_after_id":"faea1e4b-bdc9-4f1a-8326-148a878feca3","has_more":true,"dry_run":false}
batch=476 {"success":true,"platform":"lazada","merchant_id":"ffe8519e-49a2-467b-a0ec-57d28ba8be49","shop_id":"100184574113","processed":5,"updated":5,"errors":0,"api_error":null,"upsert_errors":[],"next_after_id":"fbb9dd54-3c72-479a-ade0-045ad1099ae7","has_more":true,"dry_run":false}
batch=477 {"success":true,"platform":"lazada","merchant_id":"ffe8519e-49a2-467b-a0ec-57d28ba8be49","shop_id":"100184574113","processed":5,"updated":5,"errors":0,"api_error":null,"upsert_errors":[],"next_after_id":"fc28cff8-227e-486a-8a05-89ab6bf329f3","has_more":true,"dry_run":false}
batch=478 {"success":true,"platform":"lazada","merchant_id":"ffe8519e-49a2-467b-a0ec-57d28ba8be49","shop_id":"100184574113","processed":5,"updated":5,"errors":0,"api_error":null,"upsert_errors":[],"next_after_id":"fca18bc6-d140-4264-a3f8-3f65b0083d7c","has_more":true,"dry_run":false}
batch=479 {"success":true,"platform":"lazada","merchant_id":"ffe8519e-49a2-467b-a0ec-57d28ba8be49","shop_id":"100184574113","processed":5,"updated":5,"errors":0,"api_error":null,"upsert_errors":[],"next_after_id":"fd10c03d-9f25-4769-b3f9-82f5a95cab66","has_more":true,"dry_run":false}
batch=480 {"success":true,"platform":"lazada","merchant_id":"ffe8519e-49a2-467b-a0ec-57d28ba8be49","shop_id":"100184574113","processed":5,"updated":5,"errors":0,"api_error":null,"upsert_errors":[],"next_after_id":"fdafc93d-96f7-47c2-9b70-be2f94bbb467","has_more":true,"dry_run":false}
batch=481 {"success":true,"platform":"lazada","merchant_id":"ffe8519e-49a2-467b-a0ec-57d28ba8be49","shop_id":"100184574113","processed":5,"updated":5,"errors":0,"api_error":null,"upsert_errors":[],"next_after_id":"fe124a9b-70b1-4cdf-a239-68ded3ac9f0d","has_more":true,"dry_run":false}
batch=482 {"success":true,"platform":"lazada","merchant_id":"ffe8519e-49a2-467b-a0ec-57d28ba8be49","shop_id":"100184574113","processed":5,"updated":5,"errors":0,"api_error":null,"upsert_errors":[],"next_after_id":"fee4a5ce-251e-4d31-b0e5-0e498702a711","has_more":true,"dry_run":false}
batch=483 {"success":true,"platform":"lazada","merchant_id":"ffe8519e-49a2-467b-a0ec-57d28ba8be49","shop_id":"100184574113","processed":5,"updated":5,"errors":0,"api_error":null,"upsert_errors":[],"next_after_id":"ff0b0bc3-79c7-4769-8c79-4ed96ac5218b","has_more":true,"dry_run":false}
batch=484 {"success":true,"platform":"lazada","merchant_id":"ffe8519e-49a2-467b-a0ec-57d28ba8be49","shop_id":"100184574113","processed":5,"updated":5,"errors":0,"api_error":null,"upsert_errors":[],"next_after_id":"ff62f923-8656-43f5-970e-7b5bad017fec","has_more":true,"dry_run":false}
batch=485 {"success":true,"platform":"lazada","merchant_id":"ffe8519e-49a2-467b-a0ec-57d28ba8be49","shop_id":"100184574113","processed":5,"updated":5,"errors":0,"api_error":null,"upsert_errors":[],"next_after_id":"ffb5ddbf-c421-4363-ae81-3c38c94c2122","has_more":true,"dry_run":false}
batch=486 {"success":true,"platform":"lazada","merchant_id":"ffe8519e-49a2-467b-a0ec-57d28ba8be49","shop_id":"100184574113","processed":2,"updated":2,"errors":0,"api_error":null,"upsert_errors":[],"next_after_id":"ffeea873-b8ce-4e27-8a50-333891c5f556","has_more":false,"dry_run":false}
done platform=lazada updated=2427 batches=486
