batch=1 {"success":true,"platform":"shopee","merchant_id":"ffe8519e-49a2-467b-a0ec-57d28ba8be49","shop_id":"224882570","processed":20,"updated":19,"errors":1,"api_error":null,"upsert_errors":[{"order_sn":"2608101KUAV8E8","error":"ON CONFLICT DO UPDATE command cannot affect row a second time"}],"next_after_id":"8d13bc4b-6b8f-4188-b5d8-fb6e006449f4","has_more":true,"dry_run":false}
batch=2 {"success":true,"platform":"shopee","merchant_id":"ffe8519e-49a2-467b-a0ec-57d28ba8be49","shop_id":"224882570","processed":20,"updated":20,"errors":0,"api_error":null,"upsert_errors":[],"next_after_id":"8d32658e-1d69-4ead-a6f4-853320418828","has_more":true,"dry_run":false}
batch=3 {"success":true,"platform":"shopee","merchant_id":"ffe8519e-49a2-467b-a0ec-57d28ba8be49","shop_id":"224882570","processed":20,"updated":20,"errors":0,"api_error":null,"upsert_errors":[],"next_after_id":"8d5c09ab-9403-4ec8-9bfd-8072512df8e3","has_more":true,"dry_run":false}
batch=4 {"success":true,"platform":"shopee","merchant_id":"ffe8519e-49a2-467b-a0ec-57d28ba8be49","shop_id":"224882570","processed":20,"updated":20,"errors":0,"api_error":null,"upsert_errors":[],"next_after_id":"8d82a24e-72f0-485a-874b-bd8dece75f97","has_more":true,"dry_run":false}
batch=5 {"success":true,"platform":"shopee","merchant_id":"ffe8519e-49a2-467b-a0ec-57d28ba8be49","shop_id":"224882570","processed":20,"updated":20,"errors":0,"api_error":null,"upsert_errors":[],"next_after_id":"8db36ca3-75d1-43f9-97ba-232a339b9997","has_more":true,"dry_run":false}
batch=6 {"success":true,"platform":"shopee","merchant_id":"ffe8519e-49a2-467b-a0ec-57d28ba8be49","shop_id":"224882570","processed":20,"updated":20,"errors":0,"api_error":null,"upsert_errors":[],"next_after_id":"8def40c8-b7ee-48b7-a63d-4b278918ae27","has_more":true,"dry_run":false}
batch=7 {"success":true,"platform":"shopee","merchant_id":"ffe8519e-49a2-467b-a0ec-57d28ba8be49","shop_id":"224882570","processed":20,"updated":20,"errors":0,"api_error":null,"upsert_errors":[],"next_after_id":"8e1bc7dd-11e1-4756-9d71-20f340f3223e","has_more":true,"dry_run":false}
batch=8 {"success":true,"platform":"shopee","merchant_id":"ffe8519e-49a2-467b-a0ec-57d28ba8be49","shop_id":"224882570","processed":20,"updated":20,"errors":0,"api_error":null,"upsert_errors":[],"next_after_id":"8e3ad76c-7971-48a3-a77d-3fe04baa3a8c","has_more":true,"dry_run":false}
batch=9 {"success":true,"platform":"shopee","merchant_id":"ffe8519e-49a2-467b-a0ec-57d28ba8be49","shop_id":"224882570","processed":20,"updated":20,"errors":0,"api_error":null,"upsert_errors":[],"next_after_id":"8e6e3741-e9d8-42cd-ae4c-d5de9ef264a3","has_more":true,"dry_run":false}
batch=10 {"success":true,"platform":"shopee","merchant_id":"ffe8519e-49a2-467b-a0ec-57d28ba8be49","shop_id":"224882570","processed":20,"updated":20,"errors":0,"api_error":null,"upsert_errors":[],"next_after_id":"8e9799e2-3cc7-4140-ab33-5ca215ab7627","has_more":true,"dry_run":false}
batch=11 {"success":true,"platform":"shopee","merchant_id":"ffe8519e-49a2-467b-a0ec-57d28ba8be49","shop_id":"224882570","processed":20,"updated":20,"errors":0,"api_error":null,"upsert_errors":[],"next_after_id":"8ebef9ca-1431-4487-8fdb-f2a9d3cdb995","has_more":true,"dry_run":false}
batch=12 {"success":true,"platform":"shopee","merchant_id":"ffe8519e-49a2-467b-a0ec-57d28ba8be49","shop_id":"224882570","processed":20,"updated":20,"errors":0,"api_error":null,"upsert_errors":[],"next_after_id":"8eedddcd-156b-4189-a459-4b6e2cc9d327","has_more":true,"dry_run":false}
batch=13 {"success":true,"platform":"shopee","merchant_id":"ffe8519e-49a2-467b-a0ec-57d28ba8be49","shop_id":"224882570","processed":20,"updated":20,"errors":0,"api_error":null,"upsert_errors":[],"next_after_id":"8f328b25-f8a8-4920-95b8-653445bbface","has_more":true,"dry_run":false}
batch=14 {"success":true,"platform":"shopee","merchant_id":"ffe8519e-49a2-467b-a0ec-57d28ba8be49","shop_id":"224882570","processed":20,"updated":20,"errors":0,"api_error":null,"upsert_errors":[],"next_after_id":"8f63ea72-14f6-4598-baab-1fc7cd0fe87c","has_more":true,"dry_run":false}
batch=15 {"success":true,"platform":"shopee","merchant_id":"ffe8519e-49a2-467b-a0ec-57d28ba8be49","shop_id":"224882570","processed":20,"updated":20,"errors":0,"api_error":null,"upsert_errors":[],"next_after_id":"8f8dbd09-3abd-4f3c-b1db-432b1e27b16a","has_more":true,"dry_run":false}
batch=16 {"success":true,"platform":"shopee","merchant_id":"ffe8519e-49a2-467b-a0ec-57d28ba8be49","shop_id":"224882570","processed":20,"updated":20,"errors":0,"api_error":null,"upsert_errors":[],"next_after_id":"8fb9ac5e-bdd2-40c1-b81a-59e51e48c9d3","has_more":true,"dry_run":false}
batch=17 {"success":true,"platform":"shopee","merchant_id":"ffe8519e-49a2-467b-a0ec-57d28ba8be49","shop_id":"224882570","processed":20,"updated":20,"errors":0,"api_error":null,"upsert_errors":[],"next_after_id":"8fd3dbae-c536-4ecc-8a8e-7ed3b25b471a","has_more":true,"dry_run":false}
batch=18 {"success":true,"platform":"shopee","merchant_id":"ffe8519e-49a2-467b-a0ec-57d28ba8be49","shop_id":"224882570","processed":20,"updated":20,"errors":0,"api_error":null,"upsert_errors":[],"next_after_id":"8ffed3c8-0ab5-4aab-ba0c-4b619d0d19e5","has_more":true,"dry_run":false}
batch=19 {"success":true,"platform":"shopee","merchant_id":"ffe8519e-49a2-467b-a0ec-57d28ba8be49","shop_id":"224882570","processed":20,"updated":20,"errors":0,"api_error":null,"upsert_errors":[],"next_after_id":"903c5c6c-b635-485e-a7e2-b2a5be8a5c4b","has_more":true,"dry_run":false}
batch=20 {"success":true,"platform":"shopee","merchant_id":"ffe8519e-49a2-467b-a0ec-57d28ba8be49","shop_id":"224882570","processed":20,"updated":20,"errors":0,"api_error":null,"upsert_errors":[],"next_after_id":"905cec24-8921-4b3e-8234-ea52d27cdd8a","has_more":true,"dry_run":false}
batch=21 {"success":true,"platform":"shopee","merchant_id":"ffe8519e-49a2-467b-a0ec-57d28ba8be49","shop_id":"224882570","processed":20,"updated":20,"errors":0,"api_error":null,"upsert_errors":[],"next_after_id":"908d441f-8063-4ac7-ab16-e234ee2edc02","has_more":true,"dry_run":false}
batch=22 {"success":true,"platform":"shopee","merchant_id":"ffe8519e-49a2-467b-a0ec-57d28ba8be49","shop_id":"224882570","processed":20,"updated":20,"errors":0,"api_error":null,"upsert_errors":[],"next_after_id":"90b14ce8-b07d-4c27-bd22-39476c6e5250","has_more":true,"dry_run":false}
batch=23 {"success":true,"platform":"shopee","merchant_id":"ffe8519e-49a2-467b-a0ec-57d28ba8be49","shop_id":"224882570","processed":20,"updated":20,"errors":0,"api_error":null,"upsert_errors":[],"next_after_id":"90cdec63-b2fd-484b-9a2c-0b89fa0736c0","has_more":true,"dry_run":false}
batch=24 {"success":true,"platform":"shopee","merchant_id":"ffe8519e-49a2-467b-a0ec-57d28ba8be49","shop_id":"224882570","processed":20,"updated":20,"errors":0,"api_error":null,"upsert_errors":[],"next_after_id":"90f4bd30-531c-46f0-b64c-49ac9769700e","has_more":true,"dry_run":false}
batch=25 {"success":true,"platform":"shopee","merchant_id":"ffe8519e-49a2-467b-a0ec-57d28ba8be49","shop_id":"224882570","processed":20,"updated":20,"errors":0,"api_error":null,"upsert_errors":[],"next_after_id":"910f1642-9a0f-4198-b2f6-5adef889dc46","has_more":true,"dry_run":false}
batch=26 {"success":true,"platform":"shopee","merchant_id":"ffe8519e-49a2-467b-a0ec-57d28ba8be49","shop_id":"224882570","processed":20,"updated":20,"errors":0,"api_error":null,"upsert_errors":[],"next_after_id":"913d1268-d742-42cd-b789-f6d83d2c48fd","has_more":true,"dry_run":false}
batch=27 {"success":true,"platform":"shopee","merchant_id":"ffe8519e-49a2-467b-a0ec-57d28ba8be49","shop_id":"224882570","processed":20,"updated":20,"errors":0,"api_error":null,"upsert_errors":[],"next_after_id":"9170e359-581e-402d-8199-2889ad1fc159","has_more":true,"dry_run":false}
batch=28 {"success":true,"platform":"shopee","merchant_id":"ffe8519e-49a2-467b-a0ec-57d28ba8be49","shop_id":"224882570","processed":20,"updated":20,"errors":0,"api_error":null,"upsert_errors":[],"next_after_id":"91982344-f9ac-4372-b308-1e8d137dca32","has_more":true,"dry_run":false}
batch=29 {"success":true,"platform":"shopee","merchant_id":"ffe8519e-49a2-467b-a0ec-57d28ba8be49","shop_id":"224882570","processed":20,"updated":20,"errors":0,"api_error":null,"upsert_errors":[],"next_after_id":"91b8305c-6d3d-4682-83ef-109c008b2647","has_more":true,"dry_run":false}
batch=30 {"success":true,"platform":"shopee","merchant_id":"ffe8519e-49a2-467b-a0ec-57d28ba8be49","shop_id":"224882570","processed":20,"updated":20,"errors":0,"api_error":null,"upsert_errors":[],"next_after_id":"91e62aad-4c1d-4fe9-9602-fc6b839def61","has_more":true,"dry_run":false}
batch=31 {"success":true,"platform":"shopee","merchant_id":"ffe8519e-49a2-467b-a0ec-57d28ba8be49","shop_id":"224882570","processed":20,"updated":20,"errors":0,"api_error":null,"upsert_errors":[],"next_after_id":"9218872c-e592-4f87-8029-dc8080977fc6","has_more":true,"dry_run":false}
batch=32 {"success":true,"platform":"shopee","merchant_id":"ffe8519e-49a2-467b-a0ec-57d28ba8be49","shop_id":"224882570","processed":20,"updated":20,"errors":0,"api_error":null,"upsert_errors":[],"next_after_id":"923719e8-d7f2-46f7-a479-bf39ba8ff8e5","has_more":true,"dry_run":false}
batch=33 {"success":true,"platform":"shopee","merchant_id":"ffe8519e-49a2-467b-a0ec-57d28ba8be49","shop_id":"224882570","processed":20,"updated":20,"errors":0,"api_error":null,"upsert_errors":[],"next_after_id":"925b2ed2-2b3e-4502-bec0-d3be981751b7","has_more":true,"dry_run":false}
batch=34 {"success":true,"platform":"shopee","merchant_id":"ffe8519e-49a2-467b-a0ec-57d28ba8be49","shop_id":"224882570","processed":20,"updated":20,"errors":0,"api_error":null,"upsert_errors":[],"next_after_id":"928a38f9-0f55-4d4f-8c7b-704814809557","has_more":true,"dry_run":false}
batch=35 {"success":true,"platform":"shopee","merchant_id":"ffe8519e-49a2-467b-a0ec-57d28ba8be49","shop_id":"224882570","processed":20,"updated":20,"errors":0,"api_error":null,"upsert_errors":[],"next_after_id":"92c180b6-e4d4-4532-a31e-6bd94c11b62b","has_more":true,"dry_run":false}
batch=36 {"success":true,"platform":"shopee","merchant_id":"ffe8519e-49a2-467b-a0ec-57d28ba8be49","shop_id":"224882570","processed":20,"updated":20,"errors":0,"api_error":null,"upsert_errors":[],"next_after_id":"92f46fb4-bdb3-4019-9a49-4d325b05f48c","has_more":true,"dry_run":false}
batch=37 {"success":true,"platform":"shopee","merchant_id":"ffe8519e-49a2-467b-a0ec-57d28ba8be49","shop_id":"224882570","processed":20,"updated":20,"errors":0,"api_error":null,"upsert_errors":[],"next_after_id":"93144ecd-2ef3-49ab-a88b-765c7703a1d8","has_more":true,"dry_run":false}
batch=38 {"success":true,"platform":"shopee","merchant_id":"ffe8519e-49a2-467b-a0ec-57d28ba8be49","shop_id":"224882570","processed":20,"updated":20,"errors":0,"api_error":null,"upsert_errors":[],"next_after_id":"93455660-6bdd-4642-894b-f49f934826cd","has_more":true,"dry_run":false}
batch=39 {"success":true,"platform":"shopee","merchant_id":"ffe8519e-49a2-467b-a0ec-57d28ba8be49","shop_id":"224882570","processed":20,"updated":20,"errors":0,"api_error":null,"upsert_errors":[],"next_after_id":"936c285e-b6f3-439a-9764-766e87a89de6","has_more":true,"dry_run":false}
batch=40 {"success":true,"platform":"shopee","merchant_id":"ffe8519e-49a2-467b-a0ec-57d28ba8be49","shop_id":"224882570","processed":20,"updated":20,"errors":0,"api_error":null,"upsert_errors":[],"next_after_id":"939067b4-8a49-4cdb-ae49-595137da8fbf","has_more":true,"dry_run":false}
batch=41 {"success":true,"platform":"shopee","merchant_id":"ffe8519e-49a2-467b-a0ec-57d28ba8be49","shop_id":"224882570","processed":20,"updated":20,"errors":0,"api_error":null,"upsert_errors":[],"next_after_id":"93ba3276-c0a8-49ac-aabc-e879e833cd5c","has_more":true,"dry_run":false}
batch=42 {"success":true,"platform":"shopee","merchant_id":"ffe8519e-49a2-467b-a0ec-57d28ba8be49","shop_id":"224882570","processed":20,"updated":20,"errors":0,"api_error":null,"upsert_errors":[],"next_after_id":"93f07a1e-edf4-404f-b8ea-19b212698c8f","has_more":true,"dry_run":false}
batch=43 {"success":true,"platform":"shopee","merchant_id":"ffe8519e-49a2-467b-a0ec-57d28ba8be49","shop_id":"224882570","processed":20,"updated":20,"errors":0,"api_error":null,"upsert_errors":[],"next_after_id":"941ab928-c4c5-42dc-8b36-c105fd7c197d","has_more":true,"dry_run":false}
batch=44 {"success":true,"platform":"shopee","merchant_id":"ffe8519e-49a2-467b-a0ec-57d28ba8be49","shop_id":"224882570","processed":20,"updated":20,"errors":0,"api_error":null,"upsert_errors":[],"next_after_id":"943d3e6a-f3d0-4a6d-936b-1a37063016cb","has_more":true,"dry_run":false}
batch=45 {"success":true,"platform":"shopee","merchant_id":"ffe8519e-49a2-467b-a0ec-57d28ba8be49","shop_id":"224882570","processed":20,"updated":20,"errors":0,"api_error":null,"upsert_errors":[],"next_after_id":"946af7f6-b5e2-4243-86b6-ad45f401d012","has_more":true,"dry_run":false}
batch=46 {"success":true,"platform":"shopee","merchant_id":"ffe8519e-49a2-467b-a0ec-57d28ba8be49","shop_id":"224882570","processed":20,"updated":20,"errors":0,"api_error":null,"upsert_errors":[],"next_after_id":"9491fc34-e377-4962-9df4-ec2449decb9c","has_more":true,"dry_run":false}
batch=47 {"success":true,"platform":"shopee","merchant_id":"ffe8519e-49a2-467b-a0ec-57d28ba8be49","shop_id":"224882570","processed":20,"updated":20,"errors":0,"api_error":null,"upsert_errors":[],"next_after_id":"94b46499-986d-404d-b7fd-3f84f4d3f16d","has_more":true,"dry_run":false}
batch=48 {"success":true,"platform":"shopee","merchant_id":"ffe8519e-49a2-467b-a0ec-57d28ba8be49","shop_id":"224882570","processed":20,"updated":20,"errors":0,"api_error":null,"upsert_errors":[],"next_after_id":"94d4fa30-8b1d-406d-ab89-40b27ab925c5","has_more":true,"dry_run":false}
batch=49 {"success":true,"platform":"shopee","merchant_id":"ffe8519e-49a2-467b-a0ec-57d28ba8be49","shop_id":"224882570","processed":20,"updated":20,"errors":0,"api_error":null,"upsert_errors":[],"next_after_id":"94fc9adb-70a5-4dd1-8479-93828ebe8713","has_more":true,"dry_run":false}
batch=50 {"success":true,"platform":"shopee","merchant_id":"ffe8519e-49a2-467b-a0ec-57d28ba8be49","shop_id":"224882570","processed":20,"updated":20,"errors":0,"api_error":null,"upsert_errors":[],"next_after_id":"951bc180-2596-4399-949a-77f12d9b2485","has_more":true,"dry_run":false}
batch=51 {"success":true,"platform":"shopee","merchant_id":"ffe8519e-49a2-467b-a0ec-57d28ba8be49","shop_id":"224882570","processed":20,"updated":20,"errors":0,"api_error":null,"upsert_errors":[],"next_after_id":"953d2f4a-f494-41f2-8d9b-a62b9303e1c3","has_more":true,"dry_run":false}
batch=52 {"success":true,"platform":"shopee","merchant_id":"ffe8519e-49a2-467b-a0ec-57d28ba8be49","shop_id":"224882570","processed":20,"updated":20,"errors":0,"api_error":null,"upsert_errors":[],"next_after_id":"956bf2a2-bd87-43ee-925d-6860f3305b57","has_more":true,"dry_run":false}
batch=53 {"success":true,"platform":"shopee","merchant_id":"ffe8519e-49a2-467b-a0ec-57d28ba8be49","shop_id":"224882570","processed":20,"updated":20,"errors":0,"api_error":null,"upsert_errors":[],"next_after_id":"959fd202-e8b1-442e-807c-46a3696d5b70","has_more":true,"dry_run":false}
batch=54 {"success":true,"platform":"shopee","merchant_id":"ffe8519e-49a2-467b-a0ec-57d28ba8be49","shop_id":"224882570","processed":20,"updated":20,"errors":0,"api_error":null,"upsert_errors":[],"next_after_id":"95c60da5-289b-414a-b827-dcb08a0c27ee","has_more":true,"dry_run":false}
batch=55 {"success":true,"platform":"shopee","merchant_id":"ffe8519e-49a2-467b-a0ec-57d28ba8be49","shop_id":"224882570","processed":20,"updated":20,"errors":0,"api_error":null,"upsert_errors":[],"next_after_id":"95f2dbc4-fd10-4771-a930-0ad8c9c72f62","has_more":true,"dry_run":false}
batch=56 {"success":true,"platform":"shopee","merchant_id":"ffe8519e-49a2-467b-a0ec-57d28ba8be49","shop_id":"224882570","processed":20,"updated":20,"errors":0,"api_error":null,"upsert_errors":[],"next_after_id":"96190bda-dfa2-4410-b8e9-48478f98f354","has_more":true,"dry_run":false}
batch=57 {"success":true,"platform":"shopee","merchant_id":"ffe8519e-49a2-467b-a0ec-57d28ba8be49","shop_id":"224882570","processed":20,"updated":20,"errors":0,"api_error":null,"upsert_errors":[],"next_after_id":"964a7614-e5ac-4f78-8b9f-25c2ceffeb3b","has_more":true,"dry_run":false}
batch=58 {"success":true,"platform":"shopee","merchant_id":"ffe8519e-49a2-467b-a0ec-57d28ba8be49","shop_id":"224882570","processed":20,"updated":20,"errors":0,"api_error":null,"upsert_errors":[],"next_after_id":"9669158d-3bde-47d9-bdb0-e0ab1c5ac9c2","has_more":true,"dry_run":false}
batch=59 {"success":true,"platform":"shopee","merchant_id":"ffe8519e-49a2-467b-a0ec-57d28ba8be49","shop_id":"224882570","processed":20,"updated":20,"errors":0,"api_error":null,"upsert_errors":[],"next_after_id":"969e43ee-2e06-45b9-ac6b-ecd98eefcaa1","has_more":true,"dry_run":false}
batch=60 {"success":true,"platform":"shopee","merchant_id":"ffe8519e-49a2-467b-a0ec-57d28ba8be49","shop_id":"224882570","processed":20,"updated":20,"errors":0,"api_error":null,"upsert_errors":[],"next_after_id":"96c04f8e-55e0-4179-a0e9-edd01af70b0a","has_more":true,"dry_run":false}
batch=61 {"success":true,"platform":"shopee","merchant_id":"ffe8519e-49a2-467b-a0ec-57d28ba8be49","shop_id":"224882570","processed":20,"updated":20,"errors":0,"api_error":null,"upsert_errors":[],"next_after_id":"96e0902a-53d7-4904-abba-e77f9ca08803","has_more":true,"dry_run":false}
batch=62 {"success":true,"platform":"shopee","merchant_id":"ffe8519e-49a2-467b-a0ec-57d28ba8be49","shop_id":"224882570","processed":20,"updated":20,"errors":0,"api_error":null,"upsert_errors":[],"next_after_id":"970b690d-233a-49e6-842f-6775d6372449","has_more":true,"dry_run":false}
batch=63 {"success":true,"platform":"shopee","merchant_id":"ffe8519e-49a2-467b-a0ec-57d28ba8be49","shop_id":"224882570","processed":20,"updated":20,"errors":0,"api_error":null,"upsert_errors":[],"next_after_id":"9730b345-9418-4400-b4af-cd1c770f8243","has_more":true,"dry_run":false}
batch=64 {"success":true,"platform":"shopee","merchant_id":"ffe8519e-49a2-467b-a0ec-57d28ba8be49","shop_id":"224882570","processed":20,"updated":20,"errors":0,"api_error":null,"upsert_errors":[],"next_after_id":"9754de08-5993-4b55-98a4-51a2281a398b","has_more":true,"dry_run":false}
batch=65 {"success":true,"platform":"shopee","merchant_id":"ffe8519e-49a2-467b-a0ec-57d28ba8be49","shop_id":"224882570","processed":20,"updated":20,"errors":0,"api_error":null,"upsert_errors":[],"next_after_id":"9795381f-2f1e-4e1f-a4ce-e2afb06c7736","has_more":true,"dry_run":false}
batch=66 {"success":true,"platform":"shopee","merchant_id":"ffe8519e-49a2-467b-a0ec-57d28ba8be49","shop_id":"224882570","processed":20,"updated":20,"errors":0,"api_error":null,"upsert_errors":[],"next_after_id":"97bdc41e-cbda-4619-8f75-accb0180848b","has_more":true,"dry_run":false}
batch=67 {"success":true,"platform":"shopee","merchant_id":"ffe8519e-49a2-467b-a0ec-57d28ba8be49","shop_id":"224882570","processed":20,"updated":20,"errors":0,"api_error":null,"upsert_errors":[],"next_after_id":"97ebc7cf-f44b-4d85-b976-0856bcf8d923","has_more":true,"dry_run":false}
batch=68 {"success":true,"platform":"shopee","merchant_id":"ffe8519e-49a2-467b-a0ec-57d28ba8be49","shop_id":"224882570","processed":20,"updated":20,"errors":0,"api_error":null,"upsert_errors":[],"next_after_id":"98157bf0-ce2f-44a6-bc6c-70b19e9ca921","has_more":true,"dry_run":false}
batch=69 {"success":true,"platform":"shopee","merchant_id":"ffe8519e-49a2-467b-a0ec-57d28ba8be49","shop_id":"224882570","processed":20,"updated":20,"errors":0,"api_error":null,"upsert_errors":[],"next_after_id":"98546189-9fdc-4252-8015-3970634a1499","has_more":true,"dry_run":false}
batch=70 {"success":true,"platform":"shopee","merchant_id":"ffe8519e-49a2-467b-a0ec-57d28ba8be49","shop_id":"224882570","processed":20,"updated":20,"errors":0,"api_error":null,"upsert_errors":[],"next_after_id":"9884fd82-7ac3-4870-9ba2-31d4a7d58090","has_more":true,"dry_run":false}
batch=71 {"success":true,"platform":"shopee","merchant_id":"ffe8519e-49a2-467b-a0ec-57d28ba8be49","shop_id":"224882570","processed":20,"updated":20,"errors":0,"api_error":null,"upsert_errors":[],"next_after_id":"98add181-c8a4-4d3a-a4f8-e27c78d48fd5","has_more":true,"dry_run":false}
batch=72 {"success":true,"platform":"shopee","merchant_id":"ffe8519e-49a2-467b-a0ec-57d28ba8be49","shop_id":"224882570","processed":20,"updated":20,"errors":0,"api_error":null,"upsert_errors":[],"next_after_id":"98d91fdf-052c-4e6b-9a7c-9ec59a98d5d7","has_more":true,"dry_run":false}
batch=73 {"success":true,"platform":"shopee","merchant_id":"ffe8519e-49a2-467b-a0ec-57d28ba8be49","shop_id":"224882570","processed":20,"updated":20,"errors":0,"api_error":null,"upsert_errors":[],"next_after_id":"99067459-53bd-4859-a031-e82bd27adf17","has_more":true,"dry_run":false}
batch=74 {"success":true,"platform":"shopee","merchant_id":"ffe8519e-49a2-467b-a0ec-57d28ba8be49","shop_id":"224882570","processed":20,"updated":20,"errors":0,"api_error":null,"upsert_errors":[],"next_after_id":"99267e4a-434d-4e40-88cd-8ec3b4b39cf1","has_more":true,"dry_run":false}
batch=75 {"success":true,"platform":"shopee","merchant_id":"ffe8519e-49a2-467b-a0ec-57d28ba8be49","shop_id":"224882570","processed":20,"updated":20,"errors":0,"api_error":null,"upsert_errors":[],"next_after_id":"996964bf-d19f-41a4-a675-493cf1eb9569","has_more":true,"dry_run":false}
batch=76 {"success":true,"platform":"shopee","merchant_id":"ffe8519e-49a2-467b-a0ec-57d28ba8be49","shop_id":"224882570","processed":20,"updated":20,"errors":0,"api_error":null,"upsert_errors":[],"next_after_id":"998ded87-d47f-4ae5-9119-32d64ea1b6ff","has_more":true,"dry_run":false}
batch=77 {"success":true,"platform":"shopee","merchant_id":"ffe8519e-49a2-467b-a0ec-57d28ba8be49","shop_id":"224882570","processed":20,"updated":20,"errors":0,"api_error":null,"upsert_errors":[],"next_after_id":"99aeaf9b-4a70-4841-b3ac-a420e56a5ce0","has_more":true,"dry_run":false}
batch=78 {"success":true,"platform":"shopee","merchant_id":"ffe8519e-49a2-467b-a0ec-57d28ba8be49","shop_id":"224882570","processed":20,"updated":20,"errors":0,"api_error":null,"upsert_errors":[],"next_after_id":"99e570ec-10de-403f-80e2-855495761c50","has_more":true,"dry_run":false}
batch=79 {"success":true,"platform":"shopee","merchant_id":"ffe8519e-49a2-467b-a0ec-57d28ba8be49","shop_id":"224882570","processed":20,"updated":20,"errors":0,"api_error":null,"upsert_errors":[],"next_after_id":"9a0a4343-5ef3-4224-8ca3-48b99d240b5d","has_more":true,"dry_run":false}
batch=80 {"success":true,"platform":"shopee","merchant_id":"ffe8519e-49a2-467b-a0ec-57d28ba8be49","shop_id":"224882570","processed":20,"updated":20,"errors":0,"api_error":null,"upsert_errors":[],"next_after_id":"9a327614-3508-47d3-a6c5-0ab4f487fb50","has_more":true,"dry_run":false}
batch=81 {"success":true,"platform":"shopee","merchant_id":"ffe8519e-49a2-467b-a0ec-57d28ba8be49","shop_id":"224882570","processed":20,"updated":20,"errors":0,"api_error":null,"upsert_errors":[],"next_after_id":"9a5dad62-108b-4d8d-9408-188eece30ef9","has_more":true,"dry_run":false}
batch=82 {"success":true,"platform":"shopee","merchant_id":"ffe8519e-49a2-467b-a0ec-57d28ba8be49","shop_id":"224882570","processed":20,"updated":20,"errors":0,"api_error":null,"upsert_errors":[],"next_after_id":"9a7f05d9-6970-4d4d-839f-3a4a9348cdea","has_more":true,"dry_run":false}
batch=83 {"success":true,"platform":"shopee","merchant_id":"ffe8519e-49a2-467b-a0ec-57d28ba8be49","shop_id":"224882570","processed":20,"updated":20,"errors":0,"api_error":null,"upsert_errors":[],"next_after_id":"9a9bd53e-4c30-45da-8311-24360a2f1a89","has_more":true,"dry_run":false}
batch=84 {"success":true,"platform":"shopee","merchant_id":"ffe8519e-49a2-467b-a0ec-57d28ba8be49","shop_id":"224882570","processed":20,"updated":20,"errors":0,"api_error":null,"upsert_errors":[],"next_after_id":"9aca00b1-ae6d-46f7-b8c9-b41173b006b4","has_more":true,"dry_run":false}
batch=85 {"success":true,"platform":"shopee","merchant_id":"ffe8519e-49a2-467b-a0ec-57d28ba8be49","shop_id":"224882570","processed":20,"updated":20,"errors":0,"api_error":null,"upsert_errors":[],"next_after_id":"9af132c0-0f59-4111-8bc1-8913f1ca009c","has_more":true,"dry_run":false}
batch=86 {"success":true,"platform":"shopee","merchant_id":"ffe8519e-49a2-467b-a0ec-57d28ba8be49","shop_id":"224882570","processed":20,"updated":20,"errors":0,"api_error":null,"upsert_errors":[],"next_after_id":"9b26f973-ecb7-4d7d-a6ef-71e2b8efd199","has_more":true,"dry_run":false}
batch=87 {"success":true,"platform":"shopee","merchant_id":"ffe8519e-49a2-467b-a0ec-57d28ba8be49","shop_id":"224882570","processed":20,"updated":20,"errors":0,"api_error":null,"upsert_errors":[],"next_after_id":"9b5ec487-5d07-4cf7-bd2c-849f70942e5f","has_more":true,"dry_run":false}
batch=88 {"success":true,"platform":"shopee","merchant_id":"ffe8519e-49a2-467b-a0ec-57d28ba8be49","shop_id":"224882570","processed":20,"updated":20,"errors":0,"api_error":null,"upsert_errors":[],"next_after_id":"9b8c5569-aa62-4bbb-9c88-62c2085a0350","has_more":true,"dry_run":false}
batch=89 {"success":true,"platform":"shopee","merchant_id":"ffe8519e-49a2-467b-a0ec-57d28ba8be49","shop_id":"224882570","processed":20,"updated":20,"errors":0,"api_error":null,"upsert_errors":[],"next_after_id":"9bb20ab6-8d01-4ad6-b6ed-22e957ad9e03","has_more":true,"dry_run":false}
batch=90 {"success":true,"platform":"shopee","merchant_id":"ffe8519e-49a2-467b-a0ec-57d28ba8be49","shop_id":"224882570","processed":20,"updated":20,"errors":0,"api_error":null,"upsert_errors":[],"next_after_id":"9bf6aa0e-4b21-444d-b6da-02eeedf10b92","has_more":true,"dry_run":false}
batch=91 {"success":true,"platform":"shopee","merchant_id":"ffe8519e-49a2-467b-a0ec-57d28ba8be49","shop_id":"224882570","processed":20,"updated":20,"errors":0,"api_error":null,"upsert_errors":[],"next_after_id":"9c2733b3-c57b-482b-a329-52acff654c27","has_more":true,"dry_run":false}
batch=92 {"success":true,"platform":"shopee","merchant_id":"ffe8519e-49a2-467b-a0ec-57d28ba8be49","shop_id":"224882570","processed":20,"updated":20,"errors":0,"api_error":null,"upsert_errors":[],"next_after_id":"9c4c9c94-17f1-440e-9d18-35214decda72","has_more":true,"dry_run":false}
batch=93 {"success":true,"platform":"shopee","merchant_id":"ffe8519e-49a2-467b-a0ec-57d28ba8be49","shop_id":"224882570","processed":20,"updated":20,"errors":0,"api_error":null,"upsert_errors":[],"next_after_id":"9c71a9e5-f09c-4c07-b983-3a5269a2d686","has_more":true,"dry_run":false}
batch=94 {"success":true,"platform":"shopee","merchant_id":"ffe8519e-49a2-467b-a0ec-57d28ba8be49","shop_id":"224882570","processed":20,"updated":20,"errors":0,"api_error":null,"upsert_errors":[],"next_after_id":"9ca36f23-9688-4304-af6b-e1e91caea7ed","has_more":true,"dry_run":false}
batch=95 {"success":true,"platform":"shopee","merchant_id":"ffe8519e-49a2-467b-a0ec-57d28ba8be49","shop_id":"224882570","processed":20,"updated":20,"errors":0,"api_error":null,"upsert_errors":[],"next_after_id":"9cd7ed44-c7c4-4a6f-862f-ac65237f41b4","has_more":true,"dry_run":false}
batch=96 {"success":true,"platform":"shopee","merchant_id":"ffe8519e-49a2-467b-a0ec-57d28ba8be49","shop_id":"224882570","processed":20,"updated":20,"errors":0,"api_error":null,"upsert_errors":[],"next_after_id":"9d005c32-4347-4baf-82a7-0cd4ced2992f","has_more":true,"dry_run":false}
batch=97 {"success":true,"platform":"shopee","merchant_id":"ffe8519e-49a2-467b-a0ec-57d28ba8be49","shop_id":"224882570","processed":20,"updated":20,"errors":0,"api_error":null,"upsert_errors":[],"next_after_id":"9d22d6ae-ffac-40ff-af48-54734ee738c2","has_more":true,"dry_run":false}
batch=98 {"success":true,"platform":"shopee","merchant_id":"ffe8519e-49a2-467b-a0ec-57d28ba8be49","shop_id":"224882570","processed":20,"updated":20,"errors":0,"api_error":null,"upsert_errors":[],"next_after_id":"9d563bea-978a-444b-a2a3-a00f29ce84b8","has_more":true,"dry_run":false}
batch=99 {"success":true,"platform":"shopee","merchant_id":"ffe8519e-49a2-467b-a0ec-57d28ba8be49","shop_id":"224882570","processed":20,"updated":20,"errors":0,"api_error":null,"upsert_errors":[],"next_after_id":"9d8b776a-9428-42ed-ab0a-16f18fcb0973","has_more":true,"dry_run":false}
batch=100 {"success":true,"platform":"shopee","merchant_id":"ffe8519e-49a2-467b-a0ec-57d28ba8be49","shop_id":"224882570","processed":20,"updated":20,"errors":0,"api_error":null,"upsert_errors":[],"next_after_id":"9dc28607-45d0-4589-9805-49ed005bdeb1","has_more":true,"dry_run":false}
batch=101 {"success":true,"platform":"shopee","merchant_id":"ffe8519e-49a2-467b-a0ec-57d28ba8be49","shop_id":"224882570","processed":20,"updated":20,"errors":0,"api_error":null,"upsert_errors":[],"next_after_id":"9de57243-e47e-4f8e-b3ff-7f380d46aae4","has_more":true,"dry_run":false}
batch=102 {"success":true,"platform":"shopee","merchant_id":"ffe8519e-49a2-467b-a0ec-57d28ba8be49","shop_id":"224882570","processed":20,"updated":20,"errors":0,"api_error":null,"upsert_errors":[],"next_after_id":"9e1d8628-02e5-481e-af5a-4017e335cc69","has_more":true,"dry_run":false}
batch=103 {"success":true,"platform":"shopee","merchant_id":"ffe8519e-49a2-467b-a0ec-57d28ba8be49","shop_id":"224882570","processed":20,"updated":20,"errors":0,"api_error":null,"upsert_errors":[],"next_after_id":"9e42d6b0-5a28-4626-ac97-53bdc372682f","has_more":true,"dry_run":false}
batch=104 {"success":true,"platform":"shopee","merchant_id":"ffe8519e-49a2-467b-a0ec-57d28ba8be49","shop_id":"224882570","processed":20,"updated":20,"errors":0,"api_error":null,"upsert_errors":[],"next_after_id":"9e81be7c-f64d-43e0-b765-fe854528c5ce","has_more":true,"dry_run":false}
batch=105 {"success":true,"platform":"shopee","merchant_id":"ffe8519e-49a2-467b-a0ec-57d28ba8be49","shop_id":"224882570","processed":20,"updated":20,"errors":0,"api_error":null,"upsert_errors":[],"next_after_id":"9ea95f6f-1df4-438e-b4d0-5cb33cc5e2f1","has_more":true,"dry_run":false}
batch=106 {"success":true,"platform":"shopee","merchant_id":"ffe8519e-49a2-467b-a0ec-57d28ba8be49","shop_id":"224882570","processed":20,"updated":20,"errors":0,"api_error":null,"upsert_errors":[],"next_after_id":"9edaea6a-c0b3-480b-bc26-922c4d7bb7dc","has_more":true,"dry_run":false}
batch=107 {"success":true,"platform":"shopee","merchant_id":"ffe8519e-49a2-467b-a0ec-57d28ba8be49","shop_id":"224882570","processed":20,"updated":20,"errors":0,"api_error":null,"upsert_errors":[],"next_after_id":"9f0d91eb-9d21-4eff-8206-ab1f90919fdb","has_more":true,"dry_run":false}
batch=108 {"success":true,"platform":"shopee","merchant_id":"ffe8519e-49a2-467b-a0ec-57d28ba8be49","shop_id":"224882570","processed":20,"updated":20,"errors":0,"api_error":null,"upsert_errors":[],"next_after_id":"9f2eca44-13c0-426a-9986-e6860361d5f5","has_more":true,"dry_run":false}
batch=109 {"success":true,"platform":"shopee","merchant_id":"ffe8519e-49a2-467b-a0ec-57d28ba8be49","shop_id":"224882570","processed":20,"updated":20,"errors":0,"api_error":null,"upsert_errors":[],"next_after_id":"9f50ddf3-f4c3-4e5d-9ebc-c38b087ef7e1","has_more":true,"dry_run":false}
batch=110 {"success":true,"platform":"shopee","merchant_id":"ffe8519e-49a2-467b-a0ec-57d28ba8be49","shop_id":"224882570","processed":20,"updated":20,"errors":0,"api_error":null,"upsert_errors":[],"next_after_id":"9f8083a6-78bc-4503-b8a7-873f702c7487","has_more":true,"dry_run":false}
batch=111 {"success":true,"platform":"shopee","merchant_id":"ffe8519e-49a2-467b-a0ec-57d28ba8be49","shop_id":"224882570","processed":20,"updated":20,"errors":0,"api_error":null,"upsert_errors":[],"next_after_id":"9fa823ac-62a7-4e78-b89b-c7ba89c08eff","has_more":true,"dry_run":false}
batch=112 {"success":true,"platform":"shopee","merchant_id":"ffe8519e-49a2-467b-a0ec-57d28ba8be49","shop_id":"224882570","processed":20,"updated":20,"errors":0,"api_error":null,"upsert_errors":[],"next_after_id":"9fc84184-ef4e-4c50-a697-cad721fce27e","has_more":true,"dry_run":false}
batch=113 {"success":true,"platform":"shopee","merchant_id":"ffe8519e-49a2-467b-a0ec-57d28ba8be49","shop_id":"224882570","processed":20,"updated":20,"errors":0,"api_error":null,"upsert_errors":[],"next_after_id":"9feea675-5fdb-4c67-ab01-23bb136dbd8c","has_more":true,"dry_run":false}
batch=114 {"success":true,"platform":"shopee","merchant_id":"ffe8519e-49a2-467b-a0ec-57d28ba8be49","shop_id":"224882570","processed":20,"updated":20,"errors":0,"api_error":null,"upsert_errors":[],"next_after_id":"a013e1ed-1333-4b28-aed1-c70744a83532","has_more":true,"dry_run":false}
batch=115 {"success":true,"platform":"shopee","merchant_id":"ffe8519e-49a2-467b-a0ec-57d28ba8be49","shop_id":"224882570","processed":20,"updated":20,"errors":0,"api_error":null,"upsert_errors":[],"next_after_id":"a03a59af-05d0-4b9f-894c-7733c53a7826","has_more":true,"dry_run":false}
batch=116 {"success":true,"platform":"shopee","merchant_id":"ffe8519e-49a2-467b-a0ec-57d28ba8be49","shop_id":"224882570","processed":20,"updated":20,"errors":0,"api_error":null,"upsert_errors":[],"next_after_id":"a0710db1-d493-4d08-821c-ae4edef50b21","has_more":true,"dry_run":false}
batch=117 {"success":true,"platform":"shopee","merchant_id":"ffe8519e-49a2-467b-a0ec-57d28ba8be49","shop_id":"224882570","processed":20,"updated":20,"errors":0,"api_error":null,"upsert_errors":[],"next_after_id":"a0a903be-b7b6-4628-b31d-4a629cb7c468","has_more":true,"dry_run":false}
batch=118 {"success":true,"platform":"shopee","merchant_id":"ffe8519e-49a2-467b-a0ec-57d28ba8be49","shop_id":"224882570","processed":20,"updated":20,"errors":0,"api_error":null,"upsert_errors":[],"next_after_id":"a0d3e0b3-529d-4a93-8189-7abe0ec6a9c5","has_more":true,"dry_run":false}
batch=119 {"success":true,"platform":"shopee","merchant_id":"ffe8519e-49a2-467b-a0ec-57d28ba8be49","shop_id":"224882570","processed":20,"updated":20,"errors":0,"api_error":null,"upsert_errors":[],"next_after_id":"a0fb4a7e-4049-45a5-8aec-c9706efda0f8","has_more":true,"dry_run":false}
batch=120 {"success":true,"platform":"shopee","merchant_id":"ffe8519e-49a2-467b-a0ec-57d28ba8be49","shop_id":"224882570","processed":20,"updated":20,"errors":0,"api_error":null,"upsert_errors":[],"next_after_id":"a1184e8f-5227-49c1-a639-cbe8c21d023a","has_more":true,"dry_run":false}
batch=121 {"success":true,"platform":"shopee","merchant_id":"ffe8519e-49a2-467b-a0ec-57d28ba8be49","shop_id":"224882570","processed":20,"updated":20,"errors":0,"api_error":null,"upsert_errors":[],"next_after_id":"a14b4e7e-b890-4cd7-9662-1a85a7beec69","has_more":true,"dry_run":false}
batch=122 {"success":true,"platform":"shopee","merchant_id":"ffe8519e-49a2-467b-a0ec-57d28ba8be49","shop_id":"224882570","processed":20,"updated":20,"errors":0,"api_error":null,"upsert_errors":[],"next_after_id":"a16b1a7c-5af4-4614-b796-9e5bcb780d7b","has_more":true,"dry_run":false}
batch=123 {"success":true,"platform":"shopee","merchant_id":"ffe8519e-49a2-467b-a0ec-57d28ba8be49","shop_id":"224882570","processed":20,"updated":20,"errors":0,"api_error":null,"upsert_errors":[],"next_after_id":"a18f6db0-d979-48bd-9745-36de4f20444f","has_more":true,"dry_run":false}
batch=124 {"success":true,"platform":"shopee","merchant_id":"ffe8519e-49a2-467b-a0ec-57d28ba8be49","shop_id":"224882570","processed":20,"updated":20,"errors":0,"api_error":null,"upsert_errors":[],"next_after_id":"a1bfc01d-5721-4819-a1c8-cbfbb6aeaf84","has_more":true,"dry_run":false}
batch=125 {"success":true,"platform":"shopee","merchant_id":"ffe8519e-49a2-467b-a0ec-57d28ba8be49","shop_id":"224882570","processed":20,"updated":20,"errors":0,"api_error":null,"upsert_errors":[],"next_after_id":"a1f27f64-3439-4b55-af29-301b7a09ea8e","has_more":true,"dry_run":false}
batch=126 {"success":true,"platform":"shopee","merchant_id":"ffe8519e-49a2-467b-a0ec-57d28ba8be49","shop_id":"224882570","processed":20,"updated":20,"errors":0,"api_error":null,"upsert_errors":[],"next_after_id":"a216af79-c8cc-47d4-a9c4-a55beb284ebb","has_more":true,"dry_run":false}
batch=127 {"success":true,"platform":"shopee","merchant_id":"ffe8519e-49a2-467b-a0ec-57d28ba8be49","shop_id":"224882570","processed":20,"updated":20,"errors":0,"api_error":null,"upsert_errors":[],"next_after_id":"a24020d1-c3f7-494a-a48d-853c2d3c6fa0","has_more":true,"dry_run":false}
batch=128 {"success":true,"platform":"shopee","merchant_id":"ffe8519e-49a2-467b-a0ec-57d28ba8be49","shop_id":"224882570","processed":20,"updated":20,"errors":0,"api_error":null,"upsert_errors":[],"next_after_id":"a26bf9a0-e149-4e2e-aac1-6d7eba9526b7","has_more":true,"dry_run":false}
batch=129 {"success":true,"platform":"shopee","merchant_id":"ffe8519e-49a2-467b-a0ec-57d28ba8be49","shop_id":"224882570","processed":20,"updated":20,"errors":0,"api_error":null,"upsert_errors":[],"next_after_id":"a29e9053-ee9a-4fe1-998b-8a07811ffb83","has_more":true,"dry_run":false}
batch=130 {"success":true,"platform":"shopee","merchant_id":"ffe8519e-49a2-467b-a0ec-57d28ba8be49","shop_id":"224882570","processed":20,"updated":20,"errors":0,"api_error":null,"upsert_errors":[],"next_after_id":"a2d7daf5-d360-496c-846e-87d5069598df","has_more":true,"dry_run":false}
batch=131 {"success":true,"platform":"shopee","merchant_id":"ffe8519e-49a2-467b-a0ec-57d28ba8be49","shop_id":"224882570","processed":20,"updated":20,"errors":0,"api_error":null,"upsert_errors":[],"next_after_id":"a30253fd-3cc2-4a8d-b0ae-4dadd25c80ea","has_more":true,"dry_run":false}
batch=132 {"success":true,"platform":"shopee","merchant_id":"ffe8519e-49a2-467b-a0ec-57d28ba8be49","shop_id":"224882570","processed":20,"updated":20,"errors":0,"api_error":null,"upsert_errors":[],"next_after_id":"a326b2b4-56a0-40d6-ae05-accf29132362","has_more":true,"dry_run":false}
batch=133 {"success":true,"platform":"shopee","merchant_id":"ffe8519e-49a2-467b-a0ec-57d28ba8be49","shop_id":"224882570","processed":20,"updated":20,"errors":0,"api_error":null,"upsert_errors":[],"next_after_id":"a3587e23-ee1e-4456-b24b-a6fbd50664c2","has_more":true,"dry_run":false}
batch=134 {"success":true,"platform":"shopee","merchant_id":"ffe8519e-49a2-467b-a0ec-57d28ba8be49","shop_id":"224882570","processed":20,"updated":20,"errors":0,"api_error":null,"upsert_errors":[],"next_after_id":"a3951df6-57ef-4748-a856-39acb6b854c4","has_more":true,"dry_run":false}
batch=135 {"success":true,"platform":"shopee","merchant_id":"ffe8519e-49a2-467b-a0ec-57d28ba8be49","shop_id":"224882570","processed":20,"updated":20,"errors":0,"api_error":null,"upsert_errors":[],"next_after_id":"a3d55c50-6930-4fe7-9f40-cb312c9b3e82","has_more":true,"dry_run":false}
batch=136 {"success":true,"platform":"shopee","merchant_id":"ffe8519e-49a2-467b-a0ec-57d28ba8be49","shop_id":"224882570","processed":20,"updated":20,"errors":0,"api_error":null,"upsert_errors":[],"next_after_id":"a3f61929-d8e5-45d9-831a-138432cb9367","has_more":true,"dry_run":false}
batch=137 {"success":true,"platform":"shopee","merchant_id":"ffe8519e-49a2-467b-a0ec-57d28ba8be49","shop_id":"224882570","processed":20,"updated":20,"errors":0,"api_error":null,"upsert_errors":[],"next_after_id":"a424d76a-084a-4295-a99b-dda7fb14a7b3","has_more":true,"dry_run":false}
batch=138 {"success":true,"platform":"shopee","merchant_id":"ffe8519e-49a2-467b-a0ec-57d28ba8be49","shop_id":"224882570","processed":20,"updated":20,"errors":0,"api_error":null,"upsert_errors":[],"next_after_id":"a45ae76c-da52-4503-981d-45e2063e7a07","has_more":true,"dry_run":false}
batch=139 {"success":true,"platform":"shopee","merchant_id":"ffe8519e-49a2-467b-a0ec-57d28ba8be49","shop_id":"224882570","processed":20,"updated":20,"errors":0,"api_error":null,"upsert_errors":[],"next_after_id":"a49415bd-dff0-4f8b-abb9-9f73a5402ba9","has_more":true,"dry_run":false}
batch=140 {"success":true,"platform":"shopee","merchant_id":"ffe8519e-49a2-467b-a0ec-57d28ba8be49","shop_id":"224882570","processed":20,"updated":20,"errors":0,"api_error":null,"upsert_errors":[],"next_after_id":"a4bd265b-5ed3-4da4-beb6-b3f4853e1b29","has_more":true,"dry_run":false}
batch=141 {"success":true,"platform":"shopee","merchant_id":"ffe8519e-49a2-467b-a0ec-57d28ba8be49","shop_id":"224882570","processed":20,"updated":20,"errors":0,"api_error":null,"upsert_errors":[],"next_after_id":"a4e152f9-cd59-48c5-ae1b-f154a5c4407a","has_more":true,"dry_run":false}
batch=142 {"success":true,"platform":"shopee","merchant_id":"ffe8519e-49a2-467b-a0ec-57d28ba8be49","shop_id":"224882570","processed":20,"updated":20,"errors":0,"api_error":null,"upsert_errors":[],"next_after_id":"a50c5c01-cb68-4e78-9904-12dfa7e3e11c","has_more":true,"dry_run":false}
batch=143 {"success":true,"platform":"shopee","merchant_id":"ffe8519e-49a2-467b-a0ec-57d28ba8be49","shop_id":"224882570","processed":20,"updated":20,"errors":0,"api_error":null,"upsert_errors":[],"next_after_id":"a5396e49-b995-48ec-9534-aece8bc811a9","has_more":true,"dry_run":false}
batch=144 {"success":true,"platform":"shopee","merchant_id":"ffe8519e-49a2-467b-a0ec-57d28ba8be49","shop_id":"224882570","processed":20,"updated":20,"errors":0,"api_error":null,"upsert_errors":[],"next_after_id":"a5676849-4667-4260-919a-ba5126cdd0af","has_more":true,"dry_run":false}
batch=145 {"success":true,"platform":"shopee","merchant_id":"ffe8519e-49a2-467b-a0ec-57d28ba8be49","shop_id":"224882570","processed":20,"updated":20,"errors":0,"api_error":null,"upsert_errors":[],"next_after_id":"a5842121-d7aa-4eb0-b37d-6507a4627bb1","has_more":true,"dry_run":false}
batch=146 {"success":true,"platform":"shopee","merchant_id":"ffe8519e-49a2-467b-a0ec-57d28ba8be49","shop_id":"224882570","processed":20,"updated":20,"errors":0,"api_error":null,"upsert_errors":[],"next_after_id":"a5bdc2e5-e8b8-45eb-b255-a73e72c13470","has_more":true,"dry_run":false}
batch=147 {"success":true,"platform":"shopee","merchant_id":"ffe8519e-49a2-467b-a0ec-57d28ba8be49","shop_id":"224882570","processed":20,"updated":20,"errors":0,"api_error":null,"upsert_errors":[],"next_after_id":"a5f05312-2e1a-4a95-b35b-ddb205337228","has_more":true,"dry_run":false}
batch=148 {"success":true,"platform":"shopee","merchant_id":"ffe8519e-49a2-467b-a0ec-57d28ba8be49","shop_id":"224882570","processed":20,"updated":20,"errors":0,"api_error":null,"upsert_errors":[],"next_after_id":"a615b12c-42cf-4bd4-a8c7-78aa657f8022","has_more":true,"dry_run":false}
batch=149 {"success":true,"platform":"shopee","merchant_id":"ffe8519e-49a2-467b-a0ec-57d28ba8be49","shop_id":"224882570","processed":20,"updated":20,"errors":0,"api_error":null,"upsert_errors":[],"next_after_id":"a62f66ee-7ee4-4db7-bc19-228e2248e15c","has_more":true,"dry_run":false}
batch=150 {"success":true,"platform":"shopee","merchant_id":"ffe8519e-49a2-467b-a0ec-57d28ba8be49","shop_id":"224882570","processed":20,"updated":20,"errors":0,"api_error":null,"upsert_errors":[],"next_after_id":"a6557413-f2ac-4037-a7e5-e8ad8717c031","has_more":true,"dry_run":false}
batch=151 {"success":true,"platform":"shopee","merchant_id":"ffe8519e-49a2-467b-a0ec-57d28ba8be49","shop_id":"224882570","processed":20,"updated":20,"errors":0,"api_error":null,"upsert_errors":[],"next_after_id":"a67d1a99-5556-46f2-8915-d070cf7fd2a2","has_more":true,"dry_run":false}
batch=152 {"success":true,"platform":"shopee","merchant_id":"ffe8519e-49a2-467b-a0ec-57d28ba8be49","shop_id":"224882570","processed":20,"updated":20,"errors":0,"api_error":null,"upsert_errors":[],"next_after_id":"a6bd7992-8d08-4531-9a32-1fadfe4df5d9","has_more":true,"dry_run":false}
batch=153 {"success":true,"platform":"shopee","merchant_id":"ffe8519e-49a2-467b-a0ec-57d28ba8be49","shop_id":"224882570","processed":20,"updated":20,"errors":0,"api_error":null,"upsert_errors":[],"next_after_id":"a6e35bd7-7557-4f68-9593-eb267a71a43c","has_more":true,"dry_run":false}
batch=154 {"success":true,"platform":"shopee","merchant_id":"ffe8519e-49a2-467b-a0ec-57d28ba8be49","shop_id":"224882570","processed":20,"updated":20,"errors":0,"api_error":null,"upsert_errors":[],"next_after_id":"a720d079-2cbb-47fe-97fc-433489a2e459","has_more":true,"dry_run":false}
batch=155 {"success":true,"platform":"shopee","merchant_id":"ffe8519e-49a2-467b-a0ec-57d28ba8be49","shop_id":"224882570","processed":20,"updated":20,"errors":0,"api_error":null,"upsert_errors":[],"next_after_id":"a74cee9a-6baa-4b24-b07d-8238735b4828","has_more":true,"dry_run":false}
batch=156 {"success":true,"platform":"shopee","merchant_id":"ffe8519e-49a2-467b-a0ec-57d28ba8be49","shop_id":"224882570","processed":20,"updated":20,"errors":0,"api_error":null,"upsert_errors":[],"next_after_id":"a782c95c-e037-4c52-8d1a-24030090e7cf","has_more":true,"dry_run":false}
batch=157 {"success":true,"platform":"shopee","merchant_id":"ffe8519e-49a2-467b-a0ec-57d28ba8be49","shop_id":"224882570","processed":20,"updated":20,"errors":0,"api_error":null,"upsert_errors":[],"next_after_id":"a7b46b69-6ce7-4500-8d6e-8bd593e69fab","has_more":true,"dry_run":false}
batch=158 {"success":true,"platform":"shopee","merchant_id":"ffe8519e-49a2-467b-a0ec-57d28ba8be49","shop_id":"224882570","processed":20,"updated":20,"errors":0,"api_error":null,"upsert_errors":[],"next_after_id":"a7e0ea44-1522-4cc3-98c0-ab7f21590c71","has_more":true,"dry_run":false}
batch=159 {"success":true,"platform":"shopee","merchant_id":"ffe8519e-49a2-467b-a0ec-57d28ba8be49","shop_id":"224882570","processed":20,"updated":20,"errors":0,"api_error":null,"upsert_errors":[],"next_after_id":"a80974d6-1eb0-4233-84f3-34f443c1ea58","has_more":true,"dry_run":false}
batch=160 {"success":true,"platform":"shopee","merchant_id":"ffe8519e-49a2-467b-a0ec-57d28ba8be49","shop_id":"224882570","processed":20,"updated":20,"errors":0,"api_error":null,"upsert_errors":[],"next_after_id":"a8362034-c8dd-48c9-9e50-84b1a64491cb","has_more":true,"dry_run":false}
batch=161 {"success":true,"platform":"shopee","merchant_id":"ffe8519e-49a2-467b-a0ec-57d28ba8be49","shop_id":"224882570","processed":20,"updated":20,"errors":0,"api_error":null,"upsert_errors":[],"next_after_id":"a8537a0f-7762-4669-9e7f-fd6b229da3e3","has_more":true,"dry_run":false}
batch=162 {"success":true,"platform":"shopee","merchant_id":"ffe8519e-49a2-467b-a0ec-57d28ba8be49","shop_id":"224882570","processed":20,"updated":20,"errors":0,"api_error":null,"upsert_errors":[],"next_after_id":"a880095a-dae5-4219-a71c-cdd5b8fcf0f1","has_more":true,"dry_run":false}
batch=163 {"success":true,"platform":"shopee","merchant_id":"ffe8519e-49a2-467b-a0ec-57d28ba8be49","shop_id":"224882570","processed":20,"updated":20,"errors":0,"api_error":null,"upsert_errors":[],"next_after_id":"a8a1e1ca-c52c-420a-a0b9-4c5492cb4250","has_more":true,"dry_run":false}
batch=164 {"success":true,"platform":"shopee","merchant_id":"ffe8519e-49a2-467b-a0ec-57d28ba8be49","shop_id":"224882570","processed":20,"updated":20,"errors":0,"api_error":null,"upsert_errors":[],"next_after_id":"a8c2a25d-cb5b-47af-841f-8272fd623b45","has_more":true,"dry_run":false}
batch=165 {"success":true,"platform":"shopee","merchant_id":"ffe8519e-49a2-467b-a0ec-57d28ba8be49","shop_id":"224882570","processed":20,"updated":20,"errors":0,"api_error":null,"upsert_errors":[],"next_after_id":"a8e6301b-db0f-46f6-8aa1-9aa3c76cfea2","has_more":true,"dry_run":false}
batch=166 {"success":true,"platform":"shopee","merchant_id":"ffe8519e-49a2-467b-a0ec-57d28ba8be49","shop_id":"224882570","processed":20,"updated":20,"errors":0,"api_error":null,"upsert_errors":[],"next_after_id":"a9135e0a-ce89-44e7-bc52-f81dbc3720dc","has_more":true,"dry_run":false}
batch=167 {"success":true,"platform":"shopee","merchant_id":"ffe8519e-49a2-467b-a0ec-57d28ba8be49","shop_id":"224882570","processed":20,"updated":20,"errors":0,"api_error":null,"upsert_errors":[],"next_after_id":"a93f74cf-f96e-4af9-8ea9-f80d93168558","has_more":true,"dry_run":false}
batch=168 {"success":true,"platform":"shopee","merchant_id":"ffe8519e-49a2-467b-a0ec-57d28ba8be49","shop_id":"224882570","processed":20,"updated":20,"errors":0,"api_error":null,"upsert_errors":[],"next_after_id":"a96c55f4-e5f8-48e9-a1e6-5a731e35bf98","has_more":true,"dry_run":false}
batch=169 {"success":true,"platform":"shopee","merchant_id":"ffe8519e-49a2-467b-a0ec-57d28ba8be49","shop_id":"224882570","processed":20,"updated":20,"errors":0,"api_error":null,"upsert_errors":[],"next_after_id":"a99d07e1-6899-429b-bb33-c19952ba8afa","has_more":true,"dry_run":false}
batch=170 {"success":true,"platform":"shopee","merchant_id":"ffe8519e-49a2-467b-a0ec-57d28ba8be49","shop_id":"224882570","processed":20,"updated":20,"errors":0,"api_error":null,"upsert_errors":[],"next_after_id":"a9d23993-e473-41d5-b387-fb5f9222a987","has_more":true,"dry_run":false}
batch=171 {"success":true,"platform":"shopee","merchant_id":"ffe8519e-49a2-467b-a0ec-57d28ba8be49","shop_id":"224882570","processed":20,"updated":20,"errors":0,"api_error":null,"upsert_errors":[],"next_after_id":"aa0084a0-82ca-4b49-83a0-63d86b703a18","has_more":true,"dry_run":false}
batch=172 {"success":true,"platform":"shopee","merchant_id":"ffe8519e-49a2-467b-a0ec-57d28ba8be49","shop_id":"224882570","processed":20,"updated":20,"errors":0,"api_error":null,"upsert_errors":[],"next_after_id":"aa2e290e-0702-4a47-ac09-1cc9f041b9f4","has_more":true,"dry_run":false}
batch=173 {"success":true,"platform":"shopee","merchant_id":"ffe8519e-49a2-467b-a0ec-57d28ba8be49","shop_id":"224882570","processed":20,"updated":20,"errors":0,"api_error":null,"upsert_errors":[],"next_after_id":"aa51cb72-63b7-4e37-8359-a1a733caa173","has_more":true,"dry_run":false}
batch=174 {"success":true,"platform":"shopee","merchant_id":"ffe8519e-49a2-467b-a0ec-57d28ba8be49","shop_id":"224882570","processed":20,"updated":20,"errors":0,"api_error":null,"upsert_errors":[],"next_after_id":"aa8a9985-5911-4cb8-9ac3-6dafc7c4ae71","has_more":true,"dry_run":false}
batch=175 {"success":true,"platform":"shopee","merchant_id":"ffe8519e-49a2-467b-a0ec-57d28ba8be49","shop_id":"224882570","processed":20,"updated":20,"errors":0,"api_error":null,"upsert_errors":[],"next_after_id":"aad23abc-cc39-42df-bf29-dda5e88a7898","has_more":true,"dry_run":false}
batch=176 {"success":true,"platform":"shopee","merchant_id":"ffe8519e-49a2-467b-a0ec-57d28ba8be49","shop_id":"224882570","processed":20,"updated":20,"errors":0,"api_error":null,"upsert_errors":[],"next_after_id":"aaefcc31-be26-48b7-8a98-f9df1967a3c7","has_more":true,"dry_run":false}
batch=177 {"success":true,"platform":"shopee","merchant_id":"ffe8519e-49a2-467b-a0ec-57d28ba8be49","shop_id":"224882570","processed":20,"updated":20,"errors":0,"api_error":null,"upsert_errors":[],"next_after_id":"ab15b7e3-f3a0-4645-82cf-c142572d2de7","has_more":true,"dry_run":false}
batch=178 {"success":true,"platform":"shopee","merchant_id":"ffe8519e-49a2-467b-a0ec-57d28ba8be49","shop_id":"224882570","processed":20,"updated":20,"errors":0,"api_error":null,"upsert_errors":[],"next_after_id":"ab3eba7e-fb17-4821-a186-b4c47a3af55a","has_more":true,"dry_run":false}
batch=179 {"success":true,"platform":"shopee","merchant_id":"ffe8519e-49a2-467b-a0ec-57d28ba8be49","shop_id":"224882570","processed":20,"updated":20,"errors":0,"api_error":null,"upsert_errors":[],"next_after_id":"ab714781-d5f0-4bda-a3e8-f45c1b5b18de","has_more":true,"dry_run":false}
batch=180 {"success":true,"platform":"shopee","merchant_id":"ffe8519e-49a2-467b-a0ec-57d28ba8be49","shop_id":"224882570","processed":20,"updated":20,"errors":0,"api_error":null,"upsert_errors":[],"next_after_id":"ab8e6181-920b-4d42-a74a-1501302a71cb","has_more":true,"dry_run":false}
batch=181 {"success":true,"platform":"shopee","merchant_id":"ffe8519e-49a2-467b-a0ec-57d28ba8be49","shop_id":"224882570","processed":20,"updated":20,"errors":0,"api_error":null,"upsert_errors":[],"next_after_id":"abb75369-bf49-454a-b719-9e2c4022e1d9","has_more":true,"dry_run":false}
batch=182 {"success":true,"platform":"shopee","merchant_id":"ffe8519e-49a2-467b-a0ec-57d28ba8be49","shop_id":"224882570","processed":20,"updated":20,"errors":0,"api_error":null,"upsert_errors":[],"next_after_id":"abf51353-e3cc-43c0-9dfc-b2d54b820081","has_more":true,"dry_run":false}
batch=183 {"success":true,"platform":"shopee","merchant_id":"ffe8519e-49a2-467b-a0ec-57d28ba8be49","shop_id":"224882570","processed":20,"updated":20,"errors":0,"api_error":null,"upsert_errors":[],"next_after_id":"ac2ca953-cec5-4f22-81bf-1814bdcee865","has_more":true,"dry_run":false}
batch=184 {"success":true,"platform":"shopee","merchant_id":"ffe8519e-49a2-467b-a0ec-57d28ba8be49","shop_id":"224882570","processed":20,"updated":20,"errors":0,"api_error":null,"upsert_errors":[],"next_after_id":"ac672107-52b2-43f5-9a0f-ae619f4f1209","has_more":true,"dry_run":false}
batch=185 {"success":true,"platform":"shopee","merchant_id":"ffe8519e-49a2-467b-a0ec-57d28ba8be49","shop_id":"224882570","processed":20,"updated":20,"errors":0,"api_error":null,"upsert_errors":[],"next_after_id":"ac95b1a1-5702-406a-abba-b750fd7e6272","has_more":true,"dry_run":false}
batch=186 {"success":true,"platform":"shopee","merchant_id":"ffe8519e-49a2-467b-a0ec-57d28ba8be49","shop_id":"224882570","processed":20,"updated":20,"errors":0,"api_error":null,"upsert_errors":[],"next_after_id":"acb71752-951f-434b-97b1-902a770b4492","has_more":true,"dry_run":false}
batch=187 {"success":true,"platform":"shopee","merchant_id":"ffe8519e-49a2-467b-a0ec-57d28ba8be49","shop_id":"224882570","processed":20,"updated":20,"errors":0,"api_error":null,"upsert_errors":[],"next_after_id":"ace4d3fe-b527-4866-9a8a-e7ea6098d633","has_more":true,"dry_run":false}
batch=188 {"success":true,"platform":"shopee","merchant_id":"ffe8519e-49a2-467b-a0ec-57d28ba8be49","shop_id":"224882570","processed":20,"updated":20,"errors":0,"api_error":null,"upsert_errors":[],"next_after_id":"ad0a1279-e48a-4e00-8e7d-f63137d69701","has_more":true,"dry_run":false}
batch=189 {"success":true,"platform":"shopee","merchant_id":"ffe8519e-49a2-467b-a0ec-57d28ba8be49","shop_id":"224882570","processed":20,"updated":20,"errors":0,"api_error":null,"upsert_errors":[],"next_after_id":"ad3cd63d-e88c-4759-a102-88b6fae9d0ed","has_more":true,"dry_run":false}
batch=190 {"success":true,"platform":"shopee","merchant_id":"ffe8519e-49a2-467b-a0ec-57d28ba8be49","shop_id":"224882570","processed":20,"updated":20,"errors":0,"api_error":null,"upsert_errors":[],"next_after_id":"ad5fe720-6929-4c6b-ad80-eab26ad553c9","has_more":true,"dry_run":false}
batch=191 {"success":true,"platform":"shopee","merchant_id":"ffe8519e-49a2-467b-a0ec-57d28ba8be49","shop_id":"224882570","processed":20,"updated":20,"errors":0,"api_error":null,"upsert_errors":[],"next_after_id":"ad8b2ba1-2535-4c84-b96b-e303d1eff879","has_more":true,"dry_run":false}
batch=192 {"success":true,"platform":"shopee","merchant_id":"ffe8519e-49a2-467b-a0ec-57d28ba8be49","shop_id":"224882570","processed":20,"updated":20,"errors":0,"api_error":null,"upsert_errors":[],"next_after_id":"adac9202-5645-405f-abfa-7098d624234c","has_more":true,"dry_run":false}
batch=193 {"success":true,"platform":"shopee","merchant_id":"ffe8519e-49a2-467b-a0ec-57d28ba8be49","shop_id":"224882570","processed":20,"updated":20,"errors":0,"api_error":null,"upsert_errors":[],"next_after_id":"addd4f79-da9e-406d-a8ce-da99423258ac","has_more":true,"dry_run":false}
batch=194 {"success":true,"platform":"shopee","merchant_id":"ffe8519e-49a2-467b-a0ec-57d28ba8be49","shop_id":"224882570","processed":20,"updated":20,"errors":0,"api_error":null,"upsert_errors":[],"next_after_id":"adfd6ce8-b16f-474c-b9e1-ac8d448ef219","has_more":true,"dry_run":false}
batch=195 {"success":true,"platform":"shopee","merchant_id":"ffe8519e-49a2-467b-a0ec-57d28ba8be49","shop_id":"224882570","processed":20,"updated":20,"errors":0,"api_error":null,"upsert_errors":[],"next_after_id":"ae32b571-765c-41da-b285-fdef87078df8","has_more":true,"dry_run":false}
batch=196 {"success":true,"platform":"shopee","merchant_id":"ffe8519e-49a2-467b-a0ec-57d28ba8be49","shop_id":"224882570","processed":20,"updated":20,"errors":0,"api_error":null,"upsert_errors":[],"next_after_id":"ae6803cb-13e4-42bb-93a7-4fca4d8b31d0","has_more":true,"dry_run":false}
batch=197 {"success":true,"platform":"shopee","merchant_id":"ffe8519e-49a2-467b-a0ec-57d28ba8be49","shop_id":"224882570","processed":20,"updated":20,"errors":0,"api_error":null,"upsert_errors":[],"next_after_id":"ae7eaf8a-4977-46d2-bc95-ef21060e0501","has_more":true,"dry_run":false}
batch=198 {"success":true,"platform":"shopee","merchant_id":"ffe8519e-49a2-467b-a0ec-57d28ba8be49","shop_id":"224882570","processed":20,"updated":20,"errors":0,"api_error":null,"upsert_errors":[],"next_after_id":"ae9bc69c-00fb-4643-9eac-2e0afbf0a55e","has_more":true,"dry_run":false}
batch=199 {"success":true,"platform":"shopee","merchant_id":"ffe8519e-49a2-467b-a0ec-57d28ba8be49","shop_id":"224882570","processed":20,"updated":20,"errors":0,"api_error":null,"upsert_errors":[],"next_after_id":"aec42f02-2b86-40a0-99cf-7810b2420c80","has_more":true,"dry_run":false}
batch=200 {"success":true,"platform":"shopee","merchant_id":"ffe8519e-49a2-467b-a0ec-57d28ba8be49","shop_id":"224882570","processed":20,"updated":20,"errors":0,"api_error":null,"upsert_errors":[],"next_after_id":"aefb8ddd-0178-405d-9cd1-601d44c80d45","has_more":true,"dry_run":false}
batch=201 {"success":true,"platform":"shopee","merchant_id":"ffe8519e-49a2-467b-a0ec-57d28ba8be49","shop_id":"224882570","processed":20,"updated":20,"errors":0,"api_error":null,"upsert_errors":[],"next_after_id":"af102bcd-3e0d-4e0f-b8f7-e610a32e5e3d","has_more":true,"dry_run":false}
batch=202 {"success":true,"platform":"shopee","merchant_id":"ffe8519e-49a2-467b-a0ec-57d28ba8be49","shop_id":"224882570","processed":20,"updated":20,"errors":0,"api_error":null,"upsert_errors":[],"next_after_id":"af4313d5-7d7f-4a9e-8539-bee3cca09717","has_more":true,"dry_run":false}
batch=203 {"success":true,"platform":"shopee","merchant_id":"ffe8519e-49a2-467b-a0ec-57d28ba8be49","shop_id":"224882570","processed":20,"updated":20,"errors":0,"api_error":null,"upsert_errors":[],"next_after_id":"af6ef7db-becf-4ab3-b09d-d629ecc205c7","has_more":true,"dry_run":false}
batch=204 {"success":true,"platform":"shopee","merchant_id":"ffe8519e-49a2-467b-a0ec-57d28ba8be49","shop_id":"224882570","processed":20,"updated":20,"errors":0,"api_error":null,"upsert_errors":[],"next_after_id":"afaea8fe-e364-4980-afb7-eff6aaedcee2","has_more":true,"dry_run":false}
batch=205 {"success":true,"platform":"shopee","merchant_id":"ffe8519e-49a2-467b-a0ec-57d28ba8be49","shop_id":"224882570","processed":20,"updated":20,"errors":0,"api_error":null,"upsert_errors":[],"next_after_id":"afd6258b-c133-4855-842f-306f3253bdb3","has_more":true,"dry_run":false}
batch=206 {"success":true,"platform":"shopee","merchant_id":"ffe8519e-49a2-467b-a0ec-57d28ba8be49","shop_id":"224882570","processed":20,"updated":20,"errors":0,"api_error":null,"upsert_errors":[],"next_after_id":"b00a1c81-6b91-4b02-8af6-b7d8646b484c","has_more":true,"dry_run":false}
batch=207 {"success":true,"platform":"shopee","merchant_id":"ffe8519e-49a2-467b-a0ec-57d28ba8be49","shop_id":"224882570","processed":20,"updated":20,"errors":0,"api_error":null,"upsert_errors":[],"next_after_id":"b04114ee-84a0-47e4-a83b-efcba4f349c5","has_more":true,"dry_run":false}
batch=208 {"success":true,"platform":"shopee","merchant_id":"ffe8519e-49a2-467b-a0ec-57d28ba8be49","shop_id":"224882570","processed":20,"updated":20,"errors":0,"api_error":null,"upsert_errors":[],"next_after_id":"b06fcc42-eb7a-4f86-b703-0f887113c0d8","has_more":true,"dry_run":false}
batch=209 {"success":true,"platform":"shopee","merchant_id":"ffe8519e-49a2-467b-a0ec-57d28ba8be49","shop_id":"224882570","processed":20,"updated":20,"errors":0,"api_error":null,"upsert_errors":[],"next_after_id":"b0a05552-4038-41b9-bfc0-56b14029131c","has_more":true,"dry_run":false}
batch=210 {"success":true,"platform":"shopee","merchant_id":"ffe8519e-49a2-467b-a0ec-57d28ba8be49","shop_id":"224882570","processed":20,"updated":20,"errors":0,"api_error":null,"upsert_errors":[],"next_after_id":"b0d7bd60-6145-4d58-b25c-8a0b5aacab54","has_more":true,"dry_run":false}
batch=211 {"success":true,"platform":"shopee","merchant_id":"ffe8519e-49a2-467b-a0ec-57d28ba8be49","shop_id":"224882570","processed":20,"updated":20,"errors":0,"api_error":null,"upsert_errors":[],"next_after_id":"b1119db7-cd73-4d14-83b9-17a9afa7feb1","has_more":true,"dry_run":false}
batch=212 {"success":true,"platform":"shopee","merchant_id":"ffe8519e-49a2-467b-a0ec-57d28ba8be49","shop_id":"224882570","processed":20,"updated":20,"errors":0,"api_error":null,"upsert_errors":[],"next_after_id":"b134ac9f-f69e-4335-b161-6a4868b095f4","has_more":true,"dry_run":false}
batch=213 {"success":true,"platform":"shopee","merchant_id":"ffe8519e-49a2-467b-a0ec-57d28ba8be49","shop_id":"224882570","processed":20,"updated":20,"errors":0,"api_error":null,"upsert_errors":[],"next_after_id":"b158bb3f-6595-4be0-b916-a272b95179d3","has_more":true,"dry_run":false}
batch=214 {"success":true,"platform":"shopee","merchant_id":"ffe8519e-49a2-467b-a0ec-57d28ba8be49","shop_id":"224882570","processed":20,"updated":20,"errors":0,"api_error":null,"upsert_errors":[],"next_after_id":"b19045a6-36d4-4f9d-acb5-55596387a57a","has_more":true,"dry_run":false}
batch=215 {"success":true,"platform":"shopee","merchant_id":"ffe8519e-49a2-467b-a0ec-57d28ba8be49","shop_id":"224882570","processed":20,"updated":20,"errors":0,"api_error":null,"upsert_errors":[],"next_after_id":"b1ba4f55-ed23-45ce-a11d-35b23b19139f","has_more":true,"dry_run":false}
batch=216 {"success":true,"platform":"shopee","merchant_id":"ffe8519e-49a2-467b-a0ec-57d28ba8be49","shop_id":"224882570","processed":20,"updated":20,"errors":0,"api_error":null,"upsert_errors":[],"next_after_id":"b1ed950f-04e9-46a1-829e-37dc0a278f15","has_more":true,"dry_run":false}
batch=217 {"success":true,"platform":"shopee","merchant_id":"ffe8519e-49a2-467b-a0ec-57d28ba8be49","shop_id":"224882570","processed":20,"updated":20,"errors":0,"api_error":null,"upsert_errors":[],"next_after_id":"b21ca901-8c14-4228-ae04-bd3bd7d4d96c","has_more":true,"dry_run":false}
batch=218 {"success":true,"platform":"shopee","merchant_id":"ffe8519e-49a2-467b-a0ec-57d28ba8be49","shop_id":"224882570","processed":20,"updated":20,"errors":0,"api_error":null,"upsert_errors":[],"next_after_id":"b232fcff-08e5-4276-ad79-de62f6ad3111","has_more":true,"dry_run":false}
batch=219 {"success":true,"platform":"shopee","merchant_id":"ffe8519e-49a2-467b-a0ec-57d28ba8be49","shop_id":"224882570","processed":20,"updated":20,"errors":0,"api_error":null,"upsert_errors":[],"next_after_id":"b259cf8d-f51b-4dd2-8a8b-0a0e4a942300","has_more":true,"dry_run":false}
batch=220 {"success":true,"platform":"shopee","merchant_id":"ffe8519e-49a2-467b-a0ec-57d28ba8be49","shop_id":"224882570","processed":20,"updated":20,"errors":0,"api_error":null,"upsert_errors":[],"next_after_id":"b287c54e-5e4a-4ed6-a6f5-666900a7d503","has_more":true,"dry_run":false}
batch=221 {"success":true,"platform":"shopee","merchant_id":"ffe8519e-49a2-467b-a0ec-57d28ba8be49","shop_id":"224882570","processed":20,"updated":20,"errors":0,"api_error":null,"upsert_errors":[],"next_after_id":"b2b43e77-cb32-468b-bb13-b95c8cc3f278","has_more":true,"dry_run":false}
batch=222 {"success":true,"platform":"shopee","merchant_id":"ffe8519e-49a2-467b-a0ec-57d28ba8be49","shop_id":"224882570","processed":20,"updated":20,"errors":0,"api_error":null,"upsert_errors":[],"next_after_id":"b2e342e5-c895-4d55-8cdb-f6056a2bfd25","has_more":true,"dry_run":false}
batch=223 {"success":true,"platform":"shopee","merchant_id":"ffe8519e-49a2-467b-a0ec-57d28ba8be49","shop_id":"224882570","processed":20,"updated":20,"errors":0,"api_error":null,"upsert_errors":[],"next_after_id":"b2fb8ad5-278f-4f97-a902-bbaa335449d4","has_more":true,"dry_run":false}
batch=224 {"success":true,"platform":"shopee","merchant_id":"ffe8519e-49a2-467b-a0ec-57d28ba8be49","shop_id":"224882570","processed":20,"updated":20,"errors":0,"api_error":null,"upsert_errors":[],"next_after_id":"b325c442-418e-4513-b314-199e1e80dc31","has_more":true,"dry_run":false}
batch=225 {"success":true,"platform":"shopee","merchant_id":"ffe8519e-49a2-467b-a0ec-57d28ba8be49","shop_id":"224882570","processed":20,"updated":20,"errors":0,"api_error":null,"upsert_errors":[],"next_after_id":"b34df327-a056-4737-8f67-847551f96212","has_more":true,"dry_run":false}
batch=226 {"success":true,"platform":"shopee","merchant_id":"ffe8519e-49a2-467b-a0ec-57d28ba8be49","shop_id":"224882570","processed":20,"updated":20,"errors":0,"api_error":null,"upsert_errors":[],"next_after_id":"b37425ab-b42a-4d7f-ad8b-13cf0a137e8c","has_more":true,"dry_run":false}
batch=227 {"success":true,"platform":"shopee","merchant_id":"ffe8519e-49a2-467b-a0ec-57d28ba8be49","shop_id":"224882570","processed":20,"updated":20,"errors":0,"api_error":null,"upsert_errors":[],"next_after_id":"b3a5fe7c-229b-4103-b41b-ab6d76f74ad4","has_more":true,"dry_run":false}
batch=228 {"success":true,"platform":"shopee","merchant_id":"ffe8519e-49a2-467b-a0ec-57d28ba8be49","shop_id":"224882570","processed":20,"updated":20,"errors":0,"api_error":null,"upsert_errors":[],"next_after_id":"b3c32c1b-903e-43d0-980a-7f27c17e53a0","has_more":true,"dry_run":false}
batch=229 {"success":true,"platform":"shopee","merchant_id":"ffe8519e-49a2-467b-a0ec-57d28ba8be49","shop_id":"224882570","processed":20,"updated":20,"errors":0,"api_error":null,"upsert_errors":[],"next_after_id":"b3f37ded-133c-4ec2-b4f6-d7feaa13a316","has_more":true,"dry_run":false}
batch=230 {"success":true,"platform":"shopee","merchant_id":"ffe8519e-49a2-467b-a0ec-57d28ba8be49","shop_id":"224882570","processed":20,"updated":20,"errors":0,"api_error":null,"upsert_errors":[],"next_after_id":"b413c6eb-1b1b-45d0-bdf6-ba86a4f8f625","has_more":true,"dry_run":false}
batch=231 {"success":true,"platform":"shopee","merchant_id":"ffe8519e-49a2-467b-a0ec-57d28ba8be49","shop_id":"224882570","processed":20,"updated":20,"errors":0,"api_error":null,"upsert_errors":[],"next_after_id":"b42f88a6-ff1b-4c31-802f-34d986f11ba8","has_more":true,"dry_run":false}
batch=232 {"success":true,"platform":"shopee","merchant_id":"ffe8519e-49a2-467b-a0ec-57d28ba8be49","shop_id":"224882570","processed":20,"updated":20,"errors":0,"api_error":null,"upsert_errors":[],"next_after_id":"b4609d1a-e393-462b-8ecd-c646be98e679","has_more":true,"dry_run":false}
batch=233 {"success":true,"platform":"shopee","merchant_id":"ffe8519e-49a2-467b-a0ec-57d28ba8be49","shop_id":"224882570","processed":20,"updated":20,"errors":0,"api_error":null,"upsert_errors":[],"next_after_id":"b4903c5d-8d7b-48c0-a01d-6ad04361830b","has_more":true,"dry_run":false}
batch=234 {"success":true,"platform":"shopee","merchant_id":"ffe8519e-49a2-467b-a0ec-57d28ba8be49","shop_id":"224882570","processed":20,"updated":20,"errors":0,"api_error":null,"upsert_errors":[],"next_after_id":"b4bfc4cb-2173-474f-a611-5980fd7c57a0","has_more":true,"dry_run":false}
batch=235 {"success":true,"platform":"shopee","merchant_id":"ffe8519e-49a2-467b-a0ec-57d28ba8be49","shop_id":"224882570","processed":20,"updated":20,"errors":0,"api_error":null,"upsert_errors":[],"next_after_id":"b4f4371b-2981-431e-a08d-abee401bd375","has_more":true,"dry_run":false}
batch=236 {"success":true,"platform":"shopee","merchant_id":"ffe8519e-49a2-467b-a0ec-57d28ba8be49","shop_id":"224882570","processed":20,"updated":20,"errors":0,"api_error":null,"upsert_errors":[],"next_after_id":"b51dbe6c-937a-4d66-9e42-dda33561abfa","has_more":true,"dry_run":false}
batch=237 {"success":true,"platform":"shopee","merchant_id":"ffe8519e-49a2-467b-a0ec-57d28ba8be49","shop_id":"224882570","processed":20,"updated":20,"errors":0,"api_error":null,"upsert_errors":[],"next_after_id":"b542c113-aa88-425f-b4ef-77a3b95c5628","has_more":true,"dry_run":false}
batch=238 {"success":true,"platform":"shopee","merchant_id":"ffe8519e-49a2-467b-a0ec-57d28ba8be49","shop_id":"224882570","processed":20,"updated":20,"errors":0,"api_error":null,"upsert_errors":[],"next_after_id":"b57291df-f6fb-4be1-bb2a-17aab7e76825","has_more":true,"dry_run":false}
batch=239 {"success":true,"platform":"shopee","merchant_id":"ffe8519e-49a2-467b-a0ec-57d28ba8be49","shop_id":"224882570","processed":20,"updated":20,"errors":0,"api_error":null,"upsert_errors":[],"next_after_id":"b5a97fdf-48da-407f-9c51-64248507286e","has_more":true,"dry_run":false}
batch=240 {"success":true,"platform":"shopee","merchant_id":"ffe8519e-49a2-467b-a0ec-57d28ba8be49","shop_id":"224882570","processed":20,"updated":20,"errors":0,"api_error":null,"upsert_errors":[],"next_after_id":"b5d95521-9adf-4a7b-a67f-7f5f180c2d37","has_more":true,"dry_run":false}
batch=241 {"success":true,"platform":"shopee","merchant_id":"ffe8519e-49a2-467b-a0ec-57d28ba8be49","shop_id":"224882570","processed":20,"updated":20,"errors":0,"api_error":null,"upsert_errors":[],"next_after_id":"b611c6d8-09d2-4451-b8f1-803fbc1791d4","has_more":true,"dry_run":false}
batch=242 {"success":true,"platform":"shopee","merchant_id":"ffe8519e-49a2-467b-a0ec-57d28ba8be49","shop_id":"224882570","processed":20,"updated":20,"errors":0,"api_error":null,"upsert_errors":[],"next_after_id":"b6361dfb-8e8a-41bf-b981-ee34384ad44f","has_more":true,"dry_run":false}
batch=243 {"success":true,"platform":"shopee","merchant_id":"ffe8519e-49a2-467b-a0ec-57d28ba8be49","shop_id":"224882570","processed":20,"updated":20,"errors":0,"api_error":null,"upsert_errors":[],"next_after_id":"b663b4a1-dcb0-4c5a-9629-5ad781e3dd99","has_more":true,"dry_run":false}
batch=244 {"success":true,"platform":"shopee","merchant_id":"ffe8519e-49a2-467b-a0ec-57d28ba8be49","shop_id":"224882570","processed":20,"updated":20,"errors":0,"api_error":null,"upsert_errors":[],"next_after_id":"b693468d-afd1-4bbd-90c0-b39d4c6e05b8","has_more":true,"dry_run":false}
batch=245 {"success":true,"platform":"shopee","merchant_id":"ffe8519e-49a2-467b-a0ec-57d28ba8be49","shop_id":"224882570","processed":20,"updated":20,"errors":0,"api_error":null,"upsert_errors":[],"next_after_id":"b6b8e314-0501-41aa-83a6-228bae752488","has_more":true,"dry_run":false}
batch=246 {"success":true,"platform":"shopee","merchant_id":"ffe8519e-49a2-467b-a0ec-57d28ba8be49","shop_id":"224882570","processed":20,"updated":20,"errors":0,"api_error":null,"upsert_errors":[],"next_after_id":"b6e8fb5e-00cd-42af-842d-b11cfbdc68a1","has_more":true,"dry_run":false}
batch=247 {"success":true,"platform":"shopee","merchant_id":"ffe8519e-49a2-467b-a0ec-57d28ba8be49","shop_id":"224882570","processed":20,"updated":20,"errors":0,"api_error":null,"upsert_errors":[],"next_after_id":"b711fa8d-4bf2-4477-86f8-5249fdfeb219","has_more":true,"dry_run":false}
batch=248 {"success":true,"platform":"shopee","merchant_id":"ffe8519e-49a2-467b-a0ec-57d28ba8be49","shop_id":"224882570","processed":20,"updated":20,"errors":0,"api_error":null,"upsert_errors":[],"next_after_id":"b7381e97-ca4d-445d-8e5d-1911cf75b483","has_more":true,"dry_run":false}
batch=249 {"success":true,"platform":"shopee","merchant_id":"ffe8519e-49a2-467b-a0ec-57d28ba8be49","shop_id":"224882570","processed":20,"updated":20,"errors":0,"api_error":null,"upsert_errors":[],"next_after_id":"b77010a1-5126-4c88-b9ad-38f861aff687","has_more":true,"dry_run":false}
batch=250 {"success":true,"platform":"shopee","merchant_id":"ffe8519e-49a2-467b-a0ec-57d28ba8be49","shop_id":"224882570","processed":20,"updated":20,"errors":0,"api_error":null,"upsert_errors":[],"next_after_id":"b79df6bb-50a4-41df-a845-7cf78fd1ed04","has_more":true,"dry_run":false}
batch=251 {"success":true,"platform":"shopee","merchant_id":"ffe8519e-49a2-467b-a0ec-57d28ba8be49","shop_id":"224882570","processed":20,"updated":20,"errors":0,"api_error":null,"upsert_errors":[],"next_after_id":"b7bd4304-d3cc-4f54-9f19-118e8efbb264","has_more":true,"dry_run":false}
batch=252 {"success":true,"platform":"shopee","merchant_id":"ffe8519e-49a2-467b-a0ec-57d28ba8be49","shop_id":"224882570","processed":20,"updated":20,"errors":0,"api_error":null,"upsert_errors":[],"next_after_id":"b7f6cd54-f6b3-4591-80fd-f6e26f272f4e","has_more":true,"dry_run":false}
batch=253 {"success":true,"platform":"shopee","merchant_id":"ffe8519e-49a2-467b-a0ec-57d28ba8be49","shop_id":"224882570","processed":20,"updated":20,"errors":0,"api_error":null,"upsert_errors":[],"next_after_id":"b8178f9b-d0e5-429c-9d15-e8e25aac742f","has_more":true,"dry_run":false}
batch=254 {"success":true,"platform":"shopee","merchant_id":"ffe8519e-49a2-467b-a0ec-57d28ba8be49","shop_id":"224882570","processed":20,"updated":20,"errors":0,"api_error":null,"upsert_errors":[],"next_after_id":"b856c7c1-55ae-4030-a05e-74d607a2cbba","has_more":true,"dry_run":false}
batch=255 {"success":true,"platform":"shopee","merchant_id":"ffe8519e-49a2-467b-a0ec-57d28ba8be49","shop_id":"224882570","processed":20,"updated":20,"errors":0,"api_error":null,"upsert_errors":[],"next_after_id":"b889d52f-a1cd-4c04-9ccb-8a7215daa742","has_more":true,"dry_run":false}
batch=256 {"success":true,"platform":"shopee","merchant_id":"ffe8519e-49a2-467b-a0ec-57d28ba8be49","shop_id":"224882570","processed":20,"updated":20,"errors":0,"api_error":null,"upsert_errors":[],"next_after_id":"b8b520df-07ab-47d0-8a0c-d6e3371de3c4","has_more":true,"dry_run":false}
batch=257 {"success":true,"platform":"shopee","merchant_id":"ffe8519e-49a2-467b-a0ec-57d28ba8be49","shop_id":"224882570","processed":20,"updated":20,"errors":0,"api_error":null,"upsert_errors":[],"next_after_id":"b8df986b-3506-4536-8ea5-a65527badc1a","has_more":true,"dry_run":false}
batch=258 {"success":true,"platform":"shopee","merchant_id":"ffe8519e-49a2-467b-a0ec-57d28ba8be49","shop_id":"224882570","processed":20,"updated":20,"errors":0,"api_error":null,"upsert_errors":[],"next_after_id":"b9014624-c084-4442-81d0-cb7b958561be","has_more":true,"dry_run":false}
batch=259 {"success":true,"platform":"shopee","merchant_id":"ffe8519e-49a2-467b-a0ec-57d28ba8be49","shop_id":"224882570","processed":20,"updated":20,"errors":0,"api_error":null,"upsert_errors":[],"next_after_id":"b92c062e-3497-4d6f-8fbd-5f841d659a69","has_more":true,"dry_run":false}
batch=260 {"success":true,"platform":"shopee","merchant_id":"ffe8519e-49a2-467b-a0ec-57d28ba8be49","shop_id":"224882570","processed":20,"updated":20,"errors":0,"api_error":null,"upsert_errors":[],"next_after_id":"b94f8e03-1036-4298-b098-92ce5eb9b252","has_more":true,"dry_run":false}
batch=261 {"success":true,"platform":"shopee","merchant_id":"ffe8519e-49a2-467b-a0ec-57d28ba8be49","shop_id":"224882570","processed":20,"updated":20,"errors":0,"api_error":null,"upsert_errors":[],"next_after_id":"b991e1bb-e0d0-4cea-bfd2-141372241188","has_more":true,"dry_run":false}
batch=262 {"success":true,"platform":"shopee","merchant_id":"ffe8519e-49a2-467b-a0ec-57d28ba8be49","shop_id":"224882570","processed":20,"updated":20,"errors":0,"api_error":null,"upsert_errors":[],"next_after_id":"b9b2eee9-a1c5-47b2-a7d5-b6e8ae5fb45b","has_more":true,"dry_run":false}
batch=263 {"success":true,"platform":"shopee","merchant_id":"ffe8519e-49a2-467b-a0ec-57d28ba8be49","shop_id":"224882570","processed":20,"updated":20,"errors":0,"api_error":null,"upsert_errors":[],"next_after_id":"b9e62d6b-6df0-4c99-add4-f9bb8a49d459","has_more":true,"dry_run":false}
batch=264 {"success":true,"platform":"shopee","merchant_id":"ffe8519e-49a2-467b-a0ec-57d28ba8be49","shop_id":"224882570","processed":20,"updated":20,"errors":0,"api_error":null,"upsert_errors":[],"next_after_id":"ba1ed9bb-dce2-4988-8cb9-737790c30c63","has_more":true,"dry_run":false}
batch=265 {"success":true,"platform":"shopee","merchant_id":"ffe8519e-49a2-467b-a0ec-57d28ba8be49","shop_id":"224882570","processed":20,"updated":20,"errors":0,"api_error":null,"upsert_errors":[],"next_after_id":"ba4dadfd-a4ce-4a7b-8d1b-3d2c84f5b37b","has_more":true,"dry_run":false}
batch=266 {"success":true,"platform":"shopee","merchant_id":"ffe8519e-49a2-467b-a0ec-57d28ba8be49","shop_id":"224882570","processed":20,"updated":20,"errors":0,"api_error":null,"upsert_errors":[],"next_after_id":"ba82a075-cd6c-4cea-a39a-7a223eaaec3f","has_more":true,"dry_run":false}
batch=267 {"success":true,"platform":"shopee","merchant_id":"ffe8519e-49a2-467b-a0ec-57d28ba8be49","shop_id":"224882570","processed":20,"updated":20,"errors":0,"api_error":null,"upsert_errors":[],"next_after_id":"baad28a8-1f05-4a3a-947d-1761055cb0f2","has_more":true,"dry_run":false}
batch=268 {"success":true,"platform":"shopee","merchant_id":"ffe8519e-49a2-467b-a0ec-57d28ba8be49","shop_id":"224882570","processed":20,"updated":20,"errors":0,"api_error":null,"upsert_errors":[],"next_after_id":"bad0f32f-49bd-4de7-8b16-525be1e09e7d","has_more":true,"dry_run":false}
batch=269 {"success":true,"platform":"shopee","merchant_id":"ffe8519e-49a2-467b-a0ec-57d28ba8be49","shop_id":"224882570","processed":20,"updated":20,"errors":0,"api_error":null,"upsert_errors":[],"next_after_id":"baf4e8d2-e7fc-4032-b88b-a7cbae510bc2","has_more":true,"dry_run":false}
batch=270 {"success":true,"platform":"shopee","merchant_id":"ffe8519e-49a2-467b-a0ec-57d28ba8be49","shop_id":"224882570","processed":20,"updated":20,"errors":0,"api_error":null,"upsert_errors":[],"next_after_id":"bb1ac8af-0f04-47a2-be3d-34679ad2fe55","has_more":true,"dry_run":false}
batch=271 {"success":true,"platform":"shopee","merchant_id":"ffe8519e-49a2-467b-a0ec-57d28ba8be49","shop_id":"224882570","processed":20,"updated":20,"errors":0,"api_error":null,"upsert_errors":[],"next_after_id":"bb405162-4801-48b6-a529-cf55f102d8d7","has_more":true,"dry_run":false}
batch=272 {"success":true,"platform":"shopee","merchant_id":"ffe8519e-49a2-467b-a0ec-57d28ba8be49","shop_id":"224882570","processed":20,"updated":20,"errors":0,"api_error":null,"upsert_errors":[],"next_after_id":"bb6dbb1c-ede3-409b-a5b1-37ba9fdc104f","has_more":true,"dry_run":false}
batch=273 {"success":true,"platform":"shopee","merchant_id":"ffe8519e-49a2-467b-a0ec-57d28ba8be49","shop_id":"224882570","processed":20,"updated":20,"errors":0,"api_error":null,"upsert_errors":[],"next_after_id":"bb9357ab-e92d-4ff0-8dcb-4b635fd95a22","has_more":true,"dry_run":false}
batch=274 {"success":true,"platform":"shopee","merchant_id":"ffe8519e-49a2-467b-a0ec-57d28ba8be49","shop_id":"224882570","processed":20,"updated":20,"errors":0,"api_error":null,"upsert_errors":[],"next_after_id":"bbc05ef6-fb02-4568-98de-a3cae887ace2","has_more":true,"dry_run":false}
batch=275 {"success":true,"platform":"shopee","merchant_id":"ffe8519e-49a2-467b-a0ec-57d28ba8be49","shop_id":"224882570","processed":20,"updated":20,"errors":0,"api_error":null,"upsert_errors":[],"next_after_id":"bbf2ebc8-6a60-4331-a592-380b98f534d0","has_more":true,"dry_run":false}
batch=276 {"success":true,"platform":"shopee","merchant_id":"ffe8519e-49a2-467b-a0ec-57d28ba8be49","shop_id":"224882570","processed":20,"updated":20,"errors":0,"api_error":null,"upsert_errors":[],"next_after_id":"bc19faaa-503a-49d6-89ba-1c51d4f2a434","has_more":true,"dry_run":false}
batch=277 {"success":true,"platform":"shopee","merchant_id":"ffe8519e-49a2-467b-a0ec-57d28ba8be49","shop_id":"224882570","processed":20,"updated":20,"errors":0,"api_error":null,"upsert_errors":[],"next_after_id":"bc542912-430a-4c54-b6d5-7f081ab5a66d","has_more":true,"dry_run":false}
batch=278 {"success":true,"platform":"shopee","merchant_id":"ffe8519e-49a2-467b-a0ec-57d28ba8be49","shop_id":"224882570","processed":20,"updated":20,"errors":0,"api_error":null,"upsert_errors":[],"next_after_id":"bc7da87e-46fb-4f91-9fd6-ca9b708563b2","has_more":true,"dry_run":false}
batch=279 {"success":true,"platform":"shopee","merchant_id":"ffe8519e-49a2-467b-a0ec-57d28ba8be49","shop_id":"224882570","processed":20,"updated":20,"errors":0,"api_error":null,"upsert_errors":[],"next_after_id":"bcb368ac-d3c3-4e4b-a3c6-558cea67ba6a","has_more":true,"dry_run":false}
batch=280 {"success":true,"platform":"shopee","merchant_id":"ffe8519e-49a2-467b-a0ec-57d28ba8be49","shop_id":"224882570","processed":20,"updated":20,"errors":0,"api_error":null,"upsert_errors":[],"next_after_id":"bce32e4f-c8ff-4fb4-9ffc-b0d7a5e237b9","has_more":true,"dry_run":false}
batch=281 {"success":true,"platform":"shopee","merchant_id":"ffe8519e-49a2-467b-a0ec-57d28ba8be49","shop_id":"224882570","processed":20,"updated":20,"errors":0,"api_error":null,"upsert_errors":[],"next_after_id":"bd1cb19a-3cc8-4979-94bd-6ea3097c7682","has_more":true,"dry_run":false}
batch=282 {"success":true,"platform":"shopee","merchant_id":"ffe8519e-49a2-467b-a0ec-57d28ba8be49","shop_id":"224882570","processed":20,"updated":20,"errors":0,"api_error":null,"upsert_errors":[],"next_after_id":"bd3e01f4-1f05-4020-9601-975e7eb4f913","has_more":true,"dry_run":false}
batch=283 {"success":true,"platform":"shopee","merchant_id":"ffe8519e-49a2-467b-a0ec-57d28ba8be49","shop_id":"224882570","processed":20,"updated":20,"errors":0,"api_error":null,"upsert_errors":[],"next_after_id":"bd6961d7-d3e7-4fa9-a542-4571c6c7d559","has_more":true,"dry_run":false}
batch=284 {"success":true,"platform":"shopee","merchant_id":"ffe8519e-49a2-467b-a0ec-57d28ba8be49","shop_id":"224882570","processed":20,"updated":20,"errors":0,"api_error":null,"upsert_errors":[],"next_after_id":"bd83d449-738a-418f-aac7-a6865bdc572f","has_more":true,"dry_run":false}
batch=285 {"success":true,"platform":"shopee","merchant_id":"ffe8519e-49a2-467b-a0ec-57d28ba8be49","shop_id":"224882570","processed":20,"updated":20,"errors":0,"api_error":null,"upsert_errors":[],"next_after_id":"bdab7452-08d4-445d-886b-e1826e12a1be","has_more":true,"dry_run":false}
batch=286 {"success":true,"platform":"shopee","merchant_id":"ffe8519e-49a2-467b-a0ec-57d28ba8be49","shop_id":"224882570","processed":20,"updated":20,"errors":0,"api_error":null,"upsert_errors":[],"next_after_id":"bdca1915-a01e-4f92-aa80-f51f195cc7de","has_more":true,"dry_run":false}
batch=287 {"success":true,"platform":"shopee","merchant_id":"ffe8519e-49a2-467b-a0ec-57d28ba8be49","shop_id":"224882570","processed":20,"updated":20,"errors":0,"api_error":null,"upsert_errors":[],"next_after_id":"bdfdff4b-8942-423f-acfe-cf905e8b8011","has_more":true,"dry_run":false}
batch=288 {"success":true,"platform":"shopee","merchant_id":"ffe8519e-49a2-467b-a0ec-57d28ba8be49","shop_id":"224882570","processed":20,"updated":20,"errors":0,"api_error":null,"upsert_errors":[],"next_after_id":"be337a56-c7c5-4cf9-a8fb-195a83fbbedb","has_more":true,"dry_run":false}
batch=289 {"success":true,"platform":"shopee","merchant_id":"ffe8519e-49a2-467b-a0ec-57d28ba8be49","shop_id":"224882570","processed":20,"updated":20,"errors":0,"api_error":null,"upsert_errors":[],"next_after_id":"be663151-f748-4c2f-ae40-11a8a313553a","has_more":true,"dry_run":false}
batch=290 {"success":true,"platform":"shopee","merchant_id":"ffe8519e-49a2-467b-a0ec-57d28ba8be49","shop_id":"224882570","processed":20,"updated":20,"errors":0,"api_error":null,"upsert_errors":[],"next_after_id":"be9242c6-0f77-4aa5-a357-d0d2c5357f80","has_more":true,"dry_run":false}
batch=291 {"success":true,"platform":"shopee","merchant_id":"ffe8519e-49a2-467b-a0ec-57d28ba8be49","shop_id":"224882570","processed":20,"updated":20,"errors":0,"api_error":null,"upsert_errors":[],"next_after_id":"bec823ef-f9b9-48b4-b6f7-c882f1a754c9","has_more":true,"dry_run":false}
batch=292 {"success":true,"platform":"shopee","merchant_id":"ffe8519e-49a2-467b-a0ec-57d28ba8be49","shop_id":"224882570","processed":20,"updated":20,"errors":0,"api_error":null,"upsert_errors":[],"next_after_id":"bf0437ff-32eb-4426-b44f-2f41208be6e6","has_more":true,"dry_run":false}
batch=293 {"success":true,"platform":"shopee","merchant_id":"ffe8519e-49a2-467b-a0ec-57d28ba8be49","shop_id":"224882570","processed":20,"updated":20,"errors":0,"api_error":null,"upsert_errors":[],"next_after_id":"bf3c1d2e-33ba-4374-935e-0a810e9d2522","has_more":true,"dry_run":false}
batch=294 {"success":true,"platform":"shopee","merchant_id":"ffe8519e-49a2-467b-a0ec-57d28ba8be49","shop_id":"224882570","processed":20,"updated":20,"errors":0,"api_error":null,"upsert_errors":[],"next_after_id":"bf756846-d98d-4b68-8c0e-f6cd94fbe15c","has_more":true,"dry_run":false}
batch=295 {"success":true,"platform":"shopee","merchant_id":"ffe8519e-49a2-467b-a0ec-57d28ba8be49","shop_id":"224882570","processed":20,"updated":20,"errors":0,"api_error":null,"upsert_errors":[],"next_after_id":"bfa4d7b6-0bcf-45e5-8062-70fb2f6772f7","has_more":true,"dry_run":false}
batch=296 {"success":true,"platform":"shopee","merchant_id":"ffe8519e-49a2-467b-a0ec-57d28ba8be49","shop_id":"224882570","processed":20,"updated":20,"errors":0,"api_error":null,"upsert_errors":[],"next_after_id":"bfd903dc-7ea1-4186-8ba9-af08e8f5adfb","has_more":true,"dry_run":false}
batch=297 {"success":true,"platform":"shopee","merchant_id":"ffe8519e-49a2-467b-a0ec-57d28ba8be49","shop_id":"224882570","processed":20,"updated":20,"errors":0,"api_error":null,"upsert_errors":[],"next_after_id":"c007bb5a-bee6-40d4-9f01-58f9c24207d2","has_more":true,"dry_run":false}
batch=298 {"success":true,"platform":"shopee","merchant_id":"ffe8519e-49a2-467b-a0ec-57d28ba8be49","shop_id":"224882570","processed":20,"updated":20,"errors":0,"api_error":null,"upsert_errors":[],"next_after_id":"c0492480-cc54-41fa-9b2e-b7d7a38580d6","has_more":true,"dry_run":false}
batch=299 {"success":true,"platform":"shopee","merchant_id":"ffe8519e-49a2-467b-a0ec-57d28ba8be49","shop_id":"224882570","processed":20,"updated":20,"errors":0,"api_error":null,"upsert_errors":[],"next_after_id":"c07fa381-6691-4222-864f-b8380fe327ce","has_more":true,"dry_run":false}
batch=300 {"success":true,"platform":"shopee","merchant_id":"ffe8519e-49a2-467b-a0ec-57d28ba8be49","shop_id":"224882570","processed":20,"updated":20,"errors":0,"api_error":null,"upsert_errors":[],"next_after_id":"c09cd21d-e101-40e8-af3e-fe1ad0de4987","has_more":true,"dry_run":false}
batch=301 {"success":true,"platform":"shopee","merchant_id":"ffe8519e-49a2-467b-a0ec-57d28ba8be49","shop_id":"224882570","processed":20,"updated":20,"errors":0,"api_error":null,"upsert_errors":[],"next_after_id":"c0ce9d7b-143e-4016-a5cf-6e60c0d2dc09","has_more":true,"dry_run":false}
batch=302 {"success":true,"platform":"shopee","merchant_id":"ffe8519e-49a2-467b-a0ec-57d28ba8be49","shop_id":"224882570","processed":20,"updated":20,"errors":0,"api_error":null,"upsert_errors":[],"next_after_id":"c102aff3-6dd5-491a-9ac9-54730c92d121","has_more":true,"dry_run":false}
batch=303 {"success":true,"platform":"shopee","merchant_id":"ffe8519e-49a2-467b-a0ec-57d28ba8be49","shop_id":"224882570","processed":20,"updated":20,"errors":0,"api_error":null,"upsert_errors":[],"next_after_id":"c137a45b-dccf-4a69-84fe-cc99275fb6e4","has_more":true,"dry_run":false}
batch=304 {"success":true,"platform":"shopee","merchant_id":"ffe8519e-49a2-467b-a0ec-57d28ba8be49","shop_id":"224882570","processed":20,"updated":20,"errors":0,"api_error":null,"upsert_errors":[],"next_after_id":"c15a68c9-3503-4006-a8b4-72cb469b3be8","has_more":true,"dry_run":false}
batch=305 {"success":true,"platform":"shopee","merchant_id":"ffe8519e-49a2-467b-a0ec-57d28ba8be49","shop_id":"224882570","processed":20,"updated":20,"errors":0,"api_error":null,"upsert_errors":[],"next_after_id":"c17ad88f-06db-49f1-be0d-760200eb857b","has_more":true,"dry_run":false}
batch=306 {"success":true,"platform":"shopee","merchant_id":"ffe8519e-49a2-467b-a0ec-57d28ba8be49","shop_id":"224882570","processed":20,"updated":20,"errors":0,"api_error":null,"upsert_errors":[],"next_after_id":"c1a93140-05a8-48ec-a601-010b7c8daef5","has_more":true,"dry_run":false}
batch=307 {"success":true,"platform":"shopee","merchant_id":"ffe8519e-49a2-467b-a0ec-57d28ba8be49","shop_id":"224882570","processed":20,"updated":20,"errors":0,"api_error":null,"upsert_errors":[],"next_after_id":"c1c974e3-8cc7-4634-a3ec-8cbfb3f9e21d","has_more":true,"dry_run":false}
batch=308 {"success":true,"platform":"shopee","merchant_id":"ffe8519e-49a2-467b-a0ec-57d28ba8be49","shop_id":"224882570","processed":20,"updated":20,"errors":0,"api_error":null,"upsert_errors":[],"next_after_id":"c2027e21-5abb-40c1-b2ae-44821521a55c","has_more":true,"dry_run":false}
batch=309 {"success":true,"platform":"shopee","merchant_id":"ffe8519e-49a2-467b-a0ec-57d28ba8be49","shop_id":"224882570","processed":20,"updated":20,"errors":0,"api_error":null,"upsert_errors":[],"next_after_id":"c2443f0e-f225-4bca-9985-940579e58901","has_more":true,"dry_run":false}
batch=310 {"success":true,"platform":"shopee","merchant_id":"ffe8519e-49a2-467b-a0ec-57d28ba8be49","shop_id":"224882570","processed":20,"updated":20,"errors":0,"api_error":null,"upsert_errors":[],"next_after_id":"c27f929b-36ba-4dfc-a9b4-0e734cc18159","has_more":true,"dry_run":false}
batch=311 {"success":true,"platform":"shopee","merchant_id":"ffe8519e-49a2-467b-a0ec-57d28ba8be49","shop_id":"224882570","processed":20,"updated":20,"errors":0,"api_error":null,"upsert_errors":[],"next_after_id":"c2a9c65f-3662-4cac-ae28-ee55ba7c576f","has_more":true,"dry_run":false}
batch=312 {"success":true,"platform":"shopee","merchant_id":"ffe8519e-49a2-467b-a0ec-57d28ba8be49","shop_id":"224882570","processed":20,"updated":20,"errors":0,"api_error":null,"upsert_errors":[],"next_after_id":"c2e08f6e-600d-4835-a472-b3b62ca4b896","has_more":true,"dry_run":false}
batch=313 {"success":true,"platform":"shopee","merchant_id":"ffe8519e-49a2-467b-a0ec-57d28ba8be49","shop_id":"224882570","processed":20,"updated":20,"errors":0,"api_error":null,"upsert_errors":[],"next_after_id":"c31aac4c-c8c9-47cf-8579-6d49e401a982","has_more":true,"dry_run":false}
batch=314 {"success":true,"platform":"shopee","merchant_id":"ffe8519e-49a2-467b-a0ec-57d28ba8be49","shop_id":"224882570","processed":20,"updated":20,"errors":0,"api_error":null,"upsert_errors":[],"next_after_id":"c34d3edd-54a3-4b91-af11-ac7dea3820cc","has_more":true,"dry_run":false}
batch=315 {"success":true,"platform":"shopee","merchant_id":"ffe8519e-49a2-467b-a0ec-57d28ba8be49","shop_id":"224882570","processed":20,"updated":20,"errors":0,"api_error":null,"upsert_errors":[],"next_after_id":"c37b3334-225a-4d7e-974f-7a83c617b70a","has_more":true,"dry_run":false}
batch=316 {"success":true,"platform":"shopee","merchant_id":"ffe8519e-49a2-467b-a0ec-57d28ba8be49","shop_id":"224882570","processed":20,"updated":20,"errors":0,"api_error":null,"upsert_errors":[],"next_after_id":"c3b2e355-2de9-4f7d-87e2-26e1ffa87fee","has_more":true,"dry_run":false}
batch=317 {"success":true,"platform":"shopee","merchant_id":"ffe8519e-49a2-467b-a0ec-57d28ba8be49","shop_id":"224882570","processed":20,"updated":20,"errors":0,"api_error":null,"upsert_errors":[],"next_after_id":"c3d8c5c6-0619-4643-8a02-fe3771e404ff","has_more":true,"dry_run":false}
batch=318 {"success":true,"platform":"shopee","merchant_id":"ffe8519e-49a2-467b-a0ec-57d28ba8be49","shop_id":"224882570","processed":20,"updated":20,"errors":0,"api_error":null,"upsert_errors":[],"next_after_id":"c40edb1d-f8bd-4e61-b39b-5608a5956f20","has_more":true,"dry_run":false}
batch=319 {"success":true,"platform":"shopee","merchant_id":"ffe8519e-49a2-467b-a0ec-57d28ba8be49","shop_id":"224882570","processed":20,"updated":20,"errors":0,"api_error":null,"upsert_errors":[],"next_after_id":"c435fdd9-be8f-4fee-b4ff-769448016cdb","has_more":true,"dry_run":false}
batch=320 {"success":true,"platform":"shopee","merchant_id":"ffe8519e-49a2-467b-a0ec-57d28ba8be49","shop_id":"224882570","processed":20,"updated":20,"errors":0,"api_error":null,"upsert_errors":[],"next_after_id":"c471c10d-6f8d-4509-aed3-915af0a02662","has_more":true,"dry_run":false}
batch=321 {"success":true,"platform":"shopee","merchant_id":"ffe8519e-49a2-467b-a0ec-57d28ba8be49","shop_id":"224882570","processed":20,"updated":20,"errors":0,"api_error":null,"upsert_errors":[],"next_after_id":"c49cb1c1-c97d-45fa-b95b-ddf397a1add2","has_more":true,"dry_run":false}
batch=322 {"success":true,"platform":"shopee","merchant_id":"ffe8519e-49a2-467b-a0ec-57d28ba8be49","shop_id":"224882570","processed":20,"updated":20,"errors":0,"api_error":null,"upsert_errors":[],"next_after_id":"c4be6b44-0678-425b-a855-89860a0536b1","has_more":true,"dry_run":false}
batch=323 {"success":true,"platform":"shopee","merchant_id":"ffe8519e-49a2-467b-a0ec-57d28ba8be49","shop_id":"224882570","processed":20,"updated":20,"errors":0,"api_error":null,"upsert_errors":[],"next_after_id":"c4dc2156-9dc8-47f1-b4f5-396e83a43a81","has_more":true,"dry_run":false}
batch=324 {"success":true,"platform":"shopee","merchant_id":"ffe8519e-49a2-467b-a0ec-57d28ba8be49","shop_id":"224882570","processed":20,"updated":20,"errors":0,"api_error":null,"upsert_errors":[],"next_after_id":"c5187612-5f5a-4b63-877a-c97d90f9d2ba","has_more":true,"dry_run":false}
batch=325 {"success":true,"platform":"shopee","merchant_id":"ffe8519e-49a2-467b-a0ec-57d28ba8be49","shop_id":"224882570","processed":20,"updated":20,"errors":0,"api_error":null,"upsert_errors":[],"next_after_id":"c5439523-1a04-4f7e-9a16-76c2a58ebbf1","has_more":true,"dry_run":false}
batch=326 {"success":true,"platform":"shopee","merchant_id":"ffe8519e-49a2-467b-a0ec-57d28ba8be49","shop_id":"224882570","processed":20,"updated":20,"errors":0,"api_error":null,"upsert_errors":[],"next_after_id":"c56585d5-d81e-4559-baa3-0a445bbca427","has_more":true,"dry_run":false}
batch=327 {"success":true,"platform":"shopee","merchant_id":"ffe8519e-49a2-467b-a0ec-57d28ba8be49","shop_id":"224882570","processed":20,"updated":20,"errors":0,"api_error":null,"upsert_errors":[],"next_after_id":"c59b6fa2-91e4-4982-afa5-837ade68b5f1","has_more":true,"dry_run":false}
batch=328 {"success":true,"platform":"shopee","merchant_id":"ffe8519e-49a2-467b-a0ec-57d28ba8be49","shop_id":"224882570","processed":20,"updated":20,"errors":0,"api_error":null,"upsert_errors":[],"next_after_id":"c5d6a5ea-1889-4c43-8c58-9eabf2ab0970","has_more":true,"dry_run":false}
batch=329 {"success":true,"platform":"shopee","merchant_id":"ffe8519e-49a2-467b-a0ec-57d28ba8be49","shop_id":"224882570","processed":20,"updated":20,"errors":0,"api_error":null,"upsert_errors":[],"next_after_id":"c6066739-ce4a-4c81-9819-e3a4a635ab4a","has_more":true,"dry_run":false}
batch=330 {"success":true,"platform":"shopee","merchant_id":"ffe8519e-49a2-467b-a0ec-57d28ba8be49","shop_id":"224882570","processed":20,"updated":20,"errors":0,"api_error":null,"upsert_errors":[],"next_after_id":"c6306289-b5ad-4076-9876-4fa670a7cc80","has_more":true,"dry_run":false}
batch=331 {"success":true,"platform":"shopee","merchant_id":"ffe8519e-49a2-467b-a0ec-57d28ba8be49","shop_id":"224882570","processed":20,"updated":20,"errors":0,"api_error":null,"upsert_errors":[],"next_after_id":"c6669f58-2566-46e1-a922-8af6719bd07a","has_more":true,"dry_run":false}
batch=332 {"success":true,"platform":"shopee","merchant_id":"ffe8519e-49a2-467b-a0ec-57d28ba8be49","shop_id":"224882570","processed":20,"updated":20,"errors":0,"api_error":null,"upsert_errors":[],"next_after_id":"c6899bc4-f657-41bc-a10a-6be5fc6e3596","has_more":true,"dry_run":false}
batch=333 {"success":true,"platform":"shopee","merchant_id":"ffe8519e-49a2-467b-a0ec-57d28ba8be49","shop_id":"224882570","processed":20,"updated":20,"errors":0,"api_error":null,"upsert_errors":[],"next_after_id":"c6afc0ef-73fd-4ff6-ba94-583ba2e60161","has_more":true,"dry_run":false}
batch=334 {"success":true,"platform":"shopee","merchant_id":"ffe8519e-49a2-467b-a0ec-57d28ba8be49","shop_id":"224882570","processed":20,"updated":20,"errors":0,"api_error":null,"upsert_errors":[],"next_after_id":"c6d2f6a1-acf6-45c8-9eda-206a3ffd981f","has_more":true,"dry_run":false}
batch=335 {"success":true,"platform":"shopee","merchant_id":"ffe8519e-49a2-467b-a0ec-57d28ba8be49","shop_id":"224882570","processed":20,"updated":20,"errors":0,"api_error":null,"upsert_errors":[],"next_after_id":"c6f9cea4-6d5c-46e8-83d2-39b43848a8e7","has_more":true,"dry_run":false}
batch=336 {"success":true,"platform":"shopee","merchant_id":"ffe8519e-49a2-467b-a0ec-57d28ba8be49","shop_id":"224882570","processed":20,"updated":20,"errors":0,"api_error":null,"upsert_errors":[],"next_after_id":"c7261350-4e24-42bf-93a5-ec6e57119dd7","has_more":true,"dry_run":false}
batch=337 {"success":true,"platform":"shopee","merchant_id":"ffe8519e-49a2-467b-a0ec-57d28ba8be49","shop_id":"224882570","processed":20,"updated":20,"errors":0,"api_error":null,"upsert_errors":[],"next_after_id":"c7459bcb-2bab-4345-baec-1f6ad842b75d","has_more":true,"dry_run":false}
batch=338 {"success":true,"platform":"shopee","merchant_id":"ffe8519e-49a2-467b-a0ec-57d28ba8be49","shop_id":"224882570","processed":20,"updated":20,"errors":0,"api_error":null,"upsert_errors":[],"next_after_id":"c77401f5-ade3-45d8-9cb0-d77407dd9b78","has_more":true,"dry_run":false}
batch=339 {"success":true,"platform":"shopee","merchant_id":"ffe8519e-49a2-467b-a0ec-57d28ba8be49","shop_id":"224882570","processed":20,"updated":20,"errors":0,"api_error":null,"upsert_errors":[],"next_after_id":"c791b109-d663-4dd4-ae0e-2e6067bac859","has_more":true,"dry_run":false}
batch=340 {"success":true,"platform":"shopee","merchant_id":"ffe8519e-49a2-467b-a0ec-57d28ba8be49","shop_id":"224882570","processed":20,"updated":20,"errors":0,"api_error":null,"upsert_errors":[],"next_after_id":"c7c0b83f-0555-4fff-aa37-028599c15cd3","has_more":true,"dry_run":false}
batch=341 {"success":true,"platform":"shopee","merchant_id":"ffe8519e-49a2-467b-a0ec-57d28ba8be49","shop_id":"224882570","processed":20,"updated":20,"errors":0,"api_error":null,"upsert_errors":[],"next_after_id":"c7f38147-8806-41b2-a61c-64ca851b6973","has_more":true,"dry_run":false}
batch=342 {"success":true,"platform":"shopee","merchant_id":"ffe8519e-49a2-467b-a0ec-57d28ba8be49","shop_id":"224882570","processed":20,"updated":20,"errors":0,"api_error":null,"upsert_errors":[],"next_after_id":"c82b8caa-5be3-48f1-bc02-455c36eaf946","has_more":true,"dry_run":false}
batch=343 {"success":true,"platform":"shopee","merchant_id":"ffe8519e-49a2-467b-a0ec-57d28ba8be49","shop_id":"224882570","processed":20,"updated":20,"errors":0,"api_error":null,"upsert_errors":[],"next_after_id":"c859bbfa-727b-4c84-8142-176e1b5fc77d","has_more":true,"dry_run":false}
batch=344 {"success":true,"platform":"shopee","merchant_id":"ffe8519e-49a2-467b-a0ec-57d28ba8be49","shop_id":"224882570","processed":20,"updated":20,"errors":0,"api_error":null,"upsert_errors":[],"next_after_id":"c87e3082-8c9b-4bbd-9489-b13ad9eb506b","has_more":true,"dry_run":false}
batch=345 {"success":true,"platform":"shopee","merchant_id":"ffe8519e-49a2-467b-a0ec-57d28ba8be49","shop_id":"224882570","processed":20,"updated":20,"errors":0,"api_error":null,"upsert_errors":[],"next_after_id":"c898ccbf-380c-4542-883d-3beeca9435b5","has_more":true,"dry_run":false}
batch=346 {"success":true,"platform":"shopee","merchant_id":"ffe8519e-49a2-467b-a0ec-57d28ba8be49","shop_id":"224882570","processed":20,"updated":20,"errors":0,"api_error":null,"upsert_errors":[],"next_after_id":"c8c8a1ee-3e54-4678-bcb2-da05fac4dfac","has_more":true,"dry_run":false}
batch=347 {"success":true,"platform":"shopee","merchant_id":"ffe8519e-49a2-467b-a0ec-57d28ba8be49","shop_id":"224882570","processed":20,"updated":20,"errors":0,"api_error":null,"upsert_errors":[],"next_after_id":"c9185f1b-4047-4326-8fe1-2b3c6a856c66","has_more":true,"dry_run":false}
batch=348 {"success":true,"platform":"shopee","merchant_id":"ffe8519e-49a2-467b-a0ec-57d28ba8be49","shop_id":"224882570","processed":20,"updated":20,"errors":0,"api_error":null,"upsert_errors":[],"next_after_id":"c93616cd-5d8b-4b5e-93ae-4b45233d884f","has_more":true,"dry_run":false}
batch=349 {"success":true,"platform":"shopee","merchant_id":"ffe8519e-49a2-467b-a0ec-57d28ba8be49","shop_id":"224882570","processed":20,"updated":20,"errors":0,"api_error":null,"upsert_errors":[],"next_after_id":"c9647f23-2198-48b8-9402-42ca67601730","has_more":true,"dry_run":false}
batch=350 {"success":true,"platform":"shopee","merchant_id":"ffe8519e-49a2-467b-a0ec-57d28ba8be49","shop_id":"224882570","processed":20,"updated":20,"errors":0,"api_error":null,"upsert_errors":[],"next_after_id":"c993cbef-519f-49b2-8c85-556057553772","has_more":true,"dry_run":false}
batch=351 {"success":true,"platform":"shopee","merchant_id":"ffe8519e-49a2-467b-a0ec-57d28ba8be49","shop_id":"224882570","processed":20,"updated":20,"errors":0,"api_error":null,"upsert_errors":[],"next_after_id":"c9c3e696-bcd6-49ba-b3a2-2586478467c6","has_more":true,"dry_run":false}
batch=352 {"success":true,"platform":"shopee","merchant_id":"ffe8519e-49a2-467b-a0ec-57d28ba8be49","shop_id":"224882570","processed":20,"updated":20,"errors":0,"api_error":null,"upsert_errors":[],"next_after_id":"c9f7db2d-8c5d-4305-b977-ed43bff2a30f","has_more":true,"dry_run":false}
batch=353 {"success":true,"platform":"shopee","merchant_id":"ffe8519e-49a2-467b-a0ec-57d28ba8be49","shop_id":"224882570","processed":20,"updated":20,"errors":0,"api_error":null,"upsert_errors":[],"next_after_id":"ca1916d4-1cff-4237-8aaa-acf8aa3f9270","has_more":true,"dry_run":false}
batch=354 {"success":true,"platform":"shopee","merchant_id":"ffe8519e-49a2-467b-a0ec-57d28ba8be49","shop_id":"224882570","processed":20,"updated":20,"errors":0,"api_error":null,"upsert_errors":[],"next_after_id":"ca44d97c-9aed-4f7f-8beb-ff6ef40399b0","has_more":true,"dry_run":false}
batch=355 {"success":true,"platform":"shopee","merchant_id":"ffe8519e-49a2-467b-a0ec-57d28ba8be49","shop_id":"224882570","processed":20,"updated":20,"errors":0,"api_error":null,"upsert_errors":[],"next_after_id":"ca64dfd2-21fe-4a9c-90b8-a4b2fa068466","has_more":true,"dry_run":false}
batch=356 {"success":true,"platform":"shopee","merchant_id":"ffe8519e-49a2-467b-a0ec-57d28ba8be49","shop_id":"224882570","processed":20,"updated":20,"errors":0,"api_error":null,"upsert_errors":[],"next_after_id":"ca8b17c0-0c51-4605-99ea-17f6f5da1746","has_more":true,"dry_run":false}
batch=357 {"success":true,"platform":"shopee","merchant_id":"ffe8519e-49a2-467b-a0ec-57d28ba8be49","shop_id":"224882570","processed":20,"updated":20,"errors":0,"api_error":null,"upsert_errors":[],"next_after_id":"cab28771-1818-4b2e-8934-2dd41f2d8a70","has_more":true,"dry_run":false}
batch=358 {"success":true,"platform":"shopee","merchant_id":"ffe8519e-49a2-467b-a0ec-57d28ba8be49","shop_id":"224882570","processed":20,"updated":20,"errors":0,"api_error":null,"upsert_errors":[],"next_after_id":"cada0819-2cbc-4cdc-841d-260f5cb2df20","has_more":true,"dry_run":false}
batch=359 {"success":true,"platform":"shopee","merchant_id":"ffe8519e-49a2-467b-a0ec-57d28ba8be49","shop_id":"224882570","processed":20,"updated":20,"errors":0,"api_error":null,"upsert_errors":[],"next_after_id":"cafeb381-4dab-435e-a621-f6f69f1292b6","has_more":true,"dry_run":false}
batch=360 {"success":true,"platform":"shopee","merchant_id":"ffe8519e-49a2-467b-a0ec-57d28ba8be49","shop_id":"224882570","processed":20,"updated":20,"errors":0,"api_error":null,"upsert_errors":[],"next_after_id":"cb2d45fe-ac1c-4823-a096-276af04b053c","has_more":true,"dry_run":false}
batch=361 {"success":true,"platform":"shopee","merchant_id":"ffe8519e-49a2-467b-a0ec-57d28ba8be49","shop_id":"224882570","processed":20,"updated":20,"errors":0,"api_error":null,"upsert_errors":[],"next_after_id":"cb5ad230-f06d-452e-85a2-20c0dbd31bed","has_more":true,"dry_run":false}
batch=362 {"success":true,"platform":"shopee","merchant_id":"ffe8519e-49a2-467b-a0ec-57d28ba8be49","shop_id":"224882570","processed":20,"updated":20,"errors":0,"api_error":null,"upsert_errors":[],"next_after_id":"cb80ff13-2ac8-4951-bf11-bfcd7d4af373","has_more":true,"dry_run":false}
batch=363 {"success":true,"platform":"shopee","merchant_id":"ffe8519e-49a2-467b-a0ec-57d28ba8be49","shop_id":"224882570","processed":20,"updated":20,"errors":0,"api_error":null,"upsert_errors":[],"next_after_id":"cbafe045-81ae-4357-94a5-55244f890d44","has_more":true,"dry_run":false}
batch=364 {"success":true,"platform":"shopee","merchant_id":"ffe8519e-49a2-467b-a0ec-57d28ba8be49","shop_id":"224882570","processed":20,"updated":20,"errors":0,"api_error":null,"upsert_errors":[],"next_after_id":"cbf01f43-f757-4f42-8d5c-280804f7a26f","has_more":true,"dry_run":false}
batch=365 {"success":true,"platform":"shopee","merchant_id":"ffe8519e-49a2-467b-a0ec-57d28ba8be49","shop_id":"224882570","processed":20,"updated":20,"errors":0,"api_error":null,"upsert_errors":[],"next_after_id":"cc197387-9feb-47ea-ae8f-82029f2f4604","has_more":true,"dry_run":false}
batch=366 {"success":true,"platform":"shopee","merchant_id":"ffe8519e-49a2-467b-a0ec-57d28ba8be49","shop_id":"224882570","processed":20,"updated":20,"errors":0,"api_error":null,"upsert_errors":[],"next_after_id":"cc45541c-45df-4d0f-a021-92f908e9c956","has_more":true,"dry_run":false}
batch=367 {"success":true,"platform":"shopee","merchant_id":"ffe8519e-49a2-467b-a0ec-57d28ba8be49","shop_id":"224882570","processed":20,"updated":20,"errors":0,"api_error":null,"upsert_errors":[],"next_after_id":"cc698fd1-9c4c-44f6-8fd3-c46993d663e6","has_more":true,"dry_run":false}
batch=368 {"success":true,"platform":"shopee","merchant_id":"ffe8519e-49a2-467b-a0ec-57d28ba8be49","shop_id":"224882570","processed":20,"updated":20,"errors":0,"api_error":null,"upsert_errors":[],"next_after_id":"cc8d19c1-00bf-4a5f-a1ff-f68d0ddf2242","has_more":true,"dry_run":false}
batch=369 {"success":true,"platform":"shopee","merchant_id":"ffe8519e-49a2-467b-a0ec-57d28ba8be49","shop_id":"224882570","processed":20,"updated":20,"errors":0,"api_error":null,"upsert_errors":[],"next_after_id":"ccb760c1-c4a0-4725-8877-98b008cbc13d","has_more":true,"dry_run":false}
batch=370 {"success":true,"platform":"shopee","merchant_id":"ffe8519e-49a2-467b-a0ec-57d28ba8be49","shop_id":"224882570","processed":20,"updated":20,"errors":0,"api_error":null,"upsert_errors":[],"next_after_id":"ccea4a05-8e14-47e7-94a4-1ca9d5cec2c2","has_more":true,"dry_run":false}
batch=371 {"success":true,"platform":"shopee","merchant_id":"ffe8519e-49a2-467b-a0ec-57d28ba8be49","shop_id":"224882570","processed":20,"updated":20,"errors":0,"api_error":null,"upsert_errors":[],"next_after_id":"cd20aaf1-cbef-4a33-b0f9-f87ffda24853","has_more":true,"dry_run":false}
batch=372 {"success":true,"platform":"shopee","merchant_id":"ffe8519e-49a2-467b-a0ec-57d28ba8be49","shop_id":"224882570","processed":20,"updated":20,"errors":0,"api_error":null,"upsert_errors":[],"next_after_id":"cd559d89-a125-428d-ac41-7f2ab78b468c","has_more":true,"dry_run":false}
batch=373 {"success":true,"platform":"shopee","merchant_id":"ffe8519e-49a2-467b-a0ec-57d28ba8be49","shop_id":"224882570","processed":20,"updated":20,"errors":0,"api_error":null,"upsert_errors":[],"next_after_id":"cd743082-597d-4c37-8a54-59a5c6570fab","has_more":true,"dry_run":false}
batch=374 {"success":true,"platform":"shopee","merchant_id":"ffe8519e-49a2-467b-a0ec-57d28ba8be49","shop_id":"224882570","processed":20,"updated":20,"errors":0,"api_error":null,"upsert_errors":[],"next_after_id":"cd9dfcc6-d168-4456-95e8-38e309ae6ab3","has_more":true,"dry_run":false}
batch=375 {"success":true,"platform":"shopee","merchant_id":"ffe8519e-49a2-467b-a0ec-57d28ba8be49","shop_id":"224882570","processed":20,"updated":20,"errors":0,"api_error":null,"upsert_errors":[],"next_after_id":"cdc88c41-8f0f-4e5b-9ac3-95bcb7c5b1a6","has_more":true,"dry_run":false}
batch=376 {"success":true,"platform":"shopee","merchant_id":"ffe8519e-49a2-467b-a0ec-57d28ba8be49","shop_id":"224882570","processed":20,"updated":20,"errors":0,"api_error":null,"upsert_errors":[],"next_after_id":"cdee597c-f6a8-49aa-851c-e15d2e7d7e1e","has_more":true,"dry_run":false}
batch=377 {"success":true,"platform":"shopee","merchant_id":"ffe8519e-49a2-467b-a0ec-57d28ba8be49","shop_id":"224882570","processed":20,"updated":20,"errors":0,"api_error":null,"upsert_errors":[],"next_after_id":"ce1962db-734c-49fc-8b4e-1e97295dc6a7","has_more":true,"dry_run":false}
batch=378 {"success":true,"platform":"shopee","merchant_id":"ffe8519e-49a2-467b-a0ec-57d28ba8be49","shop_id":"224882570","processed":20,"updated":20,"errors":0,"api_error":null,"upsert_errors":[],"next_after_id":"ce52bb31-5d2f-4157-88d4-4c69b6ee0e8b","has_more":true,"dry_run":false}
batch=379 {"success":true,"platform":"shopee","merchant_id":"ffe8519e-49a2-467b-a0ec-57d28ba8be49","shop_id":"224882570","processed":20,"updated":20,"errors":0,"api_error":null,"upsert_errors":[],"next_after_id":"ce7ea2e9-49a3-4d4d-838d-c71a9a8b9943","has_more":true,"dry_run":false}
batch=380 {"success":true,"platform":"shopee","merchant_id":"ffe8519e-49a2-467b-a0ec-57d28ba8be49","shop_id":"224882570","processed":20,"updated":20,"errors":0,"api_error":null,"upsert_errors":[],"next_after_id":"cea06c07-f9fe-42a2-89ad-07823eb79f74","has_more":true,"dry_run":false}
batch=381 {"success":true,"platform":"shopee","merchant_id":"ffe8519e-49a2-467b-a0ec-57d28ba8be49","shop_id":"224882570","processed":20,"updated":20,"errors":0,"api_error":null,"upsert_errors":[],"next_after_id":"ced0ea90-e9e1-441a-aa62-4122181be33a","has_more":true,"dry_run":false}
batch=382 {"success":true,"platform":"shopee","merchant_id":"ffe8519e-49a2-467b-a0ec-57d28ba8be49","shop_id":"224882570","processed":20,"updated":20,"errors":0,"api_error":null,"upsert_errors":[],"next_after_id":"cef73441-9aad-410b-a2ea-2de0466ed20f","has_more":true,"dry_run":false}
batch=383 {"success":true,"platform":"shopee","merchant_id":"ffe8519e-49a2-467b-a0ec-57d28ba8be49","shop_id":"224882570","processed":20,"updated":20,"errors":0,"api_error":null,"upsert_errors":[],"next_after_id":"cf247886-928c-493f-950e-cbd25ee84eb5","has_more":true,"dry_run":false}
batch=384 {"success":true,"platform":"shopee","merchant_id":"ffe8519e-49a2-467b-a0ec-57d28ba8be49","shop_id":"224882570","processed":20,"updated":20,"errors":0,"api_error":null,"upsert_errors":[],"next_after_id":"cf46403f-08d3-4a63-b138-d97b4291616e","has_more":true,"dry_run":false}
batch=385 {"success":true,"platform":"shopee","merchant_id":"ffe8519e-49a2-467b-a0ec-57d28ba8be49","shop_id":"224882570","processed":20,"updated":20,"errors":0,"api_error":null,"upsert_errors":[],"next_after_id":"cf7338f7-0be7-4a20-8e08-be640ef428e0","has_more":true,"dry_run":false}
batch=386 {"success":true,"platform":"shopee","merchant_id":"ffe8519e-49a2-467b-a0ec-57d28ba8be49","shop_id":"224882570","processed":20,"updated":20,"errors":0,"api_error":null,"upsert_errors":[],"next_after_id":"cfa196ac-bef2-4374-b2a7-4330ac870ef8","has_more":true,"dry_run":false}
batch=387 {"success":true,"platform":"shopee","merchant_id":"ffe8519e-49a2-467b-a0ec-57d28ba8be49","shop_id":"224882570","processed":20,"updated":20,"errors":0,"api_error":null,"upsert_errors":[],"next_after_id":"cfca6a34-6662-4eb2-adb2-ac9c9f13fe5a","has_more":true,"dry_run":false}
batch=388 {"success":true,"platform":"shopee","merchant_id":"ffe8519e-49a2-467b-a0ec-57d28ba8be49","shop_id":"224882570","processed":20,"updated":20,"errors":0,"api_error":null,"upsert_errors":[],"next_after_id":"cff08be6-43b5-49d4-9092-be72ceb85641","has_more":true,"dry_run":false}
batch=389 {"success":true,"platform":"shopee","merchant_id":"ffe8519e-49a2-467b-a0ec-57d28ba8be49","shop_id":"224882570","processed":20,"updated":20,"errors":0,"api_error":null,"upsert_errors":[],"next_after_id":"d020f89e-0f87-4677-abee-4efd3e6a4082","has_more":true,"dry_run":false}
batch=390 {"success":true,"platform":"shopee","merchant_id":"ffe8519e-49a2-467b-a0ec-57d28ba8be49","shop_id":"224882570","processed":20,"updated":20,"errors":0,"api_error":null,"upsert_errors":[],"next_after_id":"d0436dad-eba3-4efd-a239-cf0774c83424","has_more":true,"dry_run":false}
batch=391 {"success":true,"platform":"shopee","merchant_id":"ffe8519e-49a2-467b-a0ec-57d28ba8be49","shop_id":"224882570","processed":20,"updated":20,"errors":0,"api_error":null,"upsert_errors":[],"next_after_id":"d0691764-4520-4699-9dc5-1b0e4e12719b","has_more":true,"dry_run":false}
batch=392 {"success":true,"platform":"shopee","merchant_id":"ffe8519e-49a2-467b-a0ec-57d28ba8be49","shop_id":"224882570","processed":20,"updated":20,"errors":0,"api_error":null,"upsert_errors":[],"next_after_id":"d09b9159-201a-4393-8433-5dfcc69884da","has_more":true,"dry_run":false}
batch=393 {"success":true,"platform":"shopee","merchant_id":"ffe8519e-49a2-467b-a0ec-57d28ba8be49","shop_id":"224882570","processed":20,"updated":20,"errors":0,"api_error":null,"upsert_errors":[],"next_after_id":"d0c9a3b0-d5e0-4651-95a9-022cf06643f8","has_more":true,"dry_run":false}
batch=394 {"success":true,"platform":"shopee","merchant_id":"ffe8519e-49a2-467b-a0ec-57d28ba8be49","shop_id":"224882570","processed":20,"updated":20,"errors":0,"api_error":null,"upsert_errors":[],"next_after_id":"d0f03668-cae5-4769-b42a-1a86c77d9fc9","has_more":true,"dry_run":false}
batch=395 {"success":true,"platform":"shopee","merchant_id":"ffe8519e-49a2-467b-a0ec-57d28ba8be49","shop_id":"224882570","processed":20,"updated":20,"errors":0,"api_error":null,"upsert_errors":[],"next_after_id":"d11f9391-2cb5-443f-ac0b-610862cbcd38","has_more":true,"dry_run":false}
batch=396 {"success":true,"platform":"shopee","merchant_id":"ffe8519e-49a2-467b-a0ec-57d28ba8be49","shop_id":"224882570","processed":20,"updated":20,"errors":0,"api_error":null,"upsert_errors":[],"next_after_id":"d14c63de-c91e-4520-85b3-3f4c706279d0","has_more":true,"dry_run":false}
batch=397 {"success":true,"platform":"shopee","merchant_id":"ffe8519e-49a2-467b-a0ec-57d28ba8be49","shop_id":"224882570","processed":20,"updated":20,"errors":0,"api_error":null,"upsert_errors":[],"next_after_id":"d1779f5b-6187-4153-beed-a1e4011d9ae4","has_more":true,"dry_run":false}
batch=398 {"success":true,"platform":"shopee","merchant_id":"ffe8519e-49a2-467b-a0ec-57d28ba8be49","shop_id":"224882570","processed":20,"updated":20,"errors":0,"api_error":null,"upsert_errors":[],"next_after_id":"d19e9e25-ae11-4bc4-bebd-138f830eae4a","has_more":true,"dry_run":false}
batch=399 {"success":true,"platform":"shopee","merchant_id":"ffe8519e-49a2-467b-a0ec-57d28ba8be49","shop_id":"224882570","processed":20,"updated":20,"errors":0,"api_error":null,"upsert_errors":[],"next_after_id":"d1b7341b-5614-49af-8aa6-a4f01cb38b09","has_more":true,"dry_run":false}
batch=400 {"success":true,"platform":"shopee","merchant_id":"ffe8519e-49a2-467b-a0ec-57d28ba8be49","shop_id":"224882570","processed":20,"updated":20,"errors":0,"api_error":null,"upsert_errors":[],"next_after_id":"d1e0d2db-2ed5-4a8c-9454-055c810299d0","has_more":true,"dry_run":false}
batch=401 {"success":true,"platform":"shopee","merchant_id":"ffe8519e-49a2-467b-a0ec-57d28ba8be49","shop_id":"224882570","processed":20,"updated":20,"errors":0,"api_error":null,"upsert_errors":[],"next_after_id":"d207c14d-3738-414f-886e-84840f485f81","has_more":true,"dry_run":false}
batch=402 {"success":true,"platform":"shopee","merchant_id":"ffe8519e-49a2-467b-a0ec-57d28ba8be49","shop_id":"224882570","processed":20,"updated":20,"errors":0,"api_error":null,"upsert_errors":[],"next_after_id":"d235d047-37a0-400b-be06-352639f4f459","has_more":true,"dry_run":false}
batch=403 {"success":true,"platform":"shopee","merchant_id":"ffe8519e-49a2-467b-a0ec-57d28ba8be49","shop_id":"224882570","processed":20,"updated":20,"errors":0,"api_error":null,"upsert_errors":[],"next_after_id":"d255a72c-3fe2-4b26-92c5-17b2f178bbde","has_more":true,"dry_run":false}
batch=404 {"success":true,"platform":"shopee","merchant_id":"ffe8519e-49a2-467b-a0ec-57d28ba8be49","shop_id":"224882570","processed":20,"updated":20,"errors":0,"api_error":null,"upsert_errors":[],"next_after_id":"d295e646-0e26-4450-b8f4-3891502fab4a","has_more":true,"dry_run":false}
batch=405 {"success":true,"platform":"shopee","merchant_id":"ffe8519e-49a2-467b-a0ec-57d28ba8be49","shop_id":"224882570","processed":20,"updated":20,"errors":0,"api_error":null,"upsert_errors":[],"next_after_id":"d2c3a024-fe06-4aa9-8a9c-a9869c244a1a","has_more":true,"dry_run":false}
batch=406 {"success":true,"platform":"shopee","merchant_id":"ffe8519e-49a2-467b-a0ec-57d28ba8be49","shop_id":"224882570","processed":20,"updated":20,"errors":0,"api_error":null,"upsert_errors":[],"next_after_id":"d2ed07e3-10c3-4eaf-9ae6-5b9187fcd3e4","has_more":true,"dry_run":false}
batch=407 {"success":true,"platform":"shopee","merchant_id":"ffe8519e-49a2-467b-a0ec-57d28ba8be49","shop_id":"224882570","processed":20,"updated":20,"errors":0,"api_error":null,"upsert_errors":[],"next_after_id":"d3165d14-97e0-4105-9acf-6e24c6b66a25","has_more":true,"dry_run":false}
batch=408 {"success":true,"platform":"shopee","merchant_id":"ffe8519e-49a2-467b-a0ec-57d28ba8be49","shop_id":"224882570","processed":20,"updated":20,"errors":0,"api_error":null,"upsert_errors":[],"next_after_id":"d3426596-896d-48d1-b313-d5ccc65d8041","has_more":true,"dry_run":false}
batch=409 {"success":true,"platform":"shopee","merchant_id":"ffe8519e-49a2-467b-a0ec-57d28ba8be49","shop_id":"224882570","processed":20,"updated":20,"errors":0,"api_error":null,"upsert_errors":[],"next_after_id":"d36afad3-6105-4834-a474-6029ce6cbea8","has_more":true,"dry_run":false}
batch=410 {"success":true,"platform":"shopee","merchant_id":"ffe8519e-49a2-467b-a0ec-57d28ba8be49","shop_id":"224882570","processed":20,"updated":20,"errors":0,"api_error":null,"upsert_errors":[],"next_after_id":"d3867c0b-473d-4f38-b801-a4bdc7d00b0e","has_more":true,"dry_run":false}
batch=411 {"success":true,"platform":"shopee","merchant_id":"ffe8519e-49a2-467b-a0ec-57d28ba8be49","shop_id":"224882570","processed":20,"updated":20,"errors":0,"api_error":null,"upsert_errors":[],"next_after_id":"d3ccdffe-a8d6-483e-8a4b-b58456e4a145","has_more":true,"dry_run":false}
batch=412 {"success":true,"platform":"shopee","merchant_id":"ffe8519e-49a2-467b-a0ec-57d28ba8be49","shop_id":"224882570","processed":20,"updated":20,"errors":0,"api_error":null,"upsert_errors":[],"next_after_id":"d3ec22aa-78c4-419d-a23b-2873170e8a0d","has_more":true,"dry_run":false}
batch=413 {"success":true,"platform":"shopee","merchant_id":"ffe8519e-49a2-467b-a0ec-57d28ba8be49","shop_id":"224882570","processed":20,"updated":20,"errors":0,"api_error":null,"upsert_errors":[],"next_after_id":"d4124df5-07a2-4b98-8b3c-6972a4e6b414","has_more":true,"dry_run":false}
batch=414 {"success":true,"platform":"shopee","merchant_id":"ffe8519e-49a2-467b-a0ec-57d28ba8be49","shop_id":"224882570","processed":20,"updated":20,"errors":0,"api_error":null,"upsert_errors":[],"next_after_id":"d4472e93-5bf7-412e-9186-fe85f54a0d6f","has_more":true,"dry_run":false}
batch=415 {"success":true,"platform":"shopee","merchant_id":"ffe8519e-49a2-467b-a0ec-57d28ba8be49","shop_id":"224882570","processed":20,"updated":20,"errors":0,"api_error":null,"upsert_errors":[],"next_after_id":"d475071c-6fb4-49be-9f92-f85357bb1dac","has_more":true,"dry_run":false}
batch=416 {"success":true,"platform":"shopee","merchant_id":"ffe8519e-49a2-467b-a0ec-57d28ba8be49","shop_id":"224882570","processed":20,"updated":20,"errors":0,"api_error":null,"upsert_errors":[],"next_after_id":"d4a2d122-88bc-4beb-a270-fbd66ce019a7","has_more":true,"dry_run":false}
batch=417 {"success":true,"platform":"shopee","merchant_id":"ffe8519e-49a2-467b-a0ec-57d28ba8be49","shop_id":"224882570","processed":20,"updated":20,"errors":0,"api_error":null,"upsert_errors":[],"next_after_id":"d4c4b40a-cb2b-4e0b-8b9a-f36678e679c8","has_more":true,"dry_run":false}
batch=418 {"success":true,"platform":"shopee","merchant_id":"ffe8519e-49a2-467b-a0ec-57d28ba8be49","shop_id":"224882570","processed":20,"updated":20,"errors":0,"api_error":null,"upsert_errors":[],"next_after_id":"d4f9c0dc-4f2d-4fcb-8e8f-f5a92410ecce","has_more":true,"dry_run":false}
batch=419 {"success":true,"platform":"shopee","merchant_id":"ffe8519e-49a2-467b-a0ec-57d28ba8be49","shop_id":"224882570","processed":20,"updated":20,"errors":0,"api_error":null,"upsert_errors":[],"next_after_id":"d51ec01a-6bb7-4345-b699-83226ec3d1c5","has_more":true,"dry_run":false}
batch=420 {"success":true,"platform":"shopee","merchant_id":"ffe8519e-49a2-467b-a0ec-57d28ba8be49","shop_id":"224882570","processed":20,"updated":20,"errors":0,"api_error":null,"upsert_errors":[],"next_after_id":"d54d1754-8dd2-4054-bc65-c192beb27920","has_more":true,"dry_run":false}
batch=421 {"success":true,"platform":"shopee","merchant_id":"ffe8519e-49a2-467b-a0ec-57d28ba8be49","shop_id":"224882570","processed":20,"updated":20,"errors":0,"api_error":null,"upsert_errors":[],"next_after_id":"d58009ef-0836-4f42-ab44-d3e438ae2c0c","has_more":true,"dry_run":false}
batch=422 {"success":true,"platform":"shopee","merchant_id":"ffe8519e-49a2-467b-a0ec-57d28ba8be49","shop_id":"224882570","processed":20,"updated":20,"errors":0,"api_error":null,"upsert_errors":[],"next_after_id":"d5a3aec2-bf24-4628-b790-c7ad49ab8134","has_more":true,"dry_run":false}
batch=423 {"success":true,"platform":"shopee","merchant_id":"ffe8519e-49a2-467b-a0ec-57d28ba8be49","shop_id":"224882570","processed":20,"updated":20,"errors":0,"api_error":null,"upsert_errors":[],"next_after_id":"d5c8e810-2756-4525-a968-66e5994d27ca","has_more":true,"dry_run":false}
batch=424 {"success":true,"platform":"shopee","merchant_id":"ffe8519e-49a2-467b-a0ec-57d28ba8be49","shop_id":"224882570","processed":20,"updated":20,"errors":0,"api_error":null,"upsert_errors":[],"next_after_id":"d5efa9a8-6ab8-4b01-bc7f-cbcee198317c","has_more":true,"dry_run":false}
batch=425 {"success":true,"platform":"shopee","merchant_id":"ffe8519e-49a2-467b-a0ec-57d28ba8be49","shop_id":"224882570","processed":20,"updated":20,"errors":0,"api_error":null,"upsert_errors":[],"next_after_id":"d6283f3d-ae85-4d20-bc7e-a81d4c1ec71e","has_more":true,"dry_run":false}
batch=426 {"success":true,"platform":"shopee","merchant_id":"ffe8519e-49a2-467b-a0ec-57d28ba8be49","shop_id":"224882570","processed":20,"updated":20,"errors":0,"api_error":null,"upsert_errors":[],"next_after_id":"d64e3d13-b1c3-48f2-b7c6-3f3977625d8f","has_more":true,"dry_run":false}
batch=427 {"success":true,"platform":"shopee","merchant_id":"ffe8519e-49a2-467b-a0ec-57d28ba8be49","shop_id":"224882570","processed":20,"updated":20,"errors":0,"api_error":null,"upsert_errors":[],"next_after_id":"d66dd7c3-54d7-4a4a-944f-a82fe838e634","has_more":true,"dry_run":false}
batch=428 {"success":true,"platform":"shopee","merchant_id":"ffe8519e-49a2-467b-a0ec-57d28ba8be49","shop_id":"224882570","processed":20,"updated":20,"errors":0,"api_error":null,"upsert_errors":[],"next_after_id":"d69f5fd0-9cd8-4030-940c-857716b61ed3","has_more":true,"dry_run":false}
batch=429 {"success":true,"platform":"shopee","merchant_id":"ffe8519e-49a2-467b-a0ec-57d28ba8be49","shop_id":"224882570","processed":20,"updated":20,"errors":0,"api_error":null,"upsert_errors":[],"next_after_id":"d6db4451-ac13-4bbb-8edb-f2443a691908","has_more":true,"dry_run":false}
batch=430 {"success":true,"platform":"shopee","merchant_id":"ffe8519e-49a2-467b-a0ec-57d28ba8be49","shop_id":"224882570","processed":20,"updated":20,"errors":0,"api_error":null,"upsert_errors":[],"next_after_id":"d706a88b-915e-406b-b539-cd0e66a0d71d","has_more":true,"dry_run":false}
batch=431 {"success":true,"platform":"shopee","merchant_id":"ffe8519e-49a2-467b-a0ec-57d28ba8be49","shop_id":"224882570","processed":20,"updated":20,"errors":0,"api_error":null,"upsert_errors":[],"next_after_id":"d72b989f-cc1c-4a03-a3fb-8177c703fbf0","has_more":true,"dry_run":false}
batch=432 {"success":true,"platform":"shopee","merchant_id":"ffe8519e-49a2-467b-a0ec-57d28ba8be49","shop_id":"224882570","processed":20,"updated":20,"errors":0,"api_error":null,"upsert_errors":[],"next_after_id":"d76b8fd0-4803-4203-9d4a-d829a8356b1e","has_more":true,"dry_run":false}
batch=433 {"success":true,"platform":"shopee","merchant_id":"ffe8519e-49a2-467b-a0ec-57d28ba8be49","shop_id":"224882570","processed":20,"updated":20,"errors":0,"api_error":null,"upsert_errors":[],"next_after_id":"d7909b65-35c4-442a-8489-b95b99130b4b","has_more":true,"dry_run":false}
batch=434 {"success":true,"platform":"shopee","merchant_id":"ffe8519e-49a2-467b-a0ec-57d28ba8be49","shop_id":"224882570","processed":20,"updated":20,"errors":0,"api_error":null,"upsert_errors":[],"next_after_id":"d7d08c84-3c32-47d0-936a-713777b87c3e","has_more":true,"dry_run":false}
batch=435 {"success":true,"platform":"shopee","merchant_id":"ffe8519e-49a2-467b-a0ec-57d28ba8be49","shop_id":"224882570","processed":20,"updated":20,"errors":0,"api_error":null,"upsert_errors":[],"next_after_id":"d80912c7-b555-49cc-abb8-fe62bf3d7ed6","has_more":true,"dry_run":false}
batch=436 {"success":true,"platform":"shopee","merchant_id":"ffe8519e-49a2-467b-a0ec-57d28ba8be49","shop_id":"224882570","processed":20,"updated":20,"errors":0,"api_error":null,"upsert_errors":[],"next_after_id":"d83174dd-031c-483f-a386-7ff02583af6e","has_more":true,"dry_run":false}
batch=437 {"success":true,"platform":"shopee","merchant_id":"ffe8519e-49a2-467b-a0ec-57d28ba8be49","shop_id":"224882570","processed":20,"updated":20,"errors":0,"api_error":null,"upsert_errors":[],"next_after_id":"d84bc081-d5d7-4753-b952-4f6ccd1590b8","has_more":true,"dry_run":false}
batch=438 {"success":true,"platform":"shopee","merchant_id":"ffe8519e-49a2-467b-a0ec-57d28ba8be49","shop_id":"224882570","processed":20,"updated":20,"errors":0,"api_error":null,"upsert_errors":[],"next_after_id":"d86a7d07-0638-44ee-88bf-4fcbbd606458","has_more":true,"dry_run":false}
batch=439 {"success":true,"platform":"shopee","merchant_id":"ffe8519e-49a2-467b-a0ec-57d28ba8be49","shop_id":"224882570","processed":20,"updated":20,"errors":0,"api_error":null,"upsert_errors":[],"next_after_id":"d88b44be-e518-4252-863b-f97a961af60f","has_more":true,"dry_run":false}
batch=440 {"success":true,"platform":"shopee","merchant_id":"ffe8519e-49a2-467b-a0ec-57d28ba8be49","shop_id":"224882570","processed":20,"updated":20,"errors":0,"api_error":null,"upsert_errors":[],"next_after_id":"d8b0a09b-a2e5-44cb-a874-b5936104aae7","has_more":true,"dry_run":false}
batch=441 {"success":true,"platform":"shopee","merchant_id":"ffe8519e-49a2-467b-a0ec-57d28ba8be49","shop_id":"224882570","processed":20,"updated":20,"errors":0,"api_error":null,"upsert_errors":[],"next_after_id":"d8e4f65c-ce39-4bbd-ad50-3117bd3ccd05","has_more":true,"dry_run":false}
batch=442 {"success":true,"platform":"shopee","merchant_id":"ffe8519e-49a2-467b-a0ec-57d28ba8be49","shop_id":"224882570","processed":20,"updated":20,"errors":0,"api_error":null,"upsert_errors":[],"next_after_id":"d91027df-29ea-4235-9643-f6245e29a79f","has_more":true,"dry_run":false}
batch=443 {"success":true,"platform":"shopee","merchant_id":"ffe8519e-49a2-467b-a0ec-57d28ba8be49","shop_id":"224882570","processed":20,"updated":20,"errors":0,"api_error":null,"upsert_errors":[],"next_after_id":"d9377b8e-752a-43e4-9178-d24ca80a6578","has_more":true,"dry_run":false}
batch=444 {"success":true,"platform":"shopee","merchant_id":"ffe8519e-49a2-467b-a0ec-57d28ba8be49","shop_id":"224882570","processed":20,"updated":20,"errors":0,"api_error":null,"upsert_errors":[],"next_after_id":"d96e717a-87f4-4c77-b637-a59595f95875","has_more":true,"dry_run":false}
batch=445 {"success":true,"platform":"shopee","merchant_id":"ffe8519e-49a2-467b-a0ec-57d28ba8be49","shop_id":"224882570","processed":20,"updated":20,"errors":0,"api_error":null,"upsert_errors":[],"next_after_id":"d9a0efb8-fee6-4ead-911c-79f4cd5b1657","has_more":true,"dry_run":false}
batch=446 {"success":true,"platform":"shopee","merchant_id":"ffe8519e-49a2-467b-a0ec-57d28ba8be49","shop_id":"224882570","processed":20,"updated":20,"errors":0,"api_error":null,"upsert_errors":[],"next_after_id":"d9c73e7b-af85-4723-a852-bfcff36878a9","has_more":true,"dry_run":false}
batch=447 {"success":true,"platform":"shopee","merchant_id":"ffe8519e-49a2-467b-a0ec-57d28ba8be49","shop_id":"224882570","processed":20,"updated":20,"errors":0,"api_error":null,"upsert_errors":[],"next_after_id":"d9f11b86-0541-4b1a-8041-bc236a2ed0eb","has_more":true,"dry_run":false}
batch=448 {"success":true,"platform":"shopee","merchant_id":"ffe8519e-49a2-467b-a0ec-57d28ba8be49","shop_id":"224882570","processed":20,"updated":20,"errors":0,"api_error":null,"upsert_errors":[],"next_after_id":"da1643fe-2e6b-4453-8f50-0208e11d1321","has_more":true,"dry_run":false}
batch=449 {"success":true,"platform":"shopee","merchant_id":"ffe8519e-49a2-467b-a0ec-57d28ba8be49","shop_id":"224882570","processed":20,"updated":20,"errors":0,"api_error":null,"upsert_errors":[],"next_after_id":"da43e283-fa9c-4636-a9de-3a44281112db","has_more":true,"dry_run":false}
batch=450 {"success":true,"platform":"shopee","merchant_id":"ffe8519e-49a2-467b-a0ec-57d28ba8be49","shop_id":"224882570","processed":20,"updated":20,"errors":0,"api_error":null,"upsert_errors":[],"next_after_id":"da8835a0-f8a7-46a1-bdcf-9acfa7241518","has_more":true,"dry_run":false}
batch=451 {"success":true,"platform":"shopee","merchant_id":"ffe8519e-49a2-467b-a0ec-57d28ba8be49","shop_id":"224882570","processed":20,"updated":20,"errors":0,"api_error":null,"upsert_errors":[],"next_after_id":"daad3298-6088-4470-a4f2-c4715da389cc","has_more":true,"dry_run":false}
batch=452 {"success":true,"platform":"shopee","merchant_id":"ffe8519e-49a2-467b-a0ec-57d28ba8be49","shop_id":"224882570","processed":20,"updated":20,"errors":0,"api_error":null,"upsert_errors":[],"next_after_id":"dad6005a-1339-4e4b-8dad-693973c0179c","has_more":true,"dry_run":false}
batch=453 {"success":true,"platform":"shopee","merchant_id":"ffe8519e-49a2-467b-a0ec-57d28ba8be49","shop_id":"224882570","processed":20,"updated":20,"errors":0,"api_error":null,"upsert_errors":[],"next_after_id":"dafe7a80-f24e-4abf-9b3a-d04ca1cbcbdb","has_more":true,"dry_run":false}
batch=454 {"success":true,"platform":"shopee","merchant_id":"ffe8519e-49a2-467b-a0ec-57d28ba8be49","shop_id":"224882570","processed":20,"updated":20,"errors":0,"api_error":null,"upsert_errors":[],"next_after_id":"db26c9a3-7a72-4d5c-af6d-c7b02fcc54b4","has_more":true,"dry_run":false}
batch=455 {"success":true,"platform":"shopee","merchant_id":"ffe8519e-49a2-467b-a0ec-57d28ba8be49","shop_id":"224882570","processed":20,"updated":20,"errors":0,"api_error":null,"upsert_errors":[],"next_after_id":"db58532f-23c6-4b51-bcbb-f4e3e2d634c3","has_more":true,"dry_run":false}
batch=456 {"success":true,"platform":"shopee","merchant_id":"ffe8519e-49a2-467b-a0ec-57d28ba8be49","shop_id":"224882570","processed":20,"updated":20,"errors":0,"api_error":null,"upsert_errors":[],"next_after_id":"db8b58bc-990a-43cf-891d-859d35903e88","has_more":true,"dry_run":false}
batch=457 {"success":true,"platform":"shopee","merchant_id":"ffe8519e-49a2-467b-a0ec-57d28ba8be49","shop_id":"224882570","processed":20,"updated":20,"errors":0,"api_error":null,"upsert_errors":[],"next_after_id":"dbb4a172-1d5c-4bb9-bc5f-5307b4abf875","has_more":true,"dry_run":false}
batch=458 {"success":true,"platform":"shopee","merchant_id":"ffe8519e-49a2-467b-a0ec-57d28ba8be49","shop_id":"224882570","processed":20,"updated":20,"errors":0,"api_error":null,"upsert_errors":[],"next_after_id":"dbde71e3-d8e0-4ee6-b4cc-ca1f43d4e513","has_more":true,"dry_run":false}
batch=459 {"success":true,"platform":"shopee","merchant_id":"ffe8519e-49a2-467b-a0ec-57d28ba8be49","shop_id":"224882570","processed":20,"updated":20,"errors":0,"api_error":null,"upsert_errors":[],"next_after_id":"dbfd859b-a60a-4f27-8e80-0014f47bb873","has_more":true,"dry_run":false}
batch=460 {"success":true,"platform":"shopee","merchant_id":"ffe8519e-49a2-467b-a0ec-57d28ba8be49","shop_id":"224882570","processed":20,"updated":20,"errors":0,"api_error":null,"upsert_errors":[],"next_after_id":"dc2ec08c-909c-4351-8afd-452df8b50ad1","has_more":true,"dry_run":false}
batch=461 {"success":true,"platform":"shopee","merchant_id":"ffe8519e-49a2-467b-a0ec-57d28ba8be49","shop_id":"224882570","processed":20,"updated":20,"errors":0,"api_error":null,"upsert_errors":[],"next_after_id":"dc504bd1-da11-4f20-bffa-ad1be6780ff5","has_more":true,"dry_run":false}
batch=462 {"success":true,"platform":"shopee","merchant_id":"ffe8519e-49a2-467b-a0ec-57d28ba8be49","shop_id":"224882570","processed":20,"updated":20,"errors":0,"api_error":null,"upsert_errors":[],"next_after_id":"dc7a8493-f380-4eb7-ad28-80e0e1c1d547","has_more":true,"dry_run":false}
batch=463 {"success":true,"platform":"shopee","merchant_id":"ffe8519e-49a2-467b-a0ec-57d28ba8be49","shop_id":"224882570","processed":20,"updated":20,"errors":0,"api_error":null,"upsert_errors":[],"next_after_id":"dca79a4f-a386-4f12-a3d8-b6e46ba430ca","has_more":true,"dry_run":false}
batch=464 {"success":true,"platform":"shopee","merchant_id":"ffe8519e-49a2-467b-a0ec-57d28ba8be49","shop_id":"224882570","processed":20,"updated":20,"errors":0,"api_error":null,"upsert_errors":[],"next_after_id":"dceb4a15-6a0a-4bef-ae40-d62da3eecb6c","has_more":true,"dry_run":false}
batch=465 {"success":true,"platform":"shopee","merchant_id":"ffe8519e-49a2-467b-a0ec-57d28ba8be49","shop_id":"224882570","processed":20,"updated":20,"errors":0,"api_error":null,"upsert_errors":[],"next_after_id":"dd18a12b-afd8-4264-8138-9ff76eb6a9c3","has_more":true,"dry_run":false}
batch=466 {"success":true,"platform":"shopee","merchant_id":"ffe8519e-49a2-467b-a0ec-57d28ba8be49","shop_id":"224882570","processed":20,"updated":20,"errors":0,"api_error":null,"upsert_errors":[],"next_after_id":"dd49bd92-b0bf-41ae-a312-8cb9e79ce6a7","has_more":true,"dry_run":false}
batch=467 {"success":true,"platform":"shopee","merchant_id":"ffe8519e-49a2-467b-a0ec-57d28ba8be49","shop_id":"224882570","processed":20,"updated":20,"errors":0,"api_error":null,"upsert_errors":[],"next_after_id":"dd803cd3-76b4-46e1-bc2e-49e863935d8b","has_more":true,"dry_run":false}
batch=468 {"success":true,"platform":"shopee","merchant_id":"ffe8519e-49a2-467b-a0ec-57d28ba8be49","shop_id":"224882570","processed":20,"updated":20,"errors":0,"api_error":null,"upsert_errors":[],"next_after_id":"ddac1b0f-9b7c-4529-8095-e0de0c3b18cc","has_more":true,"dry_run":false}
batch=469 {"success":true,"platform":"shopee","merchant_id":"ffe8519e-49a2-467b-a0ec-57d28ba8be49","shop_id":"224882570","processed":20,"updated":20,"errors":0,"api_error":null,"upsert_errors":[],"next_after_id":"ddca9ec9-5603-4ddc-90b4-a74d78f18267","has_more":true,"dry_run":false}
batch=470 {"success":true,"platform":"shopee","merchant_id":"ffe8519e-49a2-467b-a0ec-57d28ba8be49","shop_id":"224882570","processed":20,"updated":20,"errors":0,"api_error":null,"upsert_errors":[],"next_after_id":"dded2f24-b09d-4aa5-a127-76a30d189f2e","has_more":true,"dry_run":false}
batch=471 {"success":true,"platform":"shopee","merchant_id":"ffe8519e-49a2-467b-a0ec-57d28ba8be49","shop_id":"224882570","processed":20,"updated":20,"errors":0,"api_error":null,"upsert_errors":[],"next_after_id":"de0844b8-d16c-4763-aca1-276600d1fad8","has_more":true,"dry_run":false}
batch=472 {"success":true,"platform":"shopee","merchant_id":"ffe8519e-49a2-467b-a0ec-57d28ba8be49","shop_id":"224882570","processed":20,"updated":20,"errors":0,"api_error":null,"upsert_errors":[],"next_after_id":"de2f9c8a-bf26-46c1-a17f-5b5d1b45f066","has_more":true,"dry_run":false}
batch=473 {"success":true,"platform":"shopee","merchant_id":"ffe8519e-49a2-467b-a0ec-57d28ba8be49","shop_id":"224882570","processed":20,"updated":20,"errors":0,"api_error":null,"upsert_errors":[],"next_after_id":"de6b71ff-451d-4ed9-9b71-14c26d0d3b71","has_more":true,"dry_run":false}
batch=474 {"success":true,"platform":"shopee","merchant_id":"ffe8519e-49a2-467b-a0ec-57d28ba8be49","shop_id":"224882570","processed":20,"updated":20,"errors":0,"api_error":null,"upsert_errors":[],"next_after_id":"de9ccd80-ca55-420d-8565-6f7db260ecc1","has_more":true,"dry_run":false}
batch=475 {"success":true,"platform":"shopee","merchant_id":"ffe8519e-49a2-467b-a0ec-57d28ba8be49","shop_id":"224882570","processed":20,"updated":20,"errors":0,"api_error":null,"upsert_errors":[],"next_after_id":"deb62ba9-4174-47bc-9ddb-d87e6580aa89","has_more":true,"dry_run":false}
batch=476 {"success":true,"platform":"shopee","merchant_id":"ffe8519e-49a2-467b-a0ec-57d28ba8be49","shop_id":"224882570","processed":20,"updated":20,"errors":0,"api_error":null,"upsert_errors":[],"next_after_id":"ded3c5d1-ecbc-4e55-b1df-0975e11637d1","has_more":true,"dry_run":false}
batch=477 {"success":true,"platform":"shopee","merchant_id":"ffe8519e-49a2-467b-a0ec-57d28ba8be49","shop_id":"224882570","processed":20,"updated":20,"errors":0,"api_error":null,"upsert_errors":[],"next_after_id":"defe8ac2-cb60-4d4d-b024-5658b94b9684","has_more":true,"dry_run":false}
batch=478 {"success":true,"platform":"shopee","merchant_id":"ffe8519e-49a2-467b-a0ec-57d28ba8be49","shop_id":"224882570","processed":20,"updated":20,"errors":0,"api_error":null,"upsert_errors":[],"next_after_id":"df1c8aad-dc2a-468e-8649-b513f181aa1e","has_more":true,"dry_run":false}
batch=479 attempt=1 retry error: 
batch=479 {"success":true,"platform":"shopee","merchant_id":"ffe8519e-49a2-467b-a0ec-57d28ba8be49","shop_id":"224882570","processed":20,"updated":20,"errors":0,"api_error":null,"upsert_errors":[],"next_after_id":"df3a04eb-8b69-4fe0-8d79-5abf1056b255","has_more":true,"dry_run":false}
batch=480 {"success":true,"platform":"shopee","merchant_id":"ffe8519e-49a2-467b-a0ec-57d28ba8be49","shop_id":"224882570","processed":20,"updated":20,"errors":0,"api_error":null,"upsert_errors":[],"next_after_id":"df6cf1f0-f2d3-4710-85cc-62295758b77a","has_more":true,"dry_run":false}
batch=481 {"success":true,"platform":"shopee","merchant_id":"ffe8519e-49a2-467b-a0ec-57d28ba8be49","shop_id":"224882570","processed":20,"updated":20,"errors":0,"api_error":null,"upsert_errors":[],"next_after_id":"df9b229a-1184-4111-8e4e-88474eeb7863","has_more":true,"dry_run":false}
batch=482 {"success":true,"platform":"shopee","merchant_id":"ffe8519e-49a2-467b-a0ec-57d28ba8be49","shop_id":"224882570","processed":20,"updated":20,"errors":0,"api_error":null,"upsert_errors":[],"next_after_id":"dfc55cf6-5af5-4107-9616-fcd4663cc163","has_more":true,"dry_run":false}
batch=483 {"success":true,"platform":"shopee","merchant_id":"ffe8519e-49a2-467b-a0ec-57d28ba8be49","shop_id":"224882570","processed":20,"updated":20,"errors":0,"api_error":null,"upsert_errors":[],"next_after_id":"dfe74f3e-3327-45e0-9ac1-dbb22a818faf","has_more":true,"dry_run":false}
batch=484 {"success":true,"platform":"shopee","merchant_id":"ffe8519e-49a2-467b-a0ec-57d28ba8be49","shop_id":"224882570","processed":20,"updated":20,"errors":0,"api_error":null,"upsert_errors":[],"next_after_id":"e00d07e6-1262-4ac7-a5f6-af4f1467e462","has_more":true,"dry_run":false}
batch=485 {"success":true,"platform":"shopee","merchant_id":"ffe8519e-49a2-467b-a0ec-57d28ba8be49","shop_id":"224882570","processed":20,"updated":20,"errors":0,"api_error":null,"upsert_errors":[],"next_after_id":"e03598fa-3c4f-490f-8cc5-936f0eaec35e","has_more":true,"dry_run":false}
batch=486 {"success":true,"platform":"shopee","merchant_id":"ffe8519e-49a2-467b-a0ec-57d28ba8be49","shop_id":"224882570","processed":20,"updated":20,"errors":0,"api_error":null,"upsert_errors":[],"next_after_id":"e04d7c9e-ab99-4ca0-aba0-4cca39a12159","has_more":true,"dry_run":false}
batch=487 {"success":true,"platform":"shopee","merchant_id":"ffe8519e-49a2-467b-a0ec-57d28ba8be49","shop_id":"224882570","processed":20,"updated":20,"errors":0,"api_error":null,"upsert_errors":[],"next_after_id":"e072e416-0faa-4f23-bdd9-6cff0eb7fa1a","has_more":true,"dry_run":false}
batch=488 {"success":true,"platform":"shopee","merchant_id":"ffe8519e-49a2-467b-a0ec-57d28ba8be49","shop_id":"224882570","processed":20,"updated":20,"errors":0,"api_error":null,"upsert_errors":[],"next_after_id":"e0999ea7-ca8e-4dba-8e70-ba964a16c6fc","has_more":true,"dry_run":false}
batch=489 {"success":true,"platform":"shopee","merchant_id":"ffe8519e-49a2-467b-a0ec-57d28ba8be49","shop_id":"224882570","processed":20,"updated":20,"errors":0,"api_error":null,"upsert_errors":[],"next_after_id":"e0c99cce-c57e-4059-ab88-ae6e5c134093","has_more":true,"dry_run":false}
batch=490 {"success":true,"platform":"shopee","merchant_id":"ffe8519e-49a2-467b-a0ec-57d28ba8be49","shop_id":"224882570","processed":20,"updated":20,"errors":0,"api_error":null,"upsert_errors":[],"next_after_id":"e1056cd0-52ec-413e-962e-7327a4eb92d7","has_more":true,"dry_run":false}
batch=491 {"success":true,"platform":"shopee","merchant_id":"ffe8519e-49a2-467b-a0ec-57d28ba8be49","shop_id":"224882570","processed":20,"updated":20,"errors":0,"api_error":null,"upsert_errors":[],"next_after_id":"e12d83d2-eef7-4d67-9859-fbbdd5babb4c","has_more":true,"dry_run":false}
batch=492 {"success":true,"platform":"shopee","merchant_id":"ffe8519e-49a2-467b-a0ec-57d28ba8be49","shop_id":"224882570","processed":20,"updated":20,"errors":0,"api_error":null,"upsert_errors":[],"next_after_id":"e15a3fc1-658d-497c-8b59-8cd4ae5c48ed","has_more":true,"dry_run":false}
batch=493 {"success":true,"platform":"shopee","merchant_id":"ffe8519e-49a2-467b-a0ec-57d28ba8be49","shop_id":"224882570","processed":20,"updated":20,"errors":0,"api_error":null,"upsert_errors":[],"next_after_id":"e17f7750-e35e-47ae-8744-233f34ae513d","has_more":true,"dry_run":false}
batch=494 {"success":true,"platform":"shopee","merchant_id":"ffe8519e-49a2-467b-a0ec-57d28ba8be49","shop_id":"224882570","processed":20,"updated":20,"errors":0,"api_error":null,"upsert_errors":[],"next_after_id":"e1b6c95e-9383-46c0-bcc6-a5a3bd15eb42","has_more":true,"dry_run":false}
batch=495 {"success":true,"platform":"shopee","merchant_id":"ffe8519e-49a2-467b-a0ec-57d28ba8be49","shop_id":"224882570","processed":20,"updated":20,"errors":0,"api_error":null,"upsert_errors":[],"next_after_id":"e1d72966-61ae-4016-9a12-964e4d865022","has_more":true,"dry_run":false}
batch=496 {"success":true,"platform":"shopee","merchant_id":"ffe8519e-49a2-467b-a0ec-57d28ba8be49","shop_id":"224882570","processed":20,"updated":20,"errors":0,"api_error":null,"upsert_errors":[],"next_after_id":"e1fed5aa-3923-4889-8647-6f48566c0571","has_more":true,"dry_run":false}
batch=497 {"success":true,"platform":"shopee","merchant_id":"ffe8519e-49a2-467b-a0ec-57d28ba8be49","shop_id":"224882570","processed":20,"updated":20,"errors":0,"api_error":null,"upsert_errors":[],"next_after_id":"e2297c23-164e-49db-bf2c-856c795bec86","has_more":true,"dry_run":false}
batch=498 {"success":true,"platform":"shopee","merchant_id":"ffe8519e-49a2-467b-a0ec-57d28ba8be49","shop_id":"224882570","processed":20,"updated":20,"errors":0,"api_error":null,"upsert_errors":[],"next_after_id":"e2612369-ef95-44d9-ba5e-e687a4e79a32","has_more":true,"dry_run":false}
batch=499 {"success":true,"platform":"shopee","merchant_id":"ffe8519e-49a2-467b-a0ec-57d28ba8be49","shop_id":"224882570","processed":20,"updated":20,"errors":0,"api_error":null,"upsert_errors":[],"next_after_id":"e29768ac-c687-475d-ac98-0b2aedf9fe8a","has_more":true,"dry_run":false}
batch=500 {"success":true,"platform":"shopee","merchant_id":"ffe8519e-49a2-467b-a0ec-57d28ba8be49","shop_id":"224882570","processed":20,"updated":20,"errors":0,"api_error":null,"upsert_errors":[],"next_after_id":"e2baf78a-0bef-4541-8948-4658581388c9","has_more":true,"dry_run":false}
batch=501 {"success":true,"platform":"shopee","merchant_id":"ffe8519e-49a2-467b-a0ec-57d28ba8be49","shop_id":"224882570","processed":20,"updated":20,"errors":0,"api_error":null,"upsert_errors":[],"next_after_id":"e2e4af85-6121-4761-a558-a247ed057006","has_more":true,"dry_run":false}
batch=502 {"success":true,"platform":"shopee","merchant_id":"ffe8519e-49a2-467b-a0ec-57d28ba8be49","shop_id":"224882570","processed":20,"updated":20,"errors":0,"api_error":null,"upsert_errors":[],"next_after_id":"e30d011b-4306-40e6-b4ed-986e3df8eb78","has_more":true,"dry_run":false}
batch=503 {"success":true,"platform":"shopee","merchant_id":"ffe8519e-49a2-467b-a0ec-57d28ba8be49","shop_id":"224882570","processed":20,"updated":20,"errors":0,"api_error":null,"upsert_errors":[],"next_after_id":"e33dd249-91d9-4393-b93d-d35317529f14","has_more":true,"dry_run":false}
batch=504 {"success":true,"platform":"shopee","merchant_id":"ffe8519e-49a2-467b-a0ec-57d28ba8be49","shop_id":"224882570","processed":20,"updated":20,"errors":0,"api_error":null,"upsert_errors":[],"next_after_id":"e36c86c2-d1b9-46c1-8404-ba97d7578d76","has_more":true,"dry_run":false}
batch=505 {"success":true,"platform":"shopee","merchant_id":"ffe8519e-49a2-467b-a0ec-57d28ba8be49","shop_id":"224882570","processed":20,"updated":20,"errors":0,"api_error":null,"upsert_errors":[],"next_after_id":"e39bfab4-ce66-46e8-b67c-11475d4090b4","has_more":true,"dry_run":false}
batch=506 {"success":true,"platform":"shopee","merchant_id":"ffe8519e-49a2-467b-a0ec-57d28ba8be49","shop_id":"224882570","processed":20,"updated":20,"errors":0,"api_error":null,"upsert_errors":[],"next_after_id":"e3d33d5d-e058-4607-8cd7-b633d2003b6e","has_more":true,"dry_run":false}
batch=507 {"success":true,"platform":"shopee","merchant_id":"ffe8519e-49a2-467b-a0ec-57d28ba8be49","shop_id":"224882570","processed":20,"updated":20,"errors":0,"api_error":null,"upsert_errors":[],"next_after_id":"e4015efc-82c1-4e7f-8f2e-5dece4fde11d","has_more":true,"dry_run":false}
batch=508 {"success":true,"platform":"shopee","merchant_id":"ffe8519e-49a2-467b-a0ec-57d28ba8be49","shop_id":"224882570","processed":20,"updated":20,"errors":0,"api_error":null,"upsert_errors":[],"next_after_id":"e43d9cc3-042d-449b-b228-e4c645b540d0","has_more":true,"dry_run":false}
batch=509 {"success":true,"platform":"shopee","merchant_id":"ffe8519e-49a2-467b-a0ec-57d28ba8be49","shop_id":"224882570","processed":20,"updated":20,"errors":0,"api_error":null,"upsert_errors":[],"next_after_id":"e46b17cd-5faf-4e39-a9a9-f5f3711e2205","has_more":true,"dry_run":false}
batch=510 {"success":true,"platform":"shopee","merchant_id":"ffe8519e-49a2-467b-a0ec-57d28ba8be49","shop_id":"224882570","processed":20,"updated":20,"errors":0,"api_error":null,"upsert_errors":[],"next_after_id":"e494703e-1a8b-45bd-9d5f-48344e459fc7","has_more":true,"dry_run":false}
batch=511 {"success":true,"platform":"shopee","merchant_id":"ffe8519e-49a2-467b-a0ec-57d28ba8be49","shop_id":"224882570","processed":20,"updated":20,"errors":0,"api_error":null,"upsert_errors":[],"next_after_id":"e4b1abde-076f-4a82-bf24-3f63e22e5f54","has_more":true,"dry_run":false}
batch=512 {"success":true,"platform":"shopee","merchant_id":"ffe8519e-49a2-467b-a0ec-57d28ba8be49","shop_id":"224882570","processed":20,"updated":20,"errors":0,"api_error":null,"upsert_errors":[],"next_after_id":"e4e2c23e-8568-4a9d-8363-bd80656a378a","has_more":true,"dry_run":false}
batch=513 {"success":true,"platform":"shopee","merchant_id":"ffe8519e-49a2-467b-a0ec-57d28ba8be49","shop_id":"224882570","processed":20,"updated":20,"errors":0,"api_error":null,"upsert_errors":[],"next_after_id":"e5082cb7-0e11-4a7b-a572-764759f0957c","has_more":true,"dry_run":false}
batch=514 {"success":true,"platform":"shopee","merchant_id":"ffe8519e-49a2-467b-a0ec-57d28ba8be49","shop_id":"224882570","processed":20,"updated":20,"errors":0,"api_error":null,"upsert_errors":[],"next_after_id":"e5458aea-89d3-4d8b-acb7-2159b476bb64","has_more":true,"dry_run":false}
batch=515 {"success":true,"platform":"shopee","merchant_id":"ffe8519e-49a2-467b-a0ec-57d28ba8be49","shop_id":"224882570","processed":20,"updated":20,"errors":0,"api_error":null,"upsert_errors":[],"next_after_id":"e56f4aa8-8c7f-45ba-be22-666842913cb5","has_more":true,"dry_run":false}
batch=516 {"success":true,"platform":"shopee","merchant_id":"ffe8519e-49a2-467b-a0ec-57d28ba8be49","shop_id":"224882570","processed":20,"updated":20,"errors":0,"api_error":null,"upsert_errors":[],"next_after_id":"e5914b77-1a7c-43ee-8bd0-b459f604b8ad","has_more":true,"dry_run":false}
batch=517 {"success":true,"platform":"shopee","merchant_id":"ffe8519e-49a2-467b-a0ec-57d28ba8be49","shop_id":"224882570","processed":20,"updated":20,"errors":0,"api_error":null,"upsert_errors":[],"next_after_id":"e5ba7e80-f0fc-4fcf-848e-d9842c8b4c2e","has_more":true,"dry_run":false}
batch=518 {"success":true,"platform":"shopee","merchant_id":"ffe8519e-49a2-467b-a0ec-57d28ba8be49","shop_id":"224882570","processed":20,"updated":20,"errors":0,"api_error":null,"upsert_errors":[],"next_after_id":"e5e8b790-a912-4d72-890d-96f0a5d36b36","has_more":true,"dry_run":false}
batch=519 {"success":true,"platform":"shopee","merchant_id":"ffe8519e-49a2-467b-a0ec-57d28ba8be49","shop_id":"224882570","processed":20,"updated":20,"errors":0,"api_error":null,"upsert_errors":[],"next_after_id":"e62343a8-51d3-4978-adda-1dd5eacf4413","has_more":true,"dry_run":false}
batch=520 {"success":true,"platform":"shopee","merchant_id":"ffe8519e-49a2-467b-a0ec-57d28ba8be49","shop_id":"224882570","processed":20,"updated":20,"errors":0,"api_error":null,"upsert_errors":[],"next_after_id":"e641a3b5-2539-4efb-96da-937f593460e9","has_more":true,"dry_run":false}
batch=521 {"success":true,"platform":"shopee","merchant_id":"ffe8519e-49a2-467b-a0ec-57d28ba8be49","shop_id":"224882570","processed":20,"updated":20,"errors":0,"api_error":null,"upsert_errors":[],"next_after_id":"e673c4ea-7fad-44b7-a16c-431844f6d1ee","has_more":true,"dry_run":false}
batch=522 {"success":true,"platform":"shopee","merchant_id":"ffe8519e-49a2-467b-a0ec-57d28ba8be49","shop_id":"224882570","processed":20,"updated":20,"errors":0,"api_error":null,"upsert_errors":[],"next_after_id":"e69f96ea-71da-4164-8f95-61de4796c7b9","has_more":true,"dry_run":false}
batch=523 {"success":true,"platform":"shopee","merchant_id":"ffe8519e-49a2-467b-a0ec-57d28ba8be49","shop_id":"224882570","processed":20,"updated":20,"errors":0,"api_error":null,"upsert_errors":[],"next_after_id":"e6cbac9d-6cce-4154-968d-a8dbedaf05a1","has_more":true,"dry_run":false}
batch=524 {"success":true,"platform":"shopee","merchant_id":"ffe8519e-49a2-467b-a0ec-57d28ba8be49","shop_id":"224882570","processed":20,"updated":20,"errors":0,"api_error":null,"upsert_errors":[],"next_after_id":"e71c03af-6218-4197-9353-28637c628488","has_more":true,"dry_run":false}
batch=525 {"success":true,"platform":"shopee","merchant_id":"ffe8519e-49a2-467b-a0ec-57d28ba8be49","shop_id":"224882570","processed":20,"updated":20,"errors":0,"api_error":null,"upsert_errors":[],"next_after_id":"e74eb2d0-f41e-4916-8354-c38b34be9540","has_more":true,"dry_run":false}
batch=526 {"success":true,"platform":"shopee","merchant_id":"ffe8519e-49a2-467b-a0ec-57d28ba8be49","shop_id":"224882570","processed":20,"updated":20,"errors":0,"api_error":null,"upsert_errors":[],"next_after_id":"e77d0ca6-45e2-4267-9a09-5ea5d6525869","has_more":true,"dry_run":false}
batch=527 {"success":true,"platform":"shopee","merchant_id":"ffe8519e-49a2-467b-a0ec-57d28ba8be49","shop_id":"224882570","processed":20,"updated":20,"errors":0,"api_error":null,"upsert_errors":[],"next_after_id":"e7a77577-b14f-44cd-a23c-0b97874f289b","has_more":true,"dry_run":false}
batch=528 {"success":true,"platform":"shopee","merchant_id":"ffe8519e-49a2-467b-a0ec-57d28ba8be49","shop_id":"224882570","processed":20,"updated":20,"errors":0,"api_error":null,"upsert_errors":[],"next_after_id":"e7d56042-897b-4bc4-aecc-b3b669ca0c3f","has_more":true,"dry_run":false}
batch=529 {"success":true,"platform":"shopee","merchant_id":"ffe8519e-49a2-467b-a0ec-57d28ba8be49","shop_id":"224882570","processed":20,"updated":20,"errors":0,"api_error":null,"upsert_errors":[],"next_after_id":"e825d6b7-ad5f-48bd-a9f2-9849dd292339","has_more":true,"dry_run":false}
batch=530 {"success":true,"platform":"shopee","merchant_id":"ffe8519e-49a2-467b-a0ec-57d28ba8be49","shop_id":"224882570","processed":20,"updated":20,"errors":0,"api_error":null,"upsert_errors":[],"next_after_id":"e861701d-2439-43b3-9d2e-554c3a3c8e23","has_more":true,"dry_run":false}
batch=531 {"success":true,"platform":"shopee","merchant_id":"ffe8519e-49a2-467b-a0ec-57d28ba8be49","shop_id":"224882570","processed":20,"updated":20,"errors":0,"api_error":null,"upsert_errors":[],"next_after_id":"e890068c-1782-4d71-b983-4d21696c4534","has_more":true,"dry_run":false}
batch=532 {"success":true,"platform":"shopee","merchant_id":"ffe8519e-49a2-467b-a0ec-57d28ba8be49","shop_id":"224882570","processed":20,"updated":20,"errors":0,"api_error":null,"upsert_errors":[],"next_after_id":"e8a8af21-bd14-42c5-ab18-7feed20d8812","has_more":true,"dry_run":false}
batch=533 {"success":true,"platform":"shopee","merchant_id":"ffe8519e-49a2-467b-a0ec-57d28ba8be49","shop_id":"224882570","processed":20,"updated":20,"errors":0,"api_error":null,"upsert_errors":[],"next_after_id":"e8d37f22-19c1-43be-a719-d9706c72f9af","has_more":true,"dry_run":false}
batch=534 {"success":true,"platform":"shopee","merchant_id":"ffe8519e-49a2-467b-a0ec-57d28ba8be49","shop_id":"224882570","processed":20,"updated":20,"errors":0,"api_error":null,"upsert_errors":[],"next_after_id":"e8f0336a-02aa-4ac6-8a1d-5416b895933e","has_more":true,"dry_run":false}
batch=535 {"success":true,"platform":"shopee","merchant_id":"ffe8519e-49a2-467b-a0ec-57d28ba8be49","shop_id":"224882570","processed":20,"updated":20,"errors":0,"api_error":null,"upsert_errors":[],"next_after_id":"e915de36-48c3-40dd-b588-db83805525bb","has_more":true,"dry_run":false}
batch=536 {"success":true,"platform":"shopee","merchant_id":"ffe8519e-49a2-467b-a0ec-57d28ba8be49","shop_id":"224882570","processed":20,"updated":20,"errors":0,"api_error":null,"upsert_errors":[],"next_after_id":"e94593ed-7d7c-4e6f-aaf5-58d61e20eb0f","has_more":true,"dry_run":false}
batch=537 {"success":true,"platform":"shopee","merchant_id":"ffe8519e-49a2-467b-a0ec-57d28ba8be49","shop_id":"224882570","processed":20,"updated":20,"errors":0,"api_error":null,"upsert_errors":[],"next_after_id":"e9759d39-2a4e-430a-9a8e-05f92740d0d3","has_more":true,"dry_run":false}
batch=538 {"success":true,"platform":"shopee","merchant_id":"ffe8519e-49a2-467b-a0ec-57d28ba8be49","shop_id":"224882570","processed":20,"updated":20,"errors":0,"api_error":null,"upsert_errors":[],"next_after_id":"e99a895a-fa15-4a21-a799-5ba53f2cff6f","has_more":true,"dry_run":false}
batch=539 {"success":true,"platform":"shopee","merchant_id":"ffe8519e-49a2-467b-a0ec-57d28ba8be49","shop_id":"224882570","processed":20,"updated":20,"errors":0,"api_error":null,"upsert_errors":[],"next_after_id":"e9c6b7f3-9351-4812-96a0-a019fb85278d","has_more":true,"dry_run":false}
batch=540 {"success":true,"platform":"shopee","merchant_id":"ffe8519e-49a2-467b-a0ec-57d28ba8be49","shop_id":"224882570","processed":20,"updated":20,"errors":0,"api_error":null,"upsert_errors":[],"next_after_id":"e9eda961-2f84-41ad-aaef-33355c07811f","has_more":true,"dry_run":false}
batch=541 {"success":true,"platform":"shopee","merchant_id":"ffe8519e-49a2-467b-a0ec-57d28ba8be49","shop_id":"224882570","processed":20,"updated":20,"errors":0,"api_error":null,"upsert_errors":[],"next_after_id":"ea0cd80c-32b2-4e8a-8007-11e4dacf3320","has_more":true,"dry_run":false}
batch=542 {"success":true,"platform":"shopee","merchant_id":"ffe8519e-49a2-467b-a0ec-57d28ba8be49","shop_id":"224882570","processed":20,"updated":20,"errors":0,"api_error":null,"upsert_errors":[],"next_after_id":"ea31bf3e-4254-4490-b15b-71ed75d7ae42","has_more":true,"dry_run":false}
batch=543 {"success":true,"platform":"shopee","merchant_id":"ffe8519e-49a2-467b-a0ec-57d28ba8be49","shop_id":"224882570","processed":20,"updated":20,"errors":0,"api_error":null,"upsert_errors":[],"next_after_id":"ea5918f8-6a24-429a-9d99-4371c602f375","has_more":true,"dry_run":false}
batch=544 {"success":true,"platform":"shopee","merchant_id":"ffe8519e-49a2-467b-a0ec-57d28ba8be49","shop_id":"224882570","processed":20,"updated":20,"errors":0,"api_error":null,"upsert_errors":[],"next_after_id":"ea8c040c-0e83-47f4-9fea-6bfc61f8027f","has_more":true,"dry_run":false}
batch=545 {"success":true,"platform":"shopee","merchant_id":"ffe8519e-49a2-467b-a0ec-57d28ba8be49","shop_id":"224882570","processed":20,"updated":20,"errors":0,"api_error":null,"upsert_errors":[],"next_after_id":"eaa918b3-bbf9-4bbe-b0ef-ab24bebf5fe2","has_more":true,"dry_run":false}
batch=546 {"success":true,"platform":"shopee","merchant_id":"ffe8519e-49a2-467b-a0ec-57d28ba8be49","shop_id":"224882570","processed":20,"updated":20,"errors":0,"api_error":null,"upsert_errors":[],"next_after_id":"ead73e97-e89f-4f96-9006-f5555d0bcc91","has_more":true,"dry_run":false}
batch=547 {"success":true,"platform":"shopee","merchant_id":"ffe8519e-49a2-467b-a0ec-57d28ba8be49","shop_id":"224882570","processed":20,"updated":20,"errors":0,"api_error":null,"upsert_errors":[],"next_after_id":"eb08f339-0ca0-4430-9730-34a7f3ace764","has_more":true,"dry_run":false}
batch=548 {"success":true,"platform":"shopee","merchant_id":"ffe8519e-49a2-467b-a0ec-57d28ba8be49","shop_id":"224882570","processed":20,"updated":20,"errors":0,"api_error":null,"upsert_errors":[],"next_after_id":"eb2b4501-5790-4222-ada3-9b4259dbf331","has_more":true,"dry_run":false}
batch=549 {"success":true,"platform":"shopee","merchant_id":"ffe8519e-49a2-467b-a0ec-57d28ba8be49","shop_id":"224882570","processed":20,"updated":20,"errors":0,"api_error":null,"upsert_errors":[],"next_after_id":"eb4b97ab-d606-48bc-a746-28cbc8dd134b","has_more":true,"dry_run":false}
batch=550 {"success":true,"platform":"shopee","merchant_id":"ffe8519e-49a2-467b-a0ec-57d28ba8be49","shop_id":"224882570","processed":20,"updated":20,"errors":0,"api_error":null,"upsert_errors":[],"next_after_id":"eb707ed9-ec9f-4d25-a287-7b764aba2aa6","has_more":true,"dry_run":false}
batch=551 {"success":true,"platform":"shopee","merchant_id":"ffe8519e-49a2-467b-a0ec-57d28ba8be49","shop_id":"224882570","processed":20,"updated":20,"errors":0,"api_error":null,"upsert_errors":[],"next_after_id":"eb9b4a5f-52ae-4cfd-9b3b-1643d40d3cd1","has_more":true,"dry_run":false}
batch=552 {"success":true,"platform":"shopee","merchant_id":"ffe8519e-49a2-467b-a0ec-57d28ba8be49","shop_id":"224882570","processed":20,"updated":20,"errors":0,"api_error":null,"upsert_errors":[],"next_after_id":"ebc3811a-4350-4d19-9dee-be9d7ab7787d","has_more":true,"dry_run":false}
batch=553 {"success":true,"platform":"shopee","merchant_id":"ffe8519e-49a2-467b-a0ec-57d28ba8be49","shop_id":"224882570","processed":20,"updated":20,"errors":0,"api_error":null,"upsert_errors":[],"next_after_id":"ebe27e27-6946-4f4b-a825-7aab9e5dca3b","has_more":true,"dry_run":false}
batch=554 {"success":true,"platform":"shopee","merchant_id":"ffe8519e-49a2-467b-a0ec-57d28ba8be49","shop_id":"224882570","processed":20,"updated":20,"errors":0,"api_error":null,"upsert_errors":[],"next_after_id":"ec115e26-20da-49c6-ab42-ca351536940a","has_more":true,"dry_run":false}
batch=555 {"success":true,"platform":"shopee","merchant_id":"ffe8519e-49a2-467b-a0ec-57d28ba8be49","shop_id":"224882570","processed":20,"updated":20,"errors":0,"api_error":null,"upsert_errors":[],"next_after_id":"ec3dabe6-c908-4272-8df0-d4c1b7306a35","has_more":true,"dry_run":false}
batch=556 {"success":true,"platform":"shopee","merchant_id":"ffe8519e-49a2-467b-a0ec-57d28ba8be49","shop_id":"224882570","processed":20,"updated":20,"errors":0,"api_error":null,"upsert_errors":[],"next_after_id":"ec6921b7-f196-4df8-94df-f20b678f9345","has_more":true,"dry_run":false}
batch=557 {"success":true,"platform":"shopee","merchant_id":"ffe8519e-49a2-467b-a0ec-57d28ba8be49","shop_id":"224882570","processed":20,"updated":20,"errors":0,"api_error":null,"upsert_errors":[],"next_after_id":"ec842cee-2524-413c-8db7-edd60cb91cf3","has_more":true,"dry_run":false}
batch=558 {"success":true,"platform":"shopee","merchant_id":"ffe8519e-49a2-467b-a0ec-57d28ba8be49","shop_id":"224882570","processed":20,"updated":20,"errors":0,"api_error":null,"upsert_errors":[],"next_after_id":"ecae5541-1f20-495a-87ae-94cd295d37e2","has_more":true,"dry_run":false}
batch=559 {"success":true,"platform":"shopee","merchant_id":"ffe8519e-49a2-467b-a0ec-57d28ba8be49","shop_id":"224882570","processed":20,"updated":20,"errors":0,"api_error":null,"upsert_errors":[],"next_after_id":"ecd684c2-80df-4040-98e8-d2bc752dff58","has_more":true,"dry_run":false}
batch=560 {"success":true,"platform":"shopee","merchant_id":"ffe8519e-49a2-467b-a0ec-57d28ba8be49","shop_id":"224882570","processed":20,"updated":20,"errors":0,"api_error":null,"upsert_errors":[],"next_after_id":"ed05cfe8-8f36-44e1-b2e5-69fd17502d0d","has_more":true,"dry_run":false}
batch=561 {"success":true,"platform":"shopee","merchant_id":"ffe8519e-49a2-467b-a0ec-57d28ba8be49","shop_id":"224882570","processed":20,"updated":20,"errors":0,"api_error":null,"upsert_errors":[],"next_after_id":"ed3e1ded-9e35-4440-9fe6-feb09a0f0deb","has_more":true,"dry_run":false}
batch=562 {"success":true,"platform":"shopee","merchant_id":"ffe8519e-49a2-467b-a0ec-57d28ba8be49","shop_id":"224882570","processed":20,"updated":20,"errors":0,"api_error":null,"upsert_errors":[],"next_after_id":"ed678383-d041-4cc6-9ef4-82cb9ebbb185","has_more":true,"dry_run":false}
batch=563 {"success":true,"platform":"shopee","merchant_id":"ffe8519e-49a2-467b-a0ec-57d28ba8be49","shop_id":"224882570","processed":20,"updated":20,"errors":0,"api_error":null,"upsert_errors":[],"next_after_id":"ed9cbea1-6f14-46cf-b73b-8866c4dd338d","has_more":true,"dry_run":false}
batch=564 {"success":true,"platform":"shopee","merchant_id":"ffe8519e-49a2-467b-a0ec-57d28ba8be49","shop_id":"224882570","processed":20,"updated":20,"errors":0,"api_error":null,"upsert_errors":[],"next_after_id":"edd06201-a739-4852-aa66-ff457b8fbc93","has_more":true,"dry_run":false}
batch=565 {"success":true,"platform":"shopee","merchant_id":"ffe8519e-49a2-467b-a0ec-57d28ba8be49","shop_id":"224882570","processed":20,"updated":20,"errors":0,"api_error":null,"upsert_errors":[],"next_after_id":"edf0b4d1-cc7e-40a3-9c00-e0f7ca1c0a17","has_more":true,"dry_run":false}
batch=566 {"success":true,"platform":"shopee","merchant_id":"ffe8519e-49a2-467b-a0ec-57d28ba8be49","shop_id":"224882570","processed":20,"updated":20,"errors":0,"api_error":null,"upsert_errors":[],"next_after_id":"ee146341-bae6-4e2e-8733-3c07b944a676","has_more":true,"dry_run":false}
batch=567 {"success":true,"platform":"shopee","merchant_id":"ffe8519e-49a2-467b-a0ec-57d28ba8be49","shop_id":"224882570","processed":20,"updated":20,"errors":0,"api_error":null,"upsert_errors":[],"next_after_id":"ee339409-cf1f-4a8a-ac20-2457fd82bf23","has_more":true,"dry_run":false}
batch=568 {"success":true,"platform":"shopee","merchant_id":"ffe8519e-49a2-467b-a0ec-57d28ba8be49","shop_id":"224882570","processed":20,"updated":20,"errors":0,"api_error":null,"upsert_errors":[],"next_after_id":"ee6787bd-5a05-46a8-8265-8cbc921429cb","has_more":true,"dry_run":false}
batch=569 {"success":true,"platform":"shopee","merchant_id":"ffe8519e-49a2-467b-a0ec-57d28ba8be49","shop_id":"224882570","processed":20,"updated":20,"errors":0,"api_error":null,"upsert_errors":[],"next_after_id":"ee898f98-ccb0-4d34-9f0c-732614c67b58","has_more":true,"dry_run":false}
batch=570 {"success":true,"platform":"shopee","merchant_id":"ffe8519e-49a2-467b-a0ec-57d28ba8be49","shop_id":"224882570","processed":20,"updated":20,"errors":0,"api_error":null,"upsert_errors":[],"next_after_id":"eeb2db75-4c56-4ff1-9292-53872c742c84","has_more":true,"dry_run":false}
batch=571 {"success":true,"platform":"shopee","merchant_id":"ffe8519e-49a2-467b-a0ec-57d28ba8be49","shop_id":"224882570","processed":20,"updated":20,"errors":0,"api_error":null,"upsert_errors":[],"next_after_id":"eed93bdc-3de1-4229-a35b-3d04d5177d61","has_more":true,"dry_run":false}
batch=572 {"success":true,"platform":"shopee","merchant_id":"ffe8519e-49a2-467b-a0ec-57d28ba8be49","shop_id":"224882570","processed":20,"updated":20,"errors":0,"api_error":null,"upsert_errors":[],"next_after_id":"ef05ce25-abca-4ae2-936c-30f1f64f5e61","has_more":true,"dry_run":false}
batch=573 {"success":true,"platform":"shopee","merchant_id":"ffe8519e-49a2-467b-a0ec-57d28ba8be49","shop_id":"224882570","processed":20,"updated":20,"errors":0,"api_error":null,"upsert_errors":[],"next_after_id":"ef433fcb-dc0e-4bd9-a37b-e3cc00b474d2","has_more":true,"dry_run":false}
batch=574 {"success":true,"platform":"shopee","merchant_id":"ffe8519e-49a2-467b-a0ec-57d28ba8be49","shop_id":"224882570","processed":20,"updated":20,"errors":0,"api_error":null,"upsert_errors":[],"next_after_id":"ef6e975e-c9ae-49be-8795-1c008ac5dd83","has_more":true,"dry_run":false}
batch=575 {"success":true,"platform":"shopee","merchant_id":"ffe8519e-49a2-467b-a0ec-57d28ba8be49","shop_id":"224882570","processed":20,"updated":20,"errors":0,"api_error":null,"upsert_errors":[],"next_after_id":"ef9af1a1-e49a-49be-b029-d29005cf2c12","has_more":true,"dry_run":false}
batch=576 {"success":true,"platform":"shopee","merchant_id":"ffe8519e-49a2-467b-a0ec-57d28ba8be49","shop_id":"224882570","processed":20,"updated":20,"errors":0,"api_error":null,"upsert_errors":[],"next_after_id":"efba2a3d-6726-46bd-82a6-30c5f9c6e0a7","has_more":true,"dry_run":false}
batch=577 {"success":true,"platform":"shopee","merchant_id":"ffe8519e-49a2-467b-a0ec-57d28ba8be49","shop_id":"224882570","processed":20,"updated":20,"errors":0,"api_error":null,"upsert_errors":[],"next_after_id":"efe86574-97a7-4663-afac-6e7cdeb36b3b","has_more":true,"dry_run":false}
batch=578 {"success":true,"platform":"shopee","merchant_id":"ffe8519e-49a2-467b-a0ec-57d28ba8be49","shop_id":"224882570","processed":20,"updated":20,"errors":0,"api_error":null,"upsert_errors":[],"next_after_id":"f01b473a-5264-4a0a-b252-aa6d75d2948e","has_more":true,"dry_run":false}
batch=579 {"success":true,"platform":"shopee","merchant_id":"ffe8519e-49a2-467b-a0ec-57d28ba8be49","shop_id":"224882570","processed":20,"updated":20,"errors":0,"api_error":null,"upsert_errors":[],"next_after_id":"f0322000-7bc0-453e-a960-bb951e671c30","has_more":true,"dry_run":false}
batch=580 {"success":true,"platform":"shopee","merchant_id":"ffe8519e-49a2-467b-a0ec-57d28ba8be49","shop_id":"224882570","processed":20,"updated":20,"errors":0,"api_error":null,"upsert_errors":[],"next_after_id":"f05e6e1a-8cd4-4fab-8f83-17d5d253dce4","has_more":true,"dry_run":false}
batch=581 {"success":true,"platform":"shopee","merchant_id":"ffe8519e-49a2-467b-a0ec-57d28ba8be49","shop_id":"224882570","processed":20,"updated":20,"errors":0,"api_error":null,"upsert_errors":[],"next_after_id":"f094e185-4d39-4f6f-b450-3911c429bb92","has_more":true,"dry_run":false}
batch=582 {"success":true,"platform":"shopee","merchant_id":"ffe8519e-49a2-467b-a0ec-57d28ba8be49","shop_id":"224882570","processed":20,"updated":20,"errors":0,"api_error":null,"upsert_errors":[],"next_after_id":"f0c04e31-ad3f-47bc-b3ee-ae8cd69eb184","has_more":true,"dry_run":false}
batch=583 {"success":true,"platform":"shopee","merchant_id":"ffe8519e-49a2-467b-a0ec-57d28ba8be49","shop_id":"224882570","processed":20,"updated":20,"errors":0,"api_error":null,"upsert_errors":[],"next_after_id":"f0df374d-cdfd-47e3-b89d-ba0898b813d4","has_more":true,"dry_run":false}
batch=584 {"success":true,"platform":"shopee","merchant_id":"ffe8519e-49a2-467b-a0ec-57d28ba8be49","shop_id":"224882570","processed":20,"updated":20,"errors":0,"api_error":null,"upsert_errors":[],"next_after_id":"f1026a31-e221-4d30-b501-cae4a0d10e48","has_more":true,"dry_run":false}
batch=585 {"success":true,"platform":"shopee","merchant_id":"ffe8519e-49a2-467b-a0ec-57d28ba8be49","shop_id":"224882570","processed":20,"updated":20,"errors":0,"api_error":null,"upsert_errors":[],"next_after_id":"f125c504-2390-4743-a308-b4441b9e0f80","has_more":true,"dry_run":false}
batch=586 {"success":true,"platform":"shopee","merchant_id":"ffe8519e-49a2-467b-a0ec-57d28ba8be49","shop_id":"224882570","processed":20,"updated":20,"errors":0,"api_error":null,"upsert_errors":[],"next_after_id":"f152f066-d74c-40cd-b19f-862959e57a07","has_more":true,"dry_run":false}
batch=587 {"success":true,"platform":"shopee","merchant_id":"ffe8519e-49a2-467b-a0ec-57d28ba8be49","shop_id":"224882570","processed":20,"updated":20,"errors":0,"api_error":null,"upsert_errors":[],"next_after_id":"f183f48c-9425-462f-ab8c-f2a9ce3dd8b0","has_more":true,"dry_run":false}
batch=588 {"success":true,"platform":"shopee","merchant_id":"ffe8519e-49a2-467b-a0ec-57d28ba8be49","shop_id":"224882570","processed":20,"updated":20,"errors":0,"api_error":null,"upsert_errors":[],"next_after_id":"f1b102fd-3dc0-42cd-9067-3756701577b7","has_more":true,"dry_run":false}
batch=589 {"success":true,"platform":"shopee","merchant_id":"ffe8519e-49a2-467b-a0ec-57d28ba8be49","shop_id":"224882570","processed":20,"updated":20,"errors":0,"api_error":null,"upsert_errors":[],"next_after_id":"f1dbc5b7-7bff-46a8-92c2-a95b4cf9ca77","has_more":true,"dry_run":false}
batch=590 {"success":true,"platform":"shopee","merchant_id":"ffe8519e-49a2-467b-a0ec-57d28ba8be49","shop_id":"224882570","processed":20,"updated":20,"errors":0,"api_error":null,"upsert_errors":[],"next_after_id":"f20adcb1-fa53-4f1d-a980-a0d34fdd7660","has_more":true,"dry_run":false}
batch=591 {"success":true,"platform":"shopee","merchant_id":"ffe8519e-49a2-467b-a0ec-57d28ba8be49","shop_id":"224882570","processed":20,"updated":20,"errors":0,"api_error":null,"upsert_errors":[],"next_after_id":"f233eca7-1a34-4bd5-b174-dd90742aba0a","has_more":true,"dry_run":false}
batch=592 {"success":true,"platform":"shopee","merchant_id":"ffe8519e-49a2-467b-a0ec-57d28ba8be49","shop_id":"224882570","processed":20,"updated":20,"errors":0,"api_error":null,"upsert_errors":[],"next_after_id":"f264d4bb-6423-47cd-95f9-59e7be478917","has_more":true,"dry_run":false}
batch=593 {"success":true,"platform":"shopee","merchant_id":"ffe8519e-49a2-467b-a0ec-57d28ba8be49","shop_id":"224882570","processed":20,"updated":20,"errors":0,"api_error":null,"upsert_errors":[],"next_after_id":"f28e70b5-a83c-4b88-a761-6466f7bd2b72","has_more":true,"dry_run":false}
batch=594 {"success":true,"platform":"shopee","merchant_id":"ffe8519e-49a2-467b-a0ec-57d28ba8be49","shop_id":"224882570","processed":20,"updated":20,"errors":0,"api_error":null,"upsert_errors":[],"next_after_id":"f2af60a4-0c6f-4b2a-bfa1-ac08449fa7de","has_more":true,"dry_run":false}
batch=595 {"success":true,"platform":"shopee","merchant_id":"ffe8519e-49a2-467b-a0ec-57d28ba8be49","shop_id":"224882570","processed":20,"updated":20,"errors":0,"api_error":null,"upsert_errors":[],"next_after_id":"f2e49b71-943a-4679-9415-e30cf8f9867a","has_more":true,"dry_run":false}
batch=596 {"success":true,"platform":"shopee","merchant_id":"ffe8519e-49a2-467b-a0ec-57d28ba8be49","shop_id":"224882570","processed":20,"updated":20,"errors":0,"api_error":null,"upsert_errors":[],"next_after_id":"f316fe69-2694-455f-9726-06f3cdee50c1","has_more":true,"dry_run":false}
batch=597 {"success":true,"platform":"shopee","merchant_id":"ffe8519e-49a2-467b-a0ec-57d28ba8be49","shop_id":"224882570","processed":20,"updated":20,"errors":0,"api_error":null,"upsert_errors":[],"next_after_id":"f3465648-cc1a-4f8e-be2a-129fc5e562b8","has_more":true,"dry_run":false}
batch=598 {"success":true,"platform":"shopee","merchant_id":"ffe8519e-49a2-467b-a0ec-57d28ba8be49","shop_id":"224882570","processed":20,"updated":20,"errors":0,"api_error":null,"upsert_errors":[],"next_after_id":"f37a7d8b-774e-4ad3-8ddc-fa2a2fba324e","has_more":true,"dry_run":false}
batch=599 {"success":true,"platform":"shopee","merchant_id":"ffe8519e-49a2-467b-a0ec-57d28ba8be49","shop_id":"224882570","processed":20,"updated":20,"errors":0,"api_error":null,"upsert_errors":[],"next_after_id":"f39d6e15-4297-4363-ba6d-2767e40b090d","has_more":true,"dry_run":false}
batch=600 {"success":true,"platform":"shopee","merchant_id":"ffe8519e-49a2-467b-a0ec-57d28ba8be49","shop_id":"224882570","processed":20,"updated":20,"errors":0,"api_error":null,"upsert_errors":[],"next_after_id":"f3d27c4c-7c5d-4ad2-addb-d8aa6c84ce10","has_more":true,"dry_run":false}
batch=601 {"success":true,"platform":"shopee","merchant_id":"ffe8519e-49a2-467b-a0ec-57d28ba8be49","shop_id":"224882570","processed":20,"updated":20,"errors":0,"api_error":null,"upsert_errors":[],"next_after_id":"f3fcbc43-29f5-46aa-9b08-9bc562b2df2e","has_more":true,"dry_run":false}
batch=602 {"success":true,"platform":"shopee","merchant_id":"ffe8519e-49a2-467b-a0ec-57d28ba8be49","shop_id":"224882570","processed":20,"updated":20,"errors":0,"api_error":null,"upsert_errors":[],"next_after_id":"f41953de-05a7-4372-ac24-9ea99f585ee0","has_more":true,"dry_run":false}
batch=603 {"success":true,"platform":"shopee","merchant_id":"ffe8519e-49a2-467b-a0ec-57d28ba8be49","shop_id":"224882570","processed":20,"updated":20,"errors":0,"api_error":null,"upsert_errors":[],"next_after_id":"f43da427-a4e5-48b1-8e16-11a68a3723be","has_more":true,"dry_run":false}
batch=604 {"success":true,"platform":"shopee","merchant_id":"ffe8519e-49a2-467b-a0ec-57d28ba8be49","shop_id":"224882570","processed":20,"updated":20,"errors":0,"api_error":null,"upsert_errors":[],"next_after_id":"f46b11cd-e3c3-49ca-9c27-0a340b9da357","has_more":true,"dry_run":false}
batch=605 {"success":true,"platform":"shopee","merchant_id":"ffe8519e-49a2-467b-a0ec-57d28ba8be49","shop_id":"224882570","processed":20,"updated":20,"errors":0,"api_error":null,"upsert_errors":[],"next_after_id":"f4904c48-afb1-408c-8271-2b27bf151d54","has_more":true,"dry_run":false}
batch=606 {"success":true,"platform":"shopee","merchant_id":"ffe8519e-49a2-467b-a0ec-57d28ba8be49","shop_id":"224882570","processed":20,"updated":20,"errors":0,"api_error":null,"upsert_errors":[],"next_after_id":"f4ababf5-d3d6-46f3-a309-0b6d20421daf","has_more":true,"dry_run":false}
batch=607 {"success":true,"platform":"shopee","merchant_id":"ffe8519e-49a2-467b-a0ec-57d28ba8be49","shop_id":"224882570","processed":20,"updated":20,"errors":0,"api_error":null,"upsert_errors":[],"next_after_id":"f4d455bb-d251-4a93-8385-3b5814d887cf","has_more":true,"dry_run":false}
batch=608 {"success":true,"platform":"shopee","merchant_id":"ffe8519e-49a2-467b-a0ec-57d28ba8be49","shop_id":"224882570","processed":20,"updated":20,"errors":0,"api_error":null,"upsert_errors":[],"next_after_id":"f509f722-65bb-4e12-bd6a-f60b11dcc86c","has_more":true,"dry_run":false}
batch=609 {"success":true,"platform":"shopee","merchant_id":"ffe8519e-49a2-467b-a0ec-57d28ba8be49","shop_id":"224882570","processed":20,"updated":20,"errors":0,"api_error":null,"upsert_errors":[],"next_after_id":"f538136d-fbd4-415e-a9dc-a6cfe05057c4","has_more":true,"dry_run":false}
batch=610 {"success":true,"platform":"shopee","merchant_id":"ffe8519e-49a2-467b-a0ec-57d28ba8be49","shop_id":"224882570","processed":20,"updated":20,"errors":0,"api_error":null,"upsert_errors":[],"next_after_id":"f55bfaa9-e5ec-41fd-9ae3-84515b114551","has_more":true,"dry_run":false}
batch=611 {"success":true,"platform":"shopee","merchant_id":"ffe8519e-49a2-467b-a0ec-57d28ba8be49","shop_id":"224882570","processed":20,"updated":20,"errors":0,"api_error":null,"upsert_errors":[],"next_after_id":"f57df741-3890-4c22-850e-0a4a7d83fd5d","has_more":true,"dry_run":false}
batch=612 {"success":true,"platform":"shopee","merchant_id":"ffe8519e-49a2-467b-a0ec-57d28ba8be49","shop_id":"224882570","processed":20,"updated":20,"errors":0,"api_error":null,"upsert_errors":[],"next_after_id":"f5a0a720-7ca3-4a06-a92e-3add6ac3ccc1","has_more":true,"dry_run":false}
batch=613 {"success":true,"platform":"shopee","merchant_id":"ffe8519e-49a2-467b-a0ec-57d28ba8be49","shop_id":"224882570","processed":20,"updated":20,"errors":0,"api_error":null,"upsert_errors":[],"next_after_id":"f5ce1553-5a41-4353-9f84-4e8d4f419225","has_more":true,"dry_run":false}
batch=614 {"success":true,"platform":"shopee","merchant_id":"ffe8519e-49a2-467b-a0ec-57d28ba8be49","shop_id":"224882570","processed":20,"updated":20,"errors":0,"api_error":null,"upsert_errors":[],"next_after_id":"f6086d72-9729-47a0-9458-021a52f0b491","has_more":true,"dry_run":false}
batch=615 {"success":true,"platform":"shopee","merchant_id":"ffe8519e-49a2-467b-a0ec-57d28ba8be49","shop_id":"224882570","processed":20,"updated":20,"errors":0,"api_error":null,"upsert_errors":[],"next_after_id":"f639f5a4-ee13-4f96-ae90-5af5087dc28a","has_more":true,"dry_run":false}
batch=616 {"success":true,"platform":"shopee","merchant_id":"ffe8519e-49a2-467b-a0ec-57d28ba8be49","shop_id":"224882570","processed":20,"updated":20,"errors":0,"api_error":null,"upsert_errors":[],"next_after_id":"f662a454-811a-456d-965e-fa28b2170222","has_more":true,"dry_run":false}
batch=617 {"success":true,"platform":"shopee","merchant_id":"ffe8519e-49a2-467b-a0ec-57d28ba8be49","shop_id":"224882570","processed":20,"updated":20,"errors":0,"api_error":null,"upsert_errors":[],"next_after_id":"f67efbd1-c521-4b81-a233-ed9927756fe7","has_more":true,"dry_run":false}
batch=618 {"success":true,"platform":"shopee","merchant_id":"ffe8519e-49a2-467b-a0ec-57d28ba8be49","shop_id":"224882570","processed":20,"updated":20,"errors":0,"api_error":null,"upsert_errors":[],"next_after_id":"f6a2d0de-42b5-4c5b-abd7-3cfd74bb5ba2","has_more":true,"dry_run":false}
batch=619 {"success":true,"platform":"shopee","merchant_id":"ffe8519e-49a2-467b-a0ec-57d28ba8be49","shop_id":"224882570","processed":20,"updated":20,"errors":0,"api_error":null,"upsert_errors":[],"next_after_id":"f6ce5863-ba05-4b99-8bae-2adff8f73290","has_more":true,"dry_run":false}
batch=620 {"success":true,"platform":"shopee","merchant_id":"ffe8519e-49a2-467b-a0ec-57d28ba8be49","shop_id":"224882570","processed":20,"updated":20,"errors":0,"api_error":null,"upsert_errors":[],"next_after_id":"f70074b6-bd86-4db8-82e6-279319be1028","has_more":true,"dry_run":false}
batch=621 {"success":true,"platform":"shopee","merchant_id":"ffe8519e-49a2-467b-a0ec-57d28ba8be49","shop_id":"224882570","processed":20,"updated":20,"errors":0,"api_error":null,"upsert_errors":[],"next_after_id":"f72434dd-eb94-4438-897b-02a7692a3c92","has_more":true,"dry_run":false}
batch=622 {"success":true,"platform":"shopee","merchant_id":"ffe8519e-49a2-467b-a0ec-57d28ba8be49","shop_id":"224882570","processed":20,"updated":20,"errors":0,"api_error":null,"upsert_errors":[],"next_after_id":"f750cc56-fdb4-421f-a5a5-309e48993bed","has_more":true,"dry_run":false}
batch=623 {"success":true,"platform":"shopee","merchant_id":"ffe8519e-49a2-467b-a0ec-57d28ba8be49","shop_id":"224882570","processed":20,"updated":20,"errors":0,"api_error":null,"upsert_errors":[],"next_after_id":"f79251f9-bcee-411c-888a-ec24fdabd6dc","has_more":true,"dry_run":false}
batch=624 {"success":true,"platform":"shopee","merchant_id":"ffe8519e-49a2-467b-a0ec-57d28ba8be49","shop_id":"224882570","processed":20,"updated":20,"errors":0,"api_error":null,"upsert_errors":[],"next_after_id":"f7ba0f97-9484-456e-a3cf-29be928748cf","has_more":true,"dry_run":false}
batch=625 {"success":true,"platform":"shopee","merchant_id":"ffe8519e-49a2-467b-a0ec-57d28ba8be49","shop_id":"224882570","processed":20,"updated":20,"errors":0,"api_error":null,"upsert_errors":[],"next_after_id":"f7e4791c-0a68-4b3e-8060-ce101064a53b","has_more":true,"dry_run":false}
batch=626 {"success":true,"platform":"shopee","merchant_id":"ffe8519e-49a2-467b-a0ec-57d28ba8be49","shop_id":"224882570","processed":20,"updated":20,"errors":0,"api_error":null,"upsert_errors":[],"next_after_id":"f80d5100-0ebf-4e2b-b085-2b10a80a28e9","has_more":true,"dry_run":false}
batch=627 {"success":true,"platform":"shopee","merchant_id":"ffe8519e-49a2-467b-a0ec-57d28ba8be49","shop_id":"224882570","processed":20,"updated":20,"errors":0,"api_error":null,"upsert_errors":[],"next_after_id":"f844d758-ff04-4ad5-806f-a56cf2f594c2","has_more":true,"dry_run":false}
batch=628 {"success":true,"platform":"shopee","merchant_id":"ffe8519e-49a2-467b-a0ec-57d28ba8be49","shop_id":"224882570","processed":20,"updated":20,"errors":0,"api_error":null,"upsert_errors":[],"next_after_id":"f86614ee-ebb4-4905-a6e3-d566ac9f877a","has_more":true,"dry_run":false}
batch=629 {"success":true,"platform":"shopee","merchant_id":"ffe8519e-49a2-467b-a0ec-57d28ba8be49","shop_id":"224882570","processed":20,"updated":20,"errors":0,"api_error":null,"upsert_errors":[],"next_after_id":"f88cf8cc-d0d9-4a1b-ba01-0b639a6e82f4","has_more":true,"dry_run":false}
batch=630 {"success":true,"platform":"shopee","merchant_id":"ffe8519e-49a2-467b-a0ec-57d28ba8be49","shop_id":"224882570","processed":20,"updated":20,"errors":0,"api_error":null,"upsert_errors":[],"next_after_id":"f8ab5f25-33cb-4ef6-ae65-2b375d0fdc60","has_more":true,"dry_run":false}
batch=631 {"success":true,"platform":"shopee","merchant_id":"ffe8519e-49a2-467b-a0ec-57d28ba8be49","shop_id":"224882570","processed":20,"updated":20,"errors":0,"api_error":null,"upsert_errors":[],"next_after_id":"f8e2d6d2-50da-4e1f-8ae4-76a5a1cca5ef","has_more":true,"dry_run":false}
batch=632 {"success":true,"platform":"shopee","merchant_id":"ffe8519e-49a2-467b-a0ec-57d28ba8be49","shop_id":"224882570","processed":20,"updated":20,"errors":0,"api_error":null,"upsert_errors":[],"next_after_id":"f91231d5-5caf-4f54-a18a-34ae3dd50bb3","has_more":true,"dry_run":false}
batch=633 {"success":true,"platform":"shopee","merchant_id":"ffe8519e-49a2-467b-a0ec-57d28ba8be49","shop_id":"224882570","processed":20,"updated":20,"errors":0,"api_error":null,"upsert_errors":[],"next_after_id":"f938b4c3-9673-47a5-81b6-80ccc12bfa28","has_more":true,"dry_run":false}
batch=634 {"success":true,"platform":"shopee","merchant_id":"ffe8519e-49a2-467b-a0ec-57d28ba8be49","shop_id":"224882570","processed":20,"updated":20,"errors":0,"api_error":null,"upsert_errors":[],"next_after_id":"f964574e-fb68-4d46-bd48-621816eab20c","has_more":true,"dry_run":false}
batch=635 {"success":true,"platform":"shopee","merchant_id":"ffe8519e-49a2-467b-a0ec-57d28ba8be49","shop_id":"224882570","processed":20,"updated":20,"errors":0,"api_error":null,"upsert_errors":[],"next_after_id":"f99106fa-8770-43f3-a503-9c2ca68ff2ab","has_more":true,"dry_run":false}
batch=636 {"success":true,"platform":"shopee","merchant_id":"ffe8519e-49a2-467b-a0ec-57d28ba8be49","shop_id":"224882570","processed":20,"updated":20,"errors":0,"api_error":null,"upsert_errors":[],"next_after_id":"f9ba786d-9b82-48b4-9dbb-dd49c7cec367","has_more":true,"dry_run":false}
batch=637 {"success":true,"platform":"shopee","merchant_id":"ffe8519e-49a2-467b-a0ec-57d28ba8be49","shop_id":"224882570","processed":20,"updated":20,"errors":0,"api_error":null,"upsert_errors":[],"next_after_id":"f9f42d76-be6b-4409-bfa0-6a1aa78eacdb","has_more":true,"dry_run":false}
batch=638 {"success":true,"platform":"shopee","merchant_id":"ffe8519e-49a2-467b-a0ec-57d28ba8be49","shop_id":"224882570","processed":20,"updated":20,"errors":0,"api_error":null,"upsert_errors":[],"next_after_id":"fa161a66-3e68-491d-95ec-f46612a2c0fe","has_more":true,"dry_run":false}
batch=639 {"success":true,"platform":"shopee","merchant_id":"ffe8519e-49a2-467b-a0ec-57d28ba8be49","shop_id":"224882570","processed":20,"updated":20,"errors":0,"api_error":null,"upsert_errors":[],"next_after_id":"fa3b447f-f980-432c-8dac-38c3540e73b2","has_more":true,"dry_run":false}
batch=640 {"success":true,"platform":"shopee","merchant_id":"ffe8519e-49a2-467b-a0ec-57d28ba8be49","shop_id":"224882570","processed":20,"updated":20,"errors":0,"api_error":null,"upsert_errors":[],"next_after_id":"fa68c84f-43e7-4837-8b00-2fe18c94bde7","has_more":true,"dry_run":false}
batch=641 {"success":true,"platform":"shopee","merchant_id":"ffe8519e-49a2-467b-a0ec-57d28ba8be49","shop_id":"224882570","processed":20,"updated":20,"errors":0,"api_error":null,"upsert_errors":[],"next_after_id":"fa86acd3-67ef-4cad-87bb-7d06544b1eac","has_more":true,"dry_run":false}
batch=642 {"success":true,"platform":"shopee","merchant_id":"ffe8519e-49a2-467b-a0ec-57d28ba8be49","shop_id":"224882570","processed":20,"updated":20,"errors":0,"api_error":null,"upsert_errors":[],"next_after_id":"faa14aa8-9b1d-457a-bbaa-bd891e123342","has_more":true,"dry_run":false}
batch=643 {"success":true,"platform":"shopee","merchant_id":"ffe8519e-49a2-467b-a0ec-57d28ba8be49","shop_id":"224882570","processed":20,"updated":20,"errors":0,"api_error":null,"upsert_errors":[],"next_after_id":"fac8d574-336c-40a8-893a-ea3ac60b46a5","has_more":true,"dry_run":false}
batch=644 {"success":true,"platform":"shopee","merchant_id":"ffe8519e-49a2-467b-a0ec-57d28ba8be49","shop_id":"224882570","processed":20,"updated":20,"errors":0,"api_error":null,"upsert_errors":[],"next_after_id":"faf9db1e-f725-4934-a0c9-90a009b1f4c9","has_more":true,"dry_run":false}
batch=645 {"success":true,"platform":"shopee","merchant_id":"ffe8519e-49a2-467b-a0ec-57d28ba8be49","shop_id":"224882570","processed":20,"updated":20,"errors":0,"api_error":null,"upsert_errors":[],"next_after_id":"fb2008c8-e7f3-4a4b-a5ff-88b5bb3c8cdb","has_more":true,"dry_run":false}
batch=646 {"success":true,"platform":"shopee","merchant_id":"ffe8519e-49a2-467b-a0ec-57d28ba8be49","shop_id":"224882570","processed":20,"updated":20,"errors":0,"api_error":null,"upsert_errors":[],"next_after_id":"fb439c42-b9bd-42d8-bfb3-391299ba23aa","has_more":true,"dry_run":false}
batch=647 {"success":true,"platform":"shopee","merchant_id":"ffe8519e-49a2-467b-a0ec-57d28ba8be49","shop_id":"224882570","processed":20,"updated":20,"errors":0,"api_error":null,"upsert_errors":[],"next_after_id":"fb7c4a41-8daa-4bd9-ab9d-bd977d387231","has_more":true,"dry_run":false}
batch=648 {"success":true,"platform":"shopee","merchant_id":"ffe8519e-49a2-467b-a0ec-57d28ba8be49","shop_id":"224882570","processed":20,"updated":20,"errors":0,"api_error":null,"upsert_errors":[],"next_after_id":"fbb67776-f67a-4881-9577-5d19e22a73ba","has_more":true,"dry_run":false}
batch=649 {"success":true,"platform":"shopee","merchant_id":"ffe8519e-49a2-467b-a0ec-57d28ba8be49","shop_id":"224882570","processed":20,"updated":20,"errors":0,"api_error":null,"upsert_errors":[],"next_after_id":"fbdca124-f346-4c89-a20e-5e5078551027","has_more":true,"dry_run":false}
batch=650 {"success":true,"platform":"shopee","merchant_id":"ffe8519e-49a2-467b-a0ec-57d28ba8be49","shop_id":"224882570","processed":20,"updated":20,"errors":0,"api_error":null,"upsert_errors":[],"next_after_id":"fc1a58d2-ea19-40aa-a24b-f93045f2b7f9","has_more":true,"dry_run":false}
batch=651 {"success":true,"platform":"shopee","merchant_id":"ffe8519e-49a2-467b-a0ec-57d28ba8be49","shop_id":"224882570","processed":20,"updated":20,"errors":0,"api_error":null,"upsert_errors":[],"next_after_id":"fc3ee4ca-f3bb-4a3d-aec9-cfb29c849928","has_more":true,"dry_run":false}
batch=652 {"success":true,"platform":"shopee","merchant_id":"ffe8519e-49a2-467b-a0ec-57d28ba8be49","shop_id":"224882570","processed":20,"updated":20,"errors":0,"api_error":null,"upsert_errors":[],"next_after_id":"fc664921-220b-4042-aaf3-48064fece311","has_more":true,"dry_run":false}
batch=653 {"success":true,"platform":"shopee","merchant_id":"ffe8519e-49a2-467b-a0ec-57d28ba8be49","shop_id":"224882570","processed":20,"updated":20,"errors":0,"api_error":null,"upsert_errors":[],"next_after_id":"fc861e01-06b6-4c9d-b35c-2b8998996c0f","has_more":true,"dry_run":false}
batch=654 {"success":true,"platform":"shopee","merchant_id":"ffe8519e-49a2-467b-a0ec-57d28ba8be49","shop_id":"224882570","processed":20,"updated":20,"errors":0,"api_error":null,"upsert_errors":[],"next_after_id":"fca999ea-0755-4806-8019-3268f2ad106e","has_more":true,"dry_run":false}
batch=655 {"success":true,"platform":"shopee","merchant_id":"ffe8519e-49a2-467b-a0ec-57d28ba8be49","shop_id":"224882570","processed":20,"updated":20,"errors":0,"api_error":null,"upsert_errors":[],"next_after_id":"fcd9216d-dfc9-4b17-b161-a96c6c8c4565","has_more":true,"dry_run":false}
batch=656 {"success":true,"platform":"shopee","merchant_id":"ffe8519e-49a2-467b-a0ec-57d28ba8be49","shop_id":"224882570","processed":20,"updated":20,"errors":0,"api_error":null,"upsert_errors":[],"next_after_id":"fd06ba1c-d4ff-4ffb-b74e-3d9c563146c5","has_more":true,"dry_run":false}
batch=657 {"success":true,"platform":"shopee","merchant_id":"ffe8519e-49a2-467b-a0ec-57d28ba8be49","shop_id":"224882570","processed":20,"updated":20,"errors":0,"api_error":null,"upsert_errors":[],"next_after_id":"fd2c3f3f-a2a0-4141-972d-2dad764a7ad4","has_more":true,"dry_run":false}
batch=658 {"success":true,"platform":"shopee","merchant_id":"ffe8519e-49a2-467b-a0ec-57d28ba8be49","shop_id":"224882570","processed":20,"updated":20,"errors":0,"api_error":null,"upsert_errors":[],"next_after_id":"fd53910d-0361-460f-a6e5-a03897f62d43","has_more":true,"dry_run":false}
batch=659 {"success":true,"platform":"shopee","merchant_id":"ffe8519e-49a2-467b-a0ec-57d28ba8be49","shop_id":"224882570","processed":20,"updated":20,"errors":0,"api_error":null,"upsert_errors":[],"next_after_id":"fd6d85c1-00fd-4f68-a5d3-c37f7bcd6644","has_more":true,"dry_run":false}
batch=660 {"success":true,"platform":"shopee","merchant_id":"ffe8519e-49a2-467b-a0ec-57d28ba8be49","shop_id":"224882570","processed":20,"updated":20,"errors":0,"api_error":null,"upsert_errors":[],"next_after_id":"fd967fbf-6d6e-4729-bf3a-39f1c9138fa5","has_more":true,"dry_run":false}
batch=661 {"success":true,"platform":"shopee","merchant_id":"ffe8519e-49a2-467b-a0ec-57d28ba8be49","shop_id":"224882570","processed":20,"updated":20,"errors":0,"api_error":null,"upsert_errors":[],"next_after_id":"fdbe11f6-1e87-4137-903b-d467f46b4498","has_more":true,"dry_run":false}
batch=662 {"success":true,"platform":"shopee","merchant_id":"ffe8519e-49a2-467b-a0ec-57d28ba8be49","shop_id":"224882570","processed":20,"updated":20,"errors":0,"api_error":null,"upsert_errors":[],"next_after_id":"fdeea1ce-36d3-464d-9edc-7e9d448d64d7","has_more":true,"dry_run":false}
batch=663 {"success":true,"platform":"shopee","merchant_id":"ffe8519e-49a2-467b-a0ec-57d28ba8be49","shop_id":"224882570","processed":20,"updated":20,"errors":0,"api_error":null,"upsert_errors":[],"next_after_id":"fe117b9c-3bc0-4d28-b44a-83c44fb739f8","has_more":true,"dry_run":false}
batch=664 {"success":true,"platform":"shopee","merchant_id":"ffe8519e-49a2-467b-a0ec-57d28ba8be49","shop_id":"224882570","processed":20,"updated":20,"errors":0,"api_error":null,"upsert_errors":[],"next_after_id":"fe4e7519-114c-4677-8d42-f1228bef9930","has_more":true,"dry_run":false}
batch=665 {"success":true,"platform":"shopee","merchant_id":"ffe8519e-49a2-467b-a0ec-57d28ba8be49","shop_id":"224882570","processed":20,"updated":20,"errors":0,"api_error":null,"upsert_errors":[],"next_after_id":"fe7d1972-4b50-46bd-b5ec-5a33a7272ae9","has_more":true,"dry_run":false}
batch=666 {"success":true,"platform":"shopee","merchant_id":"ffe8519e-49a2-467b-a0ec-57d28ba8be49","shop_id":"224882570","processed":20,"updated":20,"errors":0,"api_error":null,"upsert_errors":[],"next_after_id":"febf5920-1d23-4b39-a5fb-a864db2b5918","has_more":true,"dry_run":false}
batch=667 {"success":true,"platform":"shopee","merchant_id":"ffe8519e-49a2-467b-a0ec-57d28ba8be49","shop_id":"224882570","processed":20,"updated":20,"errors":0,"api_error":null,"upsert_errors":[],"next_after_id":"fefc5db6-7612-47b6-80ce-af57e2cc7a97","has_more":true,"dry_run":false}
batch=668 {"success":true,"platform":"shopee","merchant_id":"ffe8519e-49a2-467b-a0ec-57d28ba8be49","shop_id":"224882570","processed":20,"updated":20,"errors":0,"api_error":null,"upsert_errors":[],"next_after_id":"ff313fdb-49e8-4f49-b4c0-d18d4e57a801","has_more":true,"dry_run":false}
batch=669 {"success":true,"platform":"shopee","merchant_id":"ffe8519e-49a2-467b-a0ec-57d28ba8be49","shop_id":"224882570","processed":20,"updated":20,"errors":0,"api_error":null,"upsert_errors":[],"next_after_id":"ff67142d-ceb1-4cce-96c8-ad07002174e0","has_more":true,"dry_run":false}
batch=670 {"success":true,"platform":"shopee","merchant_id":"ffe8519e-49a2-467b-a0ec-57d28ba8be49","shop_id":"224882570","processed":20,"updated":20,"errors":0,"api_error":null,"upsert_errors":[],"next_after_id":"ff9e18e9-9186-45d3-ae50-69dcda363d6d","has_more":true,"dry_run":false}
batch=671 {"success":true,"platform":"shopee","merchant_id":"ffe8519e-49a2-467b-a0ec-57d28ba8be49","shop_id":"224882570","processed":20,"updated":20,"errors":0,"api_error":null,"upsert_errors":[],"next_after_id":"ffc96576-2e6f-4d5f-998c-5943792d1715","has_more":true,"dry_run":false}
batch=672 {"success":true,"platform":"shopee","merchant_id":"ffe8519e-49a2-467b-a0ec-57d28ba8be49","shop_id":"224882570","processed":20,"updated":20,"errors":0,"api_error":null,"upsert_errors":[],"next_after_id":"fffd3618-3641-40e8-8bd6-996cc06fe294","has_more":true,"dry_run":false}
batch=673 {"success":true,"platform":"shopee","merchant_id":"ffe8519e-49a2-467b-a0ec-57d28ba8be49","shop_id":"224882570","processed":0,"updated":0,"errors":0,"has_more":false,"dry_run":false}
done platform=shopee updated=13439 batches=673
