batch=1 {"success":true,"platform":"shopee","merchant_id":"ffe8519e-49a2-467b-a0ec-57d28ba8be49","shop_id":"224882570","processed":20,"updated":20,"errors":0,"api_error":null,"upsert_errors":[],"next_after_id":"0435f6e5-7140-4c42-9003-64b6a65389cd","has_more":true,"dry_run":false}
batch=2 {"success":true,"platform":"shopee","merchant_id":"ffe8519e-49a2-467b-a0ec-57d28ba8be49","shop_id":"224882570","processed":20,"updated":20,"errors":0,"api_error":null,"upsert_errors":[],"next_after_id":"04537f1a-76bd-4c06-ba1b-3b1d320c3119","has_more":true,"dry_run":false}
batch=3 {"success":true,"platform":"shopee","merchant_id":"ffe8519e-49a2-467b-a0ec-57d28ba8be49","shop_id":"224882570","processed":20,"updated":20,"errors":0,"api_error":null,"upsert_errors":[],"next_after_id":"04797316-c684-437f-ad58-5b6abdb70610","has_more":true,"dry_run":false}
batch=4 {"success":true,"platform":"shopee","merchant_id":"ffe8519e-49a2-467b-a0ec-57d28ba8be49","shop_id":"224882570","processed":20,"updated":20,"errors":0,"api_error":null,"upsert_errors":[],"next_after_id":"04a5bebb-7820-4cc2-91df-ecaf9ec4f846","has_more":true,"dry_run":false}
batch=5 {"success":true,"platform":"shopee","merchant_id":"ffe8519e-49a2-467b-a0ec-57d28ba8be49","shop_id":"224882570","processed":20,"updated":20,"errors":0,"api_error":null,"upsert_errors":[],"next_after_id":"04d9b5dc-d6ec-44b3-a51d-fd45b92d1dd7","has_more":true,"dry_run":false}
batch=6 {"success":true,"platform":"shopee","merchant_id":"ffe8519e-49a2-467b-a0ec-57d28ba8be49","shop_id":"224882570","processed":20,"updated":20,"errors":0,"api_error":null,"upsert_errors":[],"next_after_id":"050f57ff-7cac-4078-9b6a-b911b18e0850","has_more":true,"dry_run":false}
batch=7 {"success":true,"platform":"shopee","merchant_id":"ffe8519e-49a2-467b-a0ec-57d28ba8be49","shop_id":"224882570","processed":20,"updated":20,"errors":0,"api_error":null,"upsert_errors":[],"next_after_id":"05409cec-a623-4b8d-9a7b-0b237402324f","has_more":true,"dry_run":false}
batch=8 {"success":true,"platform":"shopee","merchant_id":"ffe8519e-49a2-467b-a0ec-57d28ba8be49","shop_id":"224882570","processed":20,"updated":20,"errors":0,"api_error":null,"upsert_errors":[],"next_after_id":"0569ea78-74c4-441b-bef4-bb7839d18498","has_more":true,"dry_run":false}
batch=9 {"success":true,"platform":"shopee","merchant_id":"ffe8519e-49a2-467b-a0ec-57d28ba8be49","shop_id":"224882570","processed":20,"updated":20,"errors":0,"api_error":null,"upsert_errors":[],"next_after_id":"05961cd6-ec24-41bb-88e4-e110f3408d14","has_more":true,"dry_run":false}
batch=10 {"success":true,"platform":"shopee","merchant_id":"ffe8519e-49a2-467b-a0ec-57d28ba8be49","shop_id":"224882570","processed":20,"updated":20,"errors":0,"api_error":null,"upsert_errors":[],"next_after_id":"05d2a607-49ed-4ca5-9a0f-4b77f1cb65d0","has_more":true,"dry_run":false}
batch=11 {"success":true,"platform":"shopee","merchant_id":"ffe8519e-49a2-467b-a0ec-57d28ba8be49","shop_id":"224882570","processed":20,"updated":20,"errors":0,"api_error":null,"upsert_errors":[],"next_after_id":"05ec0d86-d1fd-466a-9a59-eb8ff4aa3e70","has_more":true,"dry_run":false}
batch=12 {"success":true,"platform":"shopee","merchant_id":"ffe8519e-49a2-467b-a0ec-57d28ba8be49","shop_id":"224882570","processed":20,"updated":20,"errors":0,"api_error":null,"upsert_errors":[],"next_after_id":"061e9af9-8050-462f-86f3-ca85beaffd5f","has_more":true,"dry_run":false}
batch=13 {"success":true,"platform":"shopee","merchant_id":"ffe8519e-49a2-467b-a0ec-57d28ba8be49","shop_id":"224882570","processed":20,"updated":20,"errors":0,"api_error":null,"upsert_errors":[],"next_after_id":"06479558-cad7-4e19-83b9-f0a60d60b4b6","has_more":true,"dry_run":false}
batch=14 {"success":true,"platform":"shopee","merchant_id":"ffe8519e-49a2-467b-a0ec-57d28ba8be49","shop_id":"224882570","processed":20,"updated":20,"errors":0,"api_error":null,"upsert_errors":[],"next_after_id":"067aff94-ee3b-48d7-88af-e674dc725886","has_more":true,"dry_run":false}
batch=15 {"success":true,"platform":"shopee","merchant_id":"ffe8519e-49a2-467b-a0ec-57d28ba8be49","shop_id":"224882570","processed":20,"updated":20,"errors":0,"api_error":null,"upsert_errors":[],"next_after_id":"069c6c1b-40aa-46a2-bf41-e50ce371255f","has_more":true,"dry_run":false}
batch=16 {"success":true,"platform":"shopee","merchant_id":"ffe8519e-49a2-467b-a0ec-57d28ba8be49","shop_id":"224882570","processed":20,"updated":20,"errors":0,"api_error":null,"upsert_errors":[],"next_after_id":"06d6dd06-b6d1-4831-889d-4286d16469ed","has_more":true,"dry_run":false}
batch=17 {"success":true,"platform":"shopee","merchant_id":"ffe8519e-49a2-467b-a0ec-57d28ba8be49","shop_id":"224882570","processed":20,"updated":20,"errors":0,"api_error":null,"upsert_errors":[],"next_after_id":"06fc8b4c-7e9e-4321-aa79-2d94a956c5cc","has_more":true,"dry_run":false}
batch=18 {"success":true,"platform":"shopee","merchant_id":"ffe8519e-49a2-467b-a0ec-57d28ba8be49","shop_id":"224882570","processed":20,"updated":20,"errors":0,"api_error":null,"upsert_errors":[],"next_after_id":"0727e178-be17-4e3c-8b3f-0fb4b518c05c","has_more":true,"dry_run":false}
batch=19 {"success":true,"platform":"shopee","merchant_id":"ffe8519e-49a2-467b-a0ec-57d28ba8be49","shop_id":"224882570","processed":20,"updated":20,"errors":0,"api_error":null,"upsert_errors":[],"next_after_id":"074ceeba-02bf-4523-a2cc-8b8353401a78","has_more":true,"dry_run":false}
batch=20 {"success":true,"platform":"shopee","merchant_id":"ffe8519e-49a2-467b-a0ec-57d28ba8be49","shop_id":"224882570","processed":20,"updated":20,"errors":0,"api_error":null,"upsert_errors":[],"next_after_id":"07711571-ff44-45b0-8fc3-cadfcb2233c9","has_more":true,"dry_run":false}
batch=21 {"success":true,"platform":"shopee","merchant_id":"ffe8519e-49a2-467b-a0ec-57d28ba8be49","shop_id":"224882570","processed":20,"updated":20,"errors":0,"api_error":null,"upsert_errors":[],"next_after_id":"07a8866b-28a3-48b8-9322-67ba7611c370","has_more":true,"dry_run":false}
batch=22 {"success":true,"platform":"shopee","merchant_id":"ffe8519e-49a2-467b-a0ec-57d28ba8be49","shop_id":"224882570","processed":20,"updated":20,"errors":0,"api_error":null,"upsert_errors":[],"next_after_id":"07d216cb-85c9-468f-916d-dda5ecaf5c6c","has_more":true,"dry_run":false}
batch=23 {"success":true,"platform":"shopee","merchant_id":"ffe8519e-49a2-467b-a0ec-57d28ba8be49","shop_id":"224882570","processed":20,"updated":20,"errors":0,"api_error":null,"upsert_errors":[],"next_after_id":"07f5208c-815b-4104-a081-fa7f790793ce","has_more":true,"dry_run":false}
batch=24 {"success":true,"platform":"shopee","merchant_id":"ffe8519e-49a2-467b-a0ec-57d28ba8be49","shop_id":"224882570","processed":20,"updated":20,"errors":0,"api_error":null,"upsert_errors":[],"next_after_id":"08202d28-3d73-459e-8e03-0a8d81a88196","has_more":true,"dry_run":false}
batch=25 {"success":true,"platform":"shopee","merchant_id":"ffe8519e-49a2-467b-a0ec-57d28ba8be49","shop_id":"224882570","processed":20,"updated":20,"errors":0,"api_error":null,"upsert_errors":[],"next_after_id":"085e622d-f9ae-436c-ab5b-56e6289f5a1e","has_more":true,"dry_run":false}
batch=26 {"success":true,"platform":"shopee","merchant_id":"ffe8519e-49a2-467b-a0ec-57d28ba8be49","shop_id":"224882570","processed":20,"updated":20,"errors":0,"api_error":null,"upsert_errors":[],"next_after_id":"088138f5-dd89-4e9c-8869-1fb8cca9462b","has_more":true,"dry_run":false}
batch=27 {"success":true,"platform":"shopee","merchant_id":"ffe8519e-49a2-467b-a0ec-57d28ba8be49","shop_id":"224882570","processed":20,"updated":20,"errors":0,"api_error":null,"upsert_errors":[],"next_after_id":"08bf510f-218d-472f-a011-ca721f236f47","has_more":true,"dry_run":false}
batch=28 {"success":true,"platform":"shopee","merchant_id":"ffe8519e-49a2-467b-a0ec-57d28ba8be49","shop_id":"224882570","processed":20,"updated":20,"errors":0,"api_error":null,"upsert_errors":[],"next_after_id":"08e4e1c6-b20e-4c5e-9575-f048c510e1bc","has_more":true,"dry_run":false}
batch=29 {"success":true,"platform":"shopee","merchant_id":"ffe8519e-49a2-467b-a0ec-57d28ba8be49","shop_id":"224882570","processed":20,"updated":20,"errors":0,"api_error":null,"upsert_errors":[],"next_after_id":"091f9228-2482-4967-94bf-439fa91063d9","has_more":true,"dry_run":false}
batch=30 {"success":true,"platform":"shopee","merchant_id":"ffe8519e-49a2-467b-a0ec-57d28ba8be49","shop_id":"224882570","processed":20,"updated":20,"errors":0,"api_error":null,"upsert_errors":[],"next_after_id":"0976f2ef-3070-481e-a2a3-0d6d1fcf51f6","has_more":true,"dry_run":false}
batch=31 {"success":true,"platform":"shopee","merchant_id":"ffe8519e-49a2-467b-a0ec-57d28ba8be49","shop_id":"224882570","processed":20,"updated":20,"errors":0,"api_error":null,"upsert_errors":[],"next_after_id":"09a6400a-a7cc-4b02-809e-3937de475960","has_more":true,"dry_run":false}
batch=32 {"success":true,"platform":"shopee","merchant_id":"ffe8519e-49a2-467b-a0ec-57d28ba8be49","shop_id":"224882570","processed":20,"updated":20,"errors":0,"api_error":null,"upsert_errors":[],"next_after_id":"09ce89ff-6c40-47e8-8010-24fc2586dde9","has_more":true,"dry_run":false}
batch=33 {"success":true,"platform":"shopee","merchant_id":"ffe8519e-49a2-467b-a0ec-57d28ba8be49","shop_id":"224882570","processed":20,"updated":20,"errors":0,"api_error":null,"upsert_errors":[],"next_after_id":"09fb33e1-a52b-47eb-beac-89ad34bde4b1","has_more":true,"dry_run":false}
batch=34 {"success":true,"platform":"shopee","merchant_id":"ffe8519e-49a2-467b-a0ec-57d28ba8be49","shop_id":"224882570","processed":20,"updated":20,"errors":0,"api_error":null,"upsert_errors":[],"next_after_id":"0a1f3a5a-31f8-45cb-b27c-ae764e2dd421","has_more":true,"dry_run":false}
batch=35 {"success":true,"platform":"shopee","merchant_id":"ffe8519e-49a2-467b-a0ec-57d28ba8be49","shop_id":"224882570","processed":20,"updated":20,"errors":0,"api_error":null,"upsert_errors":[],"next_after_id":"0a5288d8-be2b-486d-8d78-cac2ccdaf9f3","has_more":true,"dry_run":false}
batch=36 {"success":true,"platform":"shopee","merchant_id":"ffe8519e-49a2-467b-a0ec-57d28ba8be49","shop_id":"224882570","processed":20,"updated":20,"errors":0,"api_error":null,"upsert_errors":[],"next_after_id":"0a8b2e9b-0815-48e3-9ff9-c9381202401a","has_more":true,"dry_run":false}
batch=37 {"success":true,"platform":"shopee","merchant_id":"ffe8519e-49a2-467b-a0ec-57d28ba8be49","shop_id":"224882570","processed":20,"updated":20,"errors":0,"api_error":null,"upsert_errors":[],"next_after_id":"0aa8cd6b-7c16-4764-af1d-e676cc961588","has_more":true,"dry_run":false}
batch=38 {"success":true,"platform":"shopee","merchant_id":"ffe8519e-49a2-467b-a0ec-57d28ba8be49","shop_id":"224882570","processed":20,"updated":20,"errors":0,"api_error":null,"upsert_errors":[],"next_after_id":"0ad4ecc0-edcf-4094-a694-0ab415834855","has_more":true,"dry_run":false}
batch=39 {"success":true,"platform":"shopee","merchant_id":"ffe8519e-49a2-467b-a0ec-57d28ba8be49","shop_id":"224882570","processed":20,"updated":20,"errors":0,"api_error":null,"upsert_errors":[],"next_after_id":"0afdad69-538d-4f9f-9ebc-656788d5b4e8","has_more":true,"dry_run":false}
batch=40 {"success":true,"platform":"shopee","merchant_id":"ffe8519e-49a2-467b-a0ec-57d28ba8be49","shop_id":"224882570","processed":20,"updated":20,"errors":0,"api_error":null,"upsert_errors":[],"next_after_id":"0b21b117-9f20-4e41-8a04-8dd37acebed4","has_more":true,"dry_run":false}
batch=41 {"success":true,"platform":"shopee","merchant_id":"ffe8519e-49a2-467b-a0ec-57d28ba8be49","shop_id":"224882570","processed":20,"updated":20,"errors":0,"api_error":null,"upsert_errors":[],"next_after_id":"0b471b9a-2728-4be7-80c1-cd66314ba322","has_more":true,"dry_run":false}
batch=42 {"success":true,"platform":"shopee","merchant_id":"ffe8519e-49a2-467b-a0ec-57d28ba8be49","shop_id":"224882570","processed":20,"updated":20,"errors":0,"api_error":null,"upsert_errors":[],"next_after_id":"0b63ab4b-374e-4ef6-83ea-d46f0b390a1e","has_more":true,"dry_run":false}
batch=43 {"success":true,"platform":"shopee","merchant_id":"ffe8519e-49a2-467b-a0ec-57d28ba8be49","shop_id":"224882570","processed":20,"updated":20,"errors":0,"api_error":null,"upsert_errors":[],"next_after_id":"0b896017-4dc9-4e1f-a90f-3c0883b8de04","has_more":true,"dry_run":false}
batch=44 {"success":true,"platform":"shopee","merchant_id":"ffe8519e-49a2-467b-a0ec-57d28ba8be49","shop_id":"224882570","processed":20,"updated":20,"errors":0,"api_error":null,"upsert_errors":[],"next_after_id":"0baed43c-4a95-4f18-8e84-b9de50506851","has_more":true,"dry_run":false}
batch=45 {"success":true,"platform":"shopee","merchant_id":"ffe8519e-49a2-467b-a0ec-57d28ba8be49","shop_id":"224882570","processed":20,"updated":20,"errors":0,"api_error":null,"upsert_errors":[],"next_after_id":"0bdbebd1-8bc8-4021-aa10-867ef6445f62","has_more":true,"dry_run":false}
batch=46 {"success":true,"platform":"shopee","merchant_id":"ffe8519e-49a2-467b-a0ec-57d28ba8be49","shop_id":"224882570","processed":20,"updated":20,"errors":0,"api_error":null,"upsert_errors":[],"next_after_id":"0c022e9f-32f6-4a57-90b4-60082997bde2","has_more":true,"dry_run":false}
batch=47 {"success":true,"platform":"shopee","merchant_id":"ffe8519e-49a2-467b-a0ec-57d28ba8be49","shop_id":"224882570","processed":20,"updated":20,"errors":0,"api_error":null,"upsert_errors":[],"next_after_id":"0c304e8a-9483-46ff-827f-5c0dad4b58a6","has_more":true,"dry_run":false}
batch=48 {"success":true,"platform":"shopee","merchant_id":"ffe8519e-49a2-467b-a0ec-57d28ba8be49","shop_id":"224882570","processed":20,"updated":20,"errors":0,"api_error":null,"upsert_errors":[],"next_after_id":"0c6adfbf-7eb7-4bfe-ba31-eafe56a7a1c4","has_more":true,"dry_run":false}
batch=49 {"success":true,"platform":"shopee","merchant_id":"ffe8519e-49a2-467b-a0ec-57d28ba8be49","shop_id":"224882570","processed":20,"updated":20,"errors":0,"api_error":null,"upsert_errors":[],"next_after_id":"0c96e019-f2f4-4530-a7cf-91e24003acc9","has_more":true,"dry_run":false}
batch=50 {"success":true,"platform":"shopee","merchant_id":"ffe8519e-49a2-467b-a0ec-57d28ba8be49","shop_id":"224882570","processed":20,"updated":20,"errors":0,"api_error":null,"upsert_errors":[],"next_after_id":"0cba16a2-b220-4ac0-bc91-0fa8927db477","has_more":true,"dry_run":false}
batch=51 {"success":true,"platform":"shopee","merchant_id":"ffe8519e-49a2-467b-a0ec-57d28ba8be49","shop_id":"224882570","processed":20,"updated":20,"errors":0,"api_error":null,"upsert_errors":[],"next_after_id":"0cfa6d01-f152-4b98-9591-82cadb7b35f2","has_more":true,"dry_run":false}
batch=52 {"success":true,"platform":"shopee","merchant_id":"ffe8519e-49a2-467b-a0ec-57d28ba8be49","shop_id":"224882570","processed":20,"updated":20,"errors":0,"api_error":null,"upsert_errors":[],"next_after_id":"0d228f81-f244-4f40-aef1-48394325a900","has_more":true,"dry_run":false}
batch=53 {"success":true,"platform":"shopee","merchant_id":"ffe8519e-49a2-467b-a0ec-57d28ba8be49","shop_id":"224882570","processed":20,"updated":20,"errors":0,"api_error":null,"upsert_errors":[],"next_after_id":"0d4e3401-5179-459c-b15b-6a9af32163b6","has_more":true,"dry_run":false}
batch=54 {"success":true,"platform":"shopee","merchant_id":"ffe8519e-49a2-467b-a0ec-57d28ba8be49","shop_id":"224882570","processed":20,"updated":20,"errors":0,"api_error":null,"upsert_errors":[],"next_after_id":"0d81cc37-a67c-45a1-955e-581b23bbfd02","has_more":true,"dry_run":false}
batch=55 {"success":true,"platform":"shopee","merchant_id":"ffe8519e-49a2-467b-a0ec-57d28ba8be49","shop_id":"224882570","processed":20,"updated":20,"errors":0,"api_error":null,"upsert_errors":[],"next_after_id":"0d9bd6ae-6a96-4ed8-8a18-801bef3cdce4","has_more":true,"dry_run":false}
batch=56 {"success":true,"platform":"shopee","merchant_id":"ffe8519e-49a2-467b-a0ec-57d28ba8be49","shop_id":"224882570","processed":20,"updated":20,"errors":0,"api_error":null,"upsert_errors":[],"next_after_id":"0dce2ca9-d55b-4bd8-9f63-6dbc372687f6","has_more":true,"dry_run":false}
batch=57 {"success":true,"platform":"shopee","merchant_id":"ffe8519e-49a2-467b-a0ec-57d28ba8be49","shop_id":"224882570","processed":20,"updated":20,"errors":0,"api_error":null,"upsert_errors":[],"next_after_id":"0e00e71b-4cd0-4d04-b82d-9e4eaaea727d","has_more":true,"dry_run":false}
batch=58 {"success":true,"platform":"shopee","merchant_id":"ffe8519e-49a2-467b-a0ec-57d28ba8be49","shop_id":"224882570","processed":20,"updated":20,"errors":0,"api_error":null,"upsert_errors":[],"next_after_id":"0e2c4ad6-b9fd-4795-96c0-0ce74303c06b","has_more":true,"dry_run":false}
batch=59 {"success":true,"platform":"shopee","merchant_id":"ffe8519e-49a2-467b-a0ec-57d28ba8be49","shop_id":"224882570","processed":20,"updated":20,"errors":0,"api_error":null,"upsert_errors":[],"next_after_id":"0e5ce244-96aa-406f-8c87-e2619de5f496","has_more":true,"dry_run":false}
batch=60 {"success":true,"platform":"shopee","merchant_id":"ffe8519e-49a2-467b-a0ec-57d28ba8be49","shop_id":"224882570","processed":20,"updated":20,"errors":0,"api_error":null,"upsert_errors":[],"next_after_id":"0e84efc2-55f5-4499-b443-e407fea699ac","has_more":true,"dry_run":false}
batch=61 {"success":true,"platform":"shopee","merchant_id":"ffe8519e-49a2-467b-a0ec-57d28ba8be49","shop_id":"224882570","processed":20,"updated":20,"errors":0,"api_error":null,"upsert_errors":[],"next_after_id":"0ead711c-3d88-42ba-bacb-e9e7ae45a35b","has_more":true,"dry_run":false}
batch=62 {"success":true,"platform":"shopee","merchant_id":"ffe8519e-49a2-467b-a0ec-57d28ba8be49","shop_id":"224882570","processed":20,"updated":20,"errors":0,"api_error":null,"upsert_errors":[],"next_after_id":"0ed5a49b-c795-4251-8b0c-846b428ecf99","has_more":true,"dry_run":false}
batch=63 {"success":true,"platform":"shopee","merchant_id":"ffe8519e-49a2-467b-a0ec-57d28ba8be49","shop_id":"224882570","processed":20,"updated":20,"errors":0,"api_error":null,"upsert_errors":[],"next_after_id":"0ef72d11-0644-40fd-8ba3-a4e20d07519c","has_more":true,"dry_run":false}
batch=64 {"success":true,"platform":"shopee","merchant_id":"ffe8519e-49a2-467b-a0ec-57d28ba8be49","shop_id":"224882570","processed":20,"updated":20,"errors":0,"api_error":null,"upsert_errors":[],"next_after_id":"0f537870-19a6-4558-8ec5-1f4d8c3a2804","has_more":true,"dry_run":false}
batch=65 {"success":true,"platform":"shopee","merchant_id":"ffe8519e-49a2-467b-a0ec-57d28ba8be49","shop_id":"224882570","processed":20,"updated":20,"errors":0,"api_error":null,"upsert_errors":[],"next_after_id":"0f75bd11-7875-48f1-935a-5bd805840806","has_more":true,"dry_run":false}
batch=66 {"success":true,"platform":"shopee","merchant_id":"ffe8519e-49a2-467b-a0ec-57d28ba8be49","shop_id":"224882570","processed":20,"updated":20,"errors":0,"api_error":null,"upsert_errors":[],"next_after_id":"0fa70dab-982b-4d7e-ae45-d413c106cc91","has_more":true,"dry_run":false}
batch=67 {"success":true,"platform":"shopee","merchant_id":"ffe8519e-49a2-467b-a0ec-57d28ba8be49","shop_id":"224882570","processed":20,"updated":20,"errors":0,"api_error":null,"upsert_errors":[],"next_after_id":"0fcbb25b-ed58-4146-a7ee-b230c0580b04","has_more":true,"dry_run":false}
batch=68 {"success":true,"platform":"shopee","merchant_id":"ffe8519e-49a2-467b-a0ec-57d28ba8be49","shop_id":"224882570","processed":20,"updated":20,"errors":0,"api_error":null,"upsert_errors":[],"next_after_id":"0fe58468-7cc5-4ff2-9313-a1a70aef4130","has_more":true,"dry_run":false}
batch=69 {"success":true,"platform":"shopee","merchant_id":"ffe8519e-49a2-467b-a0ec-57d28ba8be49","shop_id":"224882570","processed":20,"updated":20,"errors":0,"api_error":null,"upsert_errors":[],"next_after_id":"10131df6-1a67-4ba0-bdf5-e9612206f5e6","has_more":true,"dry_run":false}
batch=70 {"success":true,"platform":"shopee","merchant_id":"ffe8519e-49a2-467b-a0ec-57d28ba8be49","shop_id":"224882570","processed":20,"updated":20,"errors":0,"api_error":null,"upsert_errors":[],"next_after_id":"103349c3-e2c1-478f-ac6e-c9df5e60f9cb","has_more":true,"dry_run":false}
batch=71 {"success":true,"platform":"shopee","merchant_id":"ffe8519e-49a2-467b-a0ec-57d28ba8be49","shop_id":"224882570","processed":20,"updated":20,"errors":0,"api_error":null,"upsert_errors":[],"next_after_id":"105c8a14-e874-4c3b-ab8d-339eeacc48be","has_more":true,"dry_run":false}
batch=72 {"success":true,"platform":"shopee","merchant_id":"ffe8519e-49a2-467b-a0ec-57d28ba8be49","shop_id":"224882570","processed":20,"updated":20,"errors":0,"api_error":null,"upsert_errors":[],"next_after_id":"10926111-1f2f-4fe4-b330-8f1a52c9d3d5","has_more":true,"dry_run":false}
batch=73 {"success":true,"platform":"shopee","merchant_id":"ffe8519e-49a2-467b-a0ec-57d28ba8be49","shop_id":"224882570","processed":20,"updated":20,"errors":0,"api_error":null,"upsert_errors":[],"next_after_id":"10d1b0e4-63d0-480a-b20a-73bc8b09eb5f","has_more":true,"dry_run":false}
batch=74 {"success":true,"platform":"shopee","merchant_id":"ffe8519e-49a2-467b-a0ec-57d28ba8be49","shop_id":"224882570","processed":20,"updated":20,"errors":0,"api_error":null,"upsert_errors":[],"next_after_id":"10eff66e-c844-41f2-b848-fa9c579f9613","has_more":true,"dry_run":false}
batch=75 {"success":true,"platform":"shopee","merchant_id":"ffe8519e-49a2-467b-a0ec-57d28ba8be49","shop_id":"224882570","processed":20,"updated":20,"errors":0,"api_error":null,"upsert_errors":[],"next_after_id":"111d4bb8-ebd3-4b2a-a9d9-704773ed7080","has_more":true,"dry_run":false}
batch=76 {"success":true,"platform":"shopee","merchant_id":"ffe8519e-49a2-467b-a0ec-57d28ba8be49","shop_id":"224882570","processed":20,"updated":20,"errors":0,"api_error":null,"upsert_errors":[],"next_after_id":"114214b0-4be1-48a5-a021-8b4784bc6d19","has_more":true,"dry_run":false}
batch=77 {"success":true,"platform":"shopee","merchant_id":"ffe8519e-49a2-467b-a0ec-57d28ba8be49","shop_id":"224882570","processed":20,"updated":20,"errors":0,"api_error":null,"upsert_errors":[],"next_after_id":"1176aeae-b380-432e-89da-388415de2155","has_more":true,"dry_run":false}
batch=78 {"success":true,"platform":"shopee","merchant_id":"ffe8519e-49a2-467b-a0ec-57d28ba8be49","shop_id":"224882570","processed":20,"updated":20,"errors":0,"api_error":null,"upsert_errors":[],"next_after_id":"11a31dee-2b0d-4439-be20-bb0cd87e151b","has_more":true,"dry_run":false}
batch=79 {"success":true,"platform":"shopee","merchant_id":"ffe8519e-49a2-467b-a0ec-57d28ba8be49","shop_id":"224882570","processed":20,"updated":20,"errors":0,"api_error":null,"upsert_errors":[],"next_after_id":"11d058d8-13ed-4dcd-8e5f-ff20c580d716","has_more":true,"dry_run":false}
batch=80 {"success":true,"platform":"shopee","merchant_id":"ffe8519e-49a2-467b-a0ec-57d28ba8be49","shop_id":"224882570","processed":20,"updated":20,"errors":0,"api_error":null,"upsert_errors":[],"next_after_id":"11fc9305-ed51-493d-96d0-3a2253169423","has_more":true,"dry_run":false}
batch=81 {"success":true,"platform":"shopee","merchant_id":"ffe8519e-49a2-467b-a0ec-57d28ba8be49","shop_id":"224882570","processed":20,"updated":20,"errors":0,"api_error":null,"upsert_errors":[],"next_after_id":"12208cee-f169-4b80-82d4-f26473c17c04","has_more":true,"dry_run":false}
batch=82 {"success":true,"platform":"shopee","merchant_id":"ffe8519e-49a2-467b-a0ec-57d28ba8be49","shop_id":"224882570","processed":20,"updated":20,"errors":0,"api_error":null,"upsert_errors":[],"next_after_id":"1248cac7-06bd-40d4-b3eb-fade77bbc6a9","has_more":true,"dry_run":false}
batch=83 {"success":true,"platform":"shopee","merchant_id":"ffe8519e-49a2-467b-a0ec-57d28ba8be49","shop_id":"224882570","processed":20,"updated":20,"errors":0,"api_error":null,"upsert_errors":[],"next_after_id":"1274976d-9f07-4406-ac03-0c0eb83d520a","has_more":true,"dry_run":false}
batch=84 {"success":true,"platform":"shopee","merchant_id":"ffe8519e-49a2-467b-a0ec-57d28ba8be49","shop_id":"224882570","processed":20,"updated":20,"errors":0,"api_error":null,"upsert_errors":[],"next_after_id":"12a097f3-3a9c-4834-a73a-98b633383823","has_more":true,"dry_run":false}
batch=85 {"success":true,"platform":"shopee","merchant_id":"ffe8519e-49a2-467b-a0ec-57d28ba8be49","shop_id":"224882570","processed":20,"updated":20,"errors":0,"api_error":null,"upsert_errors":[],"next_after_id":"12d428b5-cbb0-4a3d-9614-613dabfb644f","has_more":true,"dry_run":false}
batch=86 {"success":true,"platform":"shopee","merchant_id":"ffe8519e-49a2-467b-a0ec-57d28ba8be49","shop_id":"224882570","processed":20,"updated":20,"errors":0,"api_error":null,"upsert_errors":[],"next_after_id":"12f49970-5251-418c-a7c6-9d7fdfbd4b27","has_more":true,"dry_run":false}
batch=87 {"success":true,"platform":"shopee","merchant_id":"ffe8519e-49a2-467b-a0ec-57d28ba8be49","shop_id":"224882570","processed":20,"updated":20,"errors":0,"api_error":null,"upsert_errors":[],"next_after_id":"13249026-4c6a-4126-9db3-4023245d605a","has_more":true,"dry_run":false}
batch=88 {"success":true,"platform":"shopee","merchant_id":"ffe8519e-49a2-467b-a0ec-57d28ba8be49","shop_id":"224882570","processed":20,"updated":20,"errors":0,"api_error":null,"upsert_errors":[],"next_after_id":"1350fdda-3c3f-4625-90d7-e11da9e854e9","has_more":true,"dry_run":false}
batch=89 {"success":true,"platform":"shopee","merchant_id":"ffe8519e-49a2-467b-a0ec-57d28ba8be49","shop_id":"224882570","processed":20,"updated":20,"errors":0,"api_error":null,"upsert_errors":[],"next_after_id":"137cfea6-9d3c-4409-a3d6-1bf539cb1cd0","has_more":true,"dry_run":false}
batch=90 {"success":true,"platform":"shopee","merchant_id":"ffe8519e-49a2-467b-a0ec-57d28ba8be49","shop_id":"224882570","processed":20,"updated":20,"errors":0,"api_error":null,"upsert_errors":[],"next_after_id":"13a3a1d6-1104-4145-8dc6-ac3f4091d03b","has_more":true,"dry_run":false}
batch=91 {"success":true,"platform":"shopee","merchant_id":"ffe8519e-49a2-467b-a0ec-57d28ba8be49","shop_id":"224882570","processed":20,"updated":20,"errors":0,"api_error":null,"upsert_errors":[],"next_after_id":"13d4b45e-33e7-4cdc-8b0f-9ecc85d0acd9","has_more":true,"dry_run":false}
batch=92 {"success":true,"platform":"shopee","merchant_id":"ffe8519e-49a2-467b-a0ec-57d28ba8be49","shop_id":"224882570","processed":20,"updated":20,"errors":0,"api_error":null,"upsert_errors":[],"next_after_id":"13fcebf8-e0c3-4c46-9dd8-ab18806e3ab5","has_more":true,"dry_run":false}
batch=93 {"success":true,"platform":"shopee","merchant_id":"ffe8519e-49a2-467b-a0ec-57d28ba8be49","shop_id":"224882570","processed":20,"updated":20,"errors":0,"api_error":null,"upsert_errors":[],"next_after_id":"14258bfe-fe40-4181-b3b4-5a7cb6a71ef7","has_more":true,"dry_run":false}
batch=94 {"success":true,"platform":"shopee","merchant_id":"ffe8519e-49a2-467b-a0ec-57d28ba8be49","shop_id":"224882570","processed":20,"updated":20,"errors":0,"api_error":null,"upsert_errors":[],"next_after_id":"1453d474-49e2-4338-ad72-18ac370fd590","has_more":true,"dry_run":false}
batch=95 {"success":true,"platform":"shopee","merchant_id":"ffe8519e-49a2-467b-a0ec-57d28ba8be49","shop_id":"224882570","processed":20,"updated":20,"errors":0,"api_error":null,"upsert_errors":[],"next_after_id":"1479c4eb-b2e2-4c98-9a42-10b8042c67e0","has_more":true,"dry_run":false}
batch=96 {"success":true,"platform":"shopee","merchant_id":"ffe8519e-49a2-467b-a0ec-57d28ba8be49","shop_id":"224882570","processed":20,"updated":20,"errors":0,"api_error":null,"upsert_errors":[],"next_after_id":"14a1deb7-2ac5-452a-b100-174465c461ea","has_more":true,"dry_run":false}
batch=97 {"success":true,"platform":"shopee","merchant_id":"ffe8519e-49a2-467b-a0ec-57d28ba8be49","shop_id":"224882570","processed":20,"updated":20,"errors":0,"api_error":null,"upsert_errors":[],"next_after_id":"14cc7f59-2c88-45df-8b44-8902fbb1ca4c","has_more":true,"dry_run":false}
batch=98 {"success":true,"platform":"shopee","merchant_id":"ffe8519e-49a2-467b-a0ec-57d28ba8be49","shop_id":"224882570","processed":20,"updated":20,"errors":0,"api_error":null,"upsert_errors":[],"next_after_id":"14f6da44-a97b-46c7-a3c2-e22cec498cc4","has_more":true,"dry_run":false}
batch=99 {"success":true,"platform":"shopee","merchant_id":"ffe8519e-49a2-467b-a0ec-57d28ba8be49","shop_id":"224882570","processed":20,"updated":20,"errors":0,"api_error":null,"upsert_errors":[],"next_after_id":"15289c0e-af8c-40e2-b38a-d93cba0283d9","has_more":true,"dry_run":false}
batch=100 {"success":true,"platform":"shopee","merchant_id":"ffe8519e-49a2-467b-a0ec-57d28ba8be49","shop_id":"224882570","processed":20,"updated":20,"errors":0,"api_error":null,"upsert_errors":[],"next_after_id":"156932f7-ae39-4278-94ba-56ded843749b","has_more":true,"dry_run":false}
batch=101 {"success":true,"platform":"shopee","merchant_id":"ffe8519e-49a2-467b-a0ec-57d28ba8be49","shop_id":"224882570","processed":20,"updated":20,"errors":0,"api_error":null,"upsert_errors":[],"next_after_id":"159e0663-f7c3-4559-a409-5646cbd6c54c","has_more":true,"dry_run":false}
batch=102 {"success":true,"platform":"shopee","merchant_id":"ffe8519e-49a2-467b-a0ec-57d28ba8be49","shop_id":"224882570","processed":20,"updated":20,"errors":0,"api_error":null,"upsert_errors":[],"next_after_id":"15ca080d-363e-4636-8570-a93133632ab0","has_more":true,"dry_run":false}
batch=103 {"success":true,"platform":"shopee","merchant_id":"ffe8519e-49a2-467b-a0ec-57d28ba8be49","shop_id":"224882570","processed":20,"updated":20,"errors":0,"api_error":null,"upsert_errors":[],"next_after_id":"15f2f042-c92b-4e39-8461-9e4ffe612a3e","has_more":true,"dry_run":false}
batch=104 {"success":true,"platform":"shopee","merchant_id":"ffe8519e-49a2-467b-a0ec-57d28ba8be49","shop_id":"224882570","processed":20,"updated":20,"errors":0,"api_error":null,"upsert_errors":[],"next_after_id":"162fe661-294e-4f81-88fc-37bfcc40c076","has_more":true,"dry_run":false}
batch=105 {"success":true,"platform":"shopee","merchant_id":"ffe8519e-49a2-467b-a0ec-57d28ba8be49","shop_id":"224882570","processed":20,"updated":20,"errors":0,"api_error":null,"upsert_errors":[],"next_after_id":"165b557f-0b3c-43b4-9838-368cf34de8eb","has_more":true,"dry_run":false}
batch=106 {"success":true,"platform":"shopee","merchant_id":"ffe8519e-49a2-467b-a0ec-57d28ba8be49","shop_id":"224882570","processed":20,"updated":20,"errors":0,"api_error":null,"upsert_errors":[],"next_after_id":"1682f917-1e2d-43d9-8a7d-843191b706e2","has_more":true,"dry_run":false}
batch=107 {"success":true,"platform":"shopee","merchant_id":"ffe8519e-49a2-467b-a0ec-57d28ba8be49","shop_id":"224882570","processed":20,"updated":20,"errors":0,"api_error":null,"upsert_errors":[],"next_after_id":"169f59cb-8d55-4af2-a142-33c871b1c29b","has_more":true,"dry_run":false}
batch=108 {"success":true,"platform":"shopee","merchant_id":"ffe8519e-49a2-467b-a0ec-57d28ba8be49","shop_id":"224882570","processed":20,"updated":20,"errors":0,"api_error":null,"upsert_errors":[],"next_after_id":"16caede8-cf73-4e15-b8ec-591f9a3cee73","has_more":true,"dry_run":false}
batch=109 {"success":true,"platform":"shopee","merchant_id":"ffe8519e-49a2-467b-a0ec-57d28ba8be49","shop_id":"224882570","processed":20,"updated":20,"errors":0,"api_error":null,"upsert_errors":[],"next_after_id":"170ceb73-7852-4618-8242-c60f38e17c16","has_more":true,"dry_run":false}
batch=110 {"success":true,"platform":"shopee","merchant_id":"ffe8519e-49a2-467b-a0ec-57d28ba8be49","shop_id":"224882570","processed":20,"updated":20,"errors":0,"api_error":null,"upsert_errors":[],"next_after_id":"174316fa-a7f6-4314-beb7-b39a0266a5b8","has_more":true,"dry_run":false}
batch=111 {"success":true,"platform":"shopee","merchant_id":"ffe8519e-49a2-467b-a0ec-57d28ba8be49","shop_id":"224882570","processed":20,"updated":20,"errors":0,"api_error":null,"upsert_errors":[],"next_after_id":"1767238c-3df3-4f07-b7a1-69244fd89300","has_more":true,"dry_run":false}
batch=112 {"success":true,"platform":"shopee","merchant_id":"ffe8519e-49a2-467b-a0ec-57d28ba8be49","shop_id":"224882570","processed":20,"updated":20,"errors":0,"api_error":null,"upsert_errors":[],"next_after_id":"1792a6b2-37a2-42e0-9ebd-88929cc3f700","has_more":true,"dry_run":false}
batch=113 {"success":true,"platform":"shopee","merchant_id":"ffe8519e-49a2-467b-a0ec-57d28ba8be49","shop_id":"224882570","processed":20,"updated":20,"errors":0,"api_error":null,"upsert_errors":[],"next_after_id":"17bfbec9-609f-4bf5-a2b6-3949e2d0d8ad","has_more":true,"dry_run":false}
batch=114 {"success":true,"platform":"shopee","merchant_id":"ffe8519e-49a2-467b-a0ec-57d28ba8be49","shop_id":"224882570","processed":20,"updated":20,"errors":0,"api_error":null,"upsert_errors":[],"next_after_id":"18043b1b-a183-4b39-b049-d26ea49c891b","has_more":true,"dry_run":false}
batch=115 {"success":true,"platform":"shopee","merchant_id":"ffe8519e-49a2-467b-a0ec-57d28ba8be49","shop_id":"224882570","processed":20,"updated":20,"errors":0,"api_error":null,"upsert_errors":[],"next_after_id":"18306a1f-4434-41b0-9797-6012598ba9c4","has_more":true,"dry_run":false}
batch=116 {"success":true,"platform":"shopee","merchant_id":"ffe8519e-49a2-467b-a0ec-57d28ba8be49","shop_id":"224882570","processed":20,"updated":20,"errors":0,"api_error":null,"upsert_errors":[],"next_after_id":"1862c8f7-78e8-4eda-8f44-f2d14097286a","has_more":true,"dry_run":false}
batch=117 {"success":true,"platform":"shopee","merchant_id":"ffe8519e-49a2-467b-a0ec-57d28ba8be49","shop_id":"224882570","processed":20,"updated":20,"errors":0,"api_error":null,"upsert_errors":[],"next_after_id":"18a4abbf-6751-4c6e-b6c2-d747021d18a0","has_more":true,"dry_run":false}
batch=118 {"success":true,"platform":"shopee","merchant_id":"ffe8519e-49a2-467b-a0ec-57d28ba8be49","shop_id":"224882570","processed":20,"updated":20,"errors":0,"api_error":null,"upsert_errors":[],"next_after_id":"18cd2dd6-b0ea-4306-999e-298efedb0850","has_more":true,"dry_run":false}
batch=119 {"success":true,"platform":"shopee","merchant_id":"ffe8519e-49a2-467b-a0ec-57d28ba8be49","shop_id":"224882570","processed":20,"updated":20,"errors":0,"api_error":null,"upsert_errors":[],"next_after_id":"18f0fb58-472c-4868-8299-55cfbe25c46a","has_more":true,"dry_run":false}
batch=120 {"success":true,"platform":"shopee","merchant_id":"ffe8519e-49a2-467b-a0ec-57d28ba8be49","shop_id":"224882570","processed":20,"updated":20,"errors":0,"api_error":null,"upsert_errors":[],"next_after_id":"1922c087-ac4e-4b48-848b-b97e550f95af","has_more":true,"dry_run":false}
batch=121 {"success":true,"platform":"shopee","merchant_id":"ffe8519e-49a2-467b-a0ec-57d28ba8be49","shop_id":"224882570","processed":20,"updated":20,"errors":0,"api_error":null,"upsert_errors":[],"next_after_id":"1958caff-fb8c-41a5-8b54-a20c3024cb56","has_more":true,"dry_run":false}
batch=122 {"success":true,"platform":"shopee","merchant_id":"ffe8519e-49a2-467b-a0ec-57d28ba8be49","shop_id":"224882570","processed":20,"updated":20,"errors":0,"api_error":null,"upsert_errors":[],"next_after_id":"197f05ec-6945-4558-9ed5-5163c3cea238","has_more":true,"dry_run":false}
batch=123 {"success":true,"platform":"shopee","merchant_id":"ffe8519e-49a2-467b-a0ec-57d28ba8be49","shop_id":"224882570","processed":20,"updated":20,"errors":0,"api_error":null,"upsert_errors":[],"next_after_id":"19953dd9-dbcf-4997-b5e4-609d4021b60b","has_more":true,"dry_run":false}
batch=124 {"success":true,"platform":"shopee","merchant_id":"ffe8519e-49a2-467b-a0ec-57d28ba8be49","shop_id":"224882570","processed":20,"updated":20,"errors":0,"api_error":null,"upsert_errors":[],"next_after_id":"19b587e7-3a85-4be4-acb5-225a6802c909","has_more":true,"dry_run":false}
batch=125 {"success":true,"platform":"shopee","merchant_id":"ffe8519e-49a2-467b-a0ec-57d28ba8be49","shop_id":"224882570","processed":20,"updated":20,"errors":0,"api_error":null,"upsert_errors":[],"next_after_id":"19e2dd47-3759-4d8f-952f-1752e2569fea","has_more":true,"dry_run":false}
batch=126 {"success":true,"platform":"shopee","merchant_id":"ffe8519e-49a2-467b-a0ec-57d28ba8be49","shop_id":"224882570","processed":20,"updated":20,"errors":0,"api_error":null,"upsert_errors":[],"next_after_id":"1a0f285e-ae6b-4955-85d0-307857d6f250","has_more":true,"dry_run":false}
batch=127 {"success":true,"platform":"shopee","merchant_id":"ffe8519e-49a2-467b-a0ec-57d28ba8be49","shop_id":"224882570","processed":20,"updated":20,"errors":0,"api_error":null,"upsert_errors":[],"next_after_id":"1a346ae5-d4d0-48b6-b065-7f330024e192","has_more":true,"dry_run":false}
batch=128 {"success":true,"platform":"shopee","merchant_id":"ffe8519e-49a2-467b-a0ec-57d28ba8be49","shop_id":"224882570","processed":20,"updated":20,"errors":0,"api_error":null,"upsert_errors":[],"next_after_id":"1a6fb924-a37a-4237-abb2-a5f0d2cbc0db","has_more":true,"dry_run":false}
batch=129 {"success":true,"platform":"shopee","merchant_id":"ffe8519e-49a2-467b-a0ec-57d28ba8be49","shop_id":"224882570","processed":20,"updated":20,"errors":0,"api_error":null,"upsert_errors":[],"next_after_id":"1a8f92cd-6704-485b-96df-dcbfb2cfbcd6","has_more":true,"dry_run":false}
batch=130 {"success":true,"platform":"shopee","merchant_id":"ffe8519e-49a2-467b-a0ec-57d28ba8be49","shop_id":"224882570","processed":20,"updated":20,"errors":0,"api_error":null,"upsert_errors":[],"next_after_id":"1ab85196-8875-4e55-954a-a99b3e47564e","has_more":true,"dry_run":false}
batch=131 {"success":true,"platform":"shopee","merchant_id":"ffe8519e-49a2-467b-a0ec-57d28ba8be49","shop_id":"224882570","processed":20,"updated":20,"errors":0,"api_error":null,"upsert_errors":[],"next_after_id":"1adee30e-e6bd-4bd9-8f98-52f4b58b8e60","has_more":true,"dry_run":false}
batch=132 {"success":true,"platform":"shopee","merchant_id":"ffe8519e-49a2-467b-a0ec-57d28ba8be49","shop_id":"224882570","processed":20,"updated":20,"errors":0,"api_error":null,"upsert_errors":[],"next_after_id":"1b1226e1-f02d-4df8-ad3b-a91512ce9b08","has_more":true,"dry_run":false}
batch=133 {"success":true,"platform":"shopee","merchant_id":"ffe8519e-49a2-467b-a0ec-57d28ba8be49","shop_id":"224882570","processed":20,"updated":20,"errors":0,"api_error":null,"upsert_errors":[],"next_after_id":"1b3a432d-8260-4606-a14d-d0da40771f55","has_more":true,"dry_run":false}
batch=134 {"success":true,"platform":"shopee","merchant_id":"ffe8519e-49a2-467b-a0ec-57d28ba8be49","shop_id":"224882570","processed":20,"updated":20,"errors":0,"api_error":null,"upsert_errors":[],"next_after_id":"1b5c3343-22b0-4b50-9ad8-b9fb1f301a69","has_more":true,"dry_run":false}
batch=135 {"success":true,"platform":"shopee","merchant_id":"ffe8519e-49a2-467b-a0ec-57d28ba8be49","shop_id":"224882570","processed":20,"updated":20,"errors":0,"api_error":null,"upsert_errors":[],"next_after_id":"1ba10c36-126d-4ab3-8a9f-627039b6e6f1","has_more":true,"dry_run":false}
batch=136 {"success":true,"platform":"shopee","merchant_id":"ffe8519e-49a2-467b-a0ec-57d28ba8be49","shop_id":"224882570","processed":20,"updated":20,"errors":0,"api_error":null,"upsert_errors":[],"next_after_id":"1bdcfabb-0740-4214-8625-ec5410d82d3a","has_more":true,"dry_run":false}
batch=137 {"success":true,"platform":"shopee","merchant_id":"ffe8519e-49a2-467b-a0ec-57d28ba8be49","shop_id":"224882570","processed":20,"updated":20,"errors":0,"api_error":null,"upsert_errors":[],"next_after_id":"1c0cc2ff-6340-4e0c-b972-7e2d52aff360","has_more":true,"dry_run":false}
batch=138 {"success":true,"platform":"shopee","merchant_id":"ffe8519e-49a2-467b-a0ec-57d28ba8be49","shop_id":"224882570","processed":20,"updated":20,"errors":0,"api_error":null,"upsert_errors":[],"next_after_id":"1c3b43db-055e-45f2-ab77-bf7e7a58f4a0","has_more":true,"dry_run":false}
batch=139 {"success":true,"platform":"shopee","merchant_id":"ffe8519e-49a2-467b-a0ec-57d28ba8be49","shop_id":"224882570","processed":20,"updated":20,"errors":0,"api_error":null,"upsert_errors":[],"next_after_id":"1c60071c-cba7-4275-9804-7a028d564dcc","has_more":true,"dry_run":false}
batch=140 {"success":true,"platform":"shopee","merchant_id":"ffe8519e-49a2-467b-a0ec-57d28ba8be49","shop_id":"224882570","processed":20,"updated":20,"errors":0,"api_error":null,"upsert_errors":[],"next_after_id":"1c8610f1-cd25-4c52-86e5-c049c66f3aa1","has_more":true,"dry_run":false}
batch=141 {"success":true,"platform":"shopee","merchant_id":"ffe8519e-49a2-467b-a0ec-57d28ba8be49","shop_id":"224882570","processed":20,"updated":20,"errors":0,"api_error":null,"upsert_errors":[],"next_after_id":"1cb30800-22f1-4244-929e-ae91f8fe4cb7","has_more":true,"dry_run":false}
batch=142 {"success":true,"platform":"shopee","merchant_id":"ffe8519e-49a2-467b-a0ec-57d28ba8be49","shop_id":"224882570","processed":20,"updated":20,"errors":0,"api_error":null,"upsert_errors":[],"next_after_id":"1ccc9022-5bbb-4b46-b67e-cf8ab0917c58","has_more":true,"dry_run":false}
batch=143 {"success":true,"platform":"shopee","merchant_id":"ffe8519e-49a2-467b-a0ec-57d28ba8be49","shop_id":"224882570","processed":20,"updated":20,"errors":0,"api_error":null,"upsert_errors":[],"next_after_id":"1d0c72f4-e374-4436-9f50-c541e242349e","has_more":true,"dry_run":false}
batch=144 {"success":true,"platform":"shopee","merchant_id":"ffe8519e-49a2-467b-a0ec-57d28ba8be49","shop_id":"224882570","processed":20,"updated":20,"errors":0,"api_error":null,"upsert_errors":[],"next_after_id":"1d3ea945-60b9-4bb3-8966-33b086d5fea2","has_more":true,"dry_run":false}
batch=145 {"success":true,"platform":"shopee","merchant_id":"ffe8519e-49a2-467b-a0ec-57d28ba8be49","shop_id":"224882570","processed":20,"updated":20,"errors":0,"api_error":null,"upsert_errors":[],"next_after_id":"1d762594-4ef0-4455-930d-783d96b17636","has_more":true,"dry_run":false}
batch=146 {"success":true,"platform":"shopee","merchant_id":"ffe8519e-49a2-467b-a0ec-57d28ba8be49","shop_id":"224882570","processed":20,"updated":20,"errors":0,"api_error":null,"upsert_errors":[],"next_after_id":"1da1eaec-e6c6-4345-ab0c-978decdf0b7a","has_more":true,"dry_run":false}
batch=147 {"success":true,"platform":"shopee","merchant_id":"ffe8519e-49a2-467b-a0ec-57d28ba8be49","shop_id":"224882570","processed":20,"updated":20,"errors":0,"api_error":null,"upsert_errors":[],"next_after_id":"1dc97b2f-c24c-4bf3-8070-2d6d94e52562","has_more":true,"dry_run":false}
batch=148 {"success":true,"platform":"shopee","merchant_id":"ffe8519e-49a2-467b-a0ec-57d28ba8be49","shop_id":"224882570","processed":20,"updated":20,"errors":0,"api_error":null,"upsert_errors":[],"next_after_id":"1de6ec96-f994-44ea-a69d-9bfa9d3c040e","has_more":true,"dry_run":false}
batch=149 {"success":true,"platform":"shopee","merchant_id":"ffe8519e-49a2-467b-a0ec-57d28ba8be49","shop_id":"224882570","processed":20,"updated":20,"errors":0,"api_error":null,"upsert_errors":[],"next_after_id":"1e228577-e474-4429-9a7e-0864946c8ffe","has_more":true,"dry_run":false}
batch=150 {"success":true,"platform":"shopee","merchant_id":"ffe8519e-49a2-467b-a0ec-57d28ba8be49","shop_id":"224882570","processed":20,"updated":20,"errors":0,"api_error":null,"upsert_errors":[],"next_after_id":"1e43f623-705f-4584-8b74-2817ad9bdd8f","has_more":true,"dry_run":false}
batch=151 {"success":true,"platform":"shopee","merchant_id":"ffe8519e-49a2-467b-a0ec-57d28ba8be49","shop_id":"224882570","processed":20,"updated":20,"errors":0,"api_error":null,"upsert_errors":[],"next_after_id":"1e76cc39-f549-483d-8917-d56c21d85010","has_more":true,"dry_run":false}
batch=152 {"success":true,"platform":"shopee","merchant_id":"ffe8519e-49a2-467b-a0ec-57d28ba8be49","shop_id":"224882570","processed":20,"updated":20,"errors":0,"api_error":null,"upsert_errors":[],"next_after_id":"1eaee59b-4a97-44de-898e-d1326be13aeb","has_more":true,"dry_run":false}
batch=153 {"success":true,"platform":"shopee","merchant_id":"ffe8519e-49a2-467b-a0ec-57d28ba8be49","shop_id":"224882570","processed":20,"updated":20,"errors":0,"api_error":null,"upsert_errors":[],"next_after_id":"1ed86b7e-2897-4ab7-866e-92b1a027c437","has_more":true,"dry_run":false}
batch=154 {"success":true,"platform":"shopee","merchant_id":"ffe8519e-49a2-467b-a0ec-57d28ba8be49","shop_id":"224882570","processed":20,"updated":20,"errors":0,"api_error":null,"upsert_errors":[],"next_after_id":"1f0e60e6-5790-4166-a342-7c216f96906c","has_more":true,"dry_run":false}
batch=155 {"success":true,"platform":"shopee","merchant_id":"ffe8519e-49a2-467b-a0ec-57d28ba8be49","shop_id":"224882570","processed":20,"updated":20,"errors":0,"api_error":null,"upsert_errors":[],"next_after_id":"1f388139-01c6-4af5-955e-c9eb230cc53d","has_more":true,"dry_run":false}
batch=156 {"success":true,"platform":"shopee","merchant_id":"ffe8519e-49a2-467b-a0ec-57d28ba8be49","shop_id":"224882570","processed":20,"updated":20,"errors":0,"api_error":null,"upsert_errors":[],"next_after_id":"1f5e585c-5f59-4019-b719-58cbca0b750a","has_more":true,"dry_run":false}
batch=157 {"success":true,"platform":"shopee","merchant_id":"ffe8519e-49a2-467b-a0ec-57d28ba8be49","shop_id":"224882570","processed":20,"updated":20,"errors":0,"api_error":null,"upsert_errors":[],"next_after_id":"1f92307d-308e-4eac-9439-a382c0866c61","has_more":true,"dry_run":false}
batch=158 {"success":true,"platform":"shopee","merchant_id":"ffe8519e-49a2-467b-a0ec-57d28ba8be49","shop_id":"224882570","processed":20,"updated":20,"errors":0,"api_error":null,"upsert_errors":[],"next_after_id":"1fb4115e-4cac-4b60-bf61-c33d05db71ca","has_more":true,"dry_run":false}
batch=159 {"success":true,"platform":"shopee","merchant_id":"ffe8519e-49a2-467b-a0ec-57d28ba8be49","shop_id":"224882570","processed":20,"updated":20,"errors":0,"api_error":null,"upsert_errors":[],"next_after_id":"1fe2434b-582b-4a65-8e1d-8e0efadf9240","has_more":true,"dry_run":false}
batch=160 {"success":true,"platform":"shopee","merchant_id":"ffe8519e-49a2-467b-a0ec-57d28ba8be49","shop_id":"224882570","processed":20,"updated":20,"errors":0,"api_error":null,"upsert_errors":[],"next_after_id":"2011b8b1-4daf-43e6-83fd-57e5b1b2427c","has_more":true,"dry_run":false}
batch=161 {"success":true,"platform":"shopee","merchant_id":"ffe8519e-49a2-467b-a0ec-57d28ba8be49","shop_id":"224882570","processed":20,"updated":20,"errors":0,"api_error":null,"upsert_errors":[],"next_after_id":"202f054d-cc43-4855-b9cf-342e2e2d478a","has_more":true,"dry_run":false}
batch=162 {"success":true,"platform":"shopee","merchant_id":"ffe8519e-49a2-467b-a0ec-57d28ba8be49","shop_id":"224882570","processed":20,"updated":20,"errors":0,"api_error":null,"upsert_errors":[],"next_after_id":"20593397-b71e-4e57-8ddf-6be05b1e1ba8","has_more":true,"dry_run":false}
batch=163 {"success":true,"platform":"shopee","merchant_id":"ffe8519e-49a2-467b-a0ec-57d28ba8be49","shop_id":"224882570","processed":20,"updated":20,"errors":0,"api_error":null,"upsert_errors":[],"next_after_id":"20814576-826d-4769-a543-396bc6841a9b","has_more":true,"dry_run":false}
batch=164 {"success":true,"platform":"shopee","merchant_id":"ffe8519e-49a2-467b-a0ec-57d28ba8be49","shop_id":"224882570","processed":20,"updated":20,"errors":0,"api_error":null,"upsert_errors":[],"next_after_id":"20aab75a-c74e-45f6-b95f-3c3a7f92487e","has_more":true,"dry_run":false}
batch=165 {"success":true,"platform":"shopee","merchant_id":"ffe8519e-49a2-467b-a0ec-57d28ba8be49","shop_id":"224882570","processed":20,"updated":20,"errors":0,"api_error":null,"upsert_errors":[],"next_after_id":"20cc8027-465f-4c61-9432-ffc876672a60","has_more":true,"dry_run":false}
batch=166 {"success":true,"platform":"shopee","merchant_id":"ffe8519e-49a2-467b-a0ec-57d28ba8be49","shop_id":"224882570","processed":20,"updated":20,"errors":0,"api_error":null,"upsert_errors":[],"next_after_id":"20e98caa-8c0d-4ec3-bf4c-843e8e8bde3f","has_more":true,"dry_run":false}
batch=167 {"success":true,"platform":"shopee","merchant_id":"ffe8519e-49a2-467b-a0ec-57d28ba8be49","shop_id":"224882570","processed":20,"updated":20,"errors":0,"api_error":null,"upsert_errors":[],"next_after_id":"21135d27-9254-4986-a8b3-f93389a48668","has_more":true,"dry_run":false}
batch=168 {"success":true,"platform":"shopee","merchant_id":"ffe8519e-49a2-467b-a0ec-57d28ba8be49","shop_id":"224882570","processed":20,"updated":20,"errors":0,"api_error":null,"upsert_errors":[],"next_after_id":"2136267e-2ffe-4bfa-ab26-8dae3c6493fc","has_more":true,"dry_run":false}
batch=169 {"success":true,"platform":"shopee","merchant_id":"ffe8519e-49a2-467b-a0ec-57d28ba8be49","shop_id":"224882570","processed":20,"updated":20,"errors":0,"api_error":null,"upsert_errors":[],"next_after_id":"21677abf-f53c-48b1-8eae-c6bde92a21fe","has_more":true,"dry_run":false}
batch=170 {"success":true,"platform":"shopee","merchant_id":"ffe8519e-49a2-467b-a0ec-57d28ba8be49","shop_id":"224882570","processed":20,"updated":20,"errors":0,"api_error":null,"upsert_errors":[],"next_after_id":"21886f1f-aea7-4107-a7f4-a5af677a930d","has_more":true,"dry_run":false}
batch=171 {"success":true,"platform":"shopee","merchant_id":"ffe8519e-49a2-467b-a0ec-57d28ba8be49","shop_id":"224882570","processed":20,"updated":20,"errors":0,"api_error":null,"upsert_errors":[],"next_after_id":"21abc678-2316-4e0e-9d7f-de680fc77fd0","has_more":true,"dry_run":false}
batch=172 {"success":true,"platform":"shopee","merchant_id":"ffe8519e-49a2-467b-a0ec-57d28ba8be49","shop_id":"224882570","processed":20,"updated":20,"errors":0,"api_error":null,"upsert_errors":[],"next_after_id":"21dc4d5b-30bf-4e35-abbe-f4edea84864d","has_more":true,"dry_run":false}
batch=173 {"success":true,"platform":"shopee","merchant_id":"ffe8519e-49a2-467b-a0ec-57d28ba8be49","shop_id":"224882570","processed":20,"updated":20,"errors":0,"api_error":null,"upsert_errors":[],"next_after_id":"2204791a-fd9a-4e65-a16b-7b98ecc53bdc","has_more":true,"dry_run":false}
batch=174 {"success":true,"platform":"shopee","merchant_id":"ffe8519e-49a2-467b-a0ec-57d28ba8be49","shop_id":"224882570","processed":20,"updated":20,"errors":0,"api_error":null,"upsert_errors":[],"next_after_id":"223f8134-fdd2-494e-bddf-8ae046b3816f","has_more":true,"dry_run":false}
batch=175 {"success":true,"platform":"shopee","merchant_id":"ffe8519e-49a2-467b-a0ec-57d28ba8be49","shop_id":"224882570","processed":20,"updated":20,"errors":0,"api_error":null,"upsert_errors":[],"next_after_id":"22699550-c76f-4cde-9711-f0a546022866","has_more":true,"dry_run":false}
batch=176 {"success":true,"platform":"shopee","merchant_id":"ffe8519e-49a2-467b-a0ec-57d28ba8be49","shop_id":"224882570","processed":20,"updated":20,"errors":0,"api_error":null,"upsert_errors":[],"next_after_id":"22952626-cc22-4bed-876e-71cb2d2e751d","has_more":true,"dry_run":false}
batch=177 {"success":true,"platform":"shopee","merchant_id":"ffe8519e-49a2-467b-a0ec-57d28ba8be49","shop_id":"224882570","processed":20,"updated":20,"errors":0,"api_error":null,"upsert_errors":[],"next_after_id":"22c23c54-0155-4407-88a8-a385dba09db0","has_more":true,"dry_run":false}
batch=178 {"success":true,"platform":"shopee","merchant_id":"ffe8519e-49a2-467b-a0ec-57d28ba8be49","shop_id":"224882570","processed":20,"updated":20,"errors":0,"api_error":null,"upsert_errors":[],"next_after_id":"22e89213-620f-4274-9c95-c912086586d2","has_more":true,"dry_run":false}
batch=179 {"success":true,"platform":"shopee","merchant_id":"ffe8519e-49a2-467b-a0ec-57d28ba8be49","shop_id":"224882570","processed":20,"updated":20,"errors":0,"api_error":null,"upsert_errors":[],"next_after_id":"230c458a-49b3-4c0c-8514-1db6bd2a8e84","has_more":true,"dry_run":false}
batch=180 {"success":true,"platform":"shopee","merchant_id":"ffe8519e-49a2-467b-a0ec-57d28ba8be49","shop_id":"224882570","processed":20,"updated":20,"errors":0,"api_error":null,"upsert_errors":[],"next_after_id":"233389e9-cc77-490f-aeea-1d39123ef3d6","has_more":true,"dry_run":false}
batch=181 {"success":true,"platform":"shopee","merchant_id":"ffe8519e-49a2-467b-a0ec-57d28ba8be49","shop_id":"224882570","processed":20,"updated":20,"errors":0,"api_error":null,"upsert_errors":[],"next_after_id":"2363a8f9-1b1f-4a77-adc5-d88268b43561","has_more":true,"dry_run":false}
batch=182 {"success":true,"platform":"shopee","merchant_id":"ffe8519e-49a2-467b-a0ec-57d28ba8be49","shop_id":"224882570","processed":20,"updated":20,"errors":0,"api_error":null,"upsert_errors":[],"next_after_id":"2391c9b5-d936-45cf-839d-3e28b7bc4463","has_more":true,"dry_run":false}
batch=183 {"success":true,"platform":"shopee","merchant_id":"ffe8519e-49a2-467b-a0ec-57d28ba8be49","shop_id":"224882570","processed":20,"updated":20,"errors":0,"api_error":null,"upsert_errors":[],"next_after_id":"23b54891-e399-47b9-ab0c-36a2fc71ad38","has_more":true,"dry_run":false}
batch=184 {"success":true,"platform":"shopee","merchant_id":"ffe8519e-49a2-467b-a0ec-57d28ba8be49","shop_id":"224882570","processed":20,"updated":20,"errors":0,"api_error":null,"upsert_errors":[],"next_after_id":"23eacfec-47a1-42c1-b64d-0c49a84142d8","has_more":true,"dry_run":false}
batch=185 {"success":true,"platform":"shopee","merchant_id":"ffe8519e-49a2-467b-a0ec-57d28ba8be49","shop_id":"224882570","processed":20,"updated":20,"errors":0,"api_error":null,"upsert_errors":[],"next_after_id":"2414ba94-5547-47b0-a94c-eb723115f40a","has_more":true,"dry_run":false}
batch=186 {"success":true,"platform":"shopee","merchant_id":"ffe8519e-49a2-467b-a0ec-57d28ba8be49","shop_id":"224882570","processed":20,"updated":20,"errors":0,"api_error":null,"upsert_errors":[],"next_after_id":"2437d411-e351-4aef-b328-210fa4e072bd","has_more":true,"dry_run":false}
batch=187 {"success":true,"platform":"shopee","merchant_id":"ffe8519e-49a2-467b-a0ec-57d28ba8be49","shop_id":"224882570","processed":20,"updated":20,"errors":0,"api_error":null,"upsert_errors":[],"next_after_id":"246ddaa4-f2ba-41c1-acd8-6cf0b8128b3b","has_more":true,"dry_run":false}
batch=188 {"success":true,"platform":"shopee","merchant_id":"ffe8519e-49a2-467b-a0ec-57d28ba8be49","shop_id":"224882570","processed":20,"updated":20,"errors":0,"api_error":null,"upsert_errors":[],"next_after_id":"249c7737-1d6d-4f1d-9950-aee93ec45fe0","has_more":true,"dry_run":false}
batch=189 {"success":true,"platform":"shopee","merchant_id":"ffe8519e-49a2-467b-a0ec-57d28ba8be49","shop_id":"224882570","processed":20,"updated":20,"errors":0,"api_error":null,"upsert_errors":[],"next_after_id":"24b54a6c-b107-4cf4-906a-ab8fccfa83ee","has_more":true,"dry_run":false}
batch=190 {"success":true,"platform":"shopee","merchant_id":"ffe8519e-49a2-467b-a0ec-57d28ba8be49","shop_id":"224882570","processed":20,"updated":20,"errors":0,"api_error":null,"upsert_errors":[],"next_after_id":"24da88bf-1ed4-4aca-a062-18857e1213f9","has_more":true,"dry_run":false}
batch=191 {"success":true,"platform":"shopee","merchant_id":"ffe8519e-49a2-467b-a0ec-57d28ba8be49","shop_id":"224882570","processed":20,"updated":20,"errors":0,"api_error":null,"upsert_errors":[],"next_after_id":"24f948d9-1e67-43ed-94c5-301434aff143","has_more":true,"dry_run":false}
batch=192 {"success":true,"platform":"shopee","merchant_id":"ffe8519e-49a2-467b-a0ec-57d28ba8be49","shop_id":"224882570","processed":20,"updated":20,"errors":0,"api_error":null,"upsert_errors":[],"next_after_id":"252cafa7-c17b-4ac3-a1ec-05dfc23cc431","has_more":true,"dry_run":false}
batch=193 {"success":true,"platform":"shopee","merchant_id":"ffe8519e-49a2-467b-a0ec-57d28ba8be49","shop_id":"224882570","processed":20,"updated":20,"errors":0,"api_error":null,"upsert_errors":[],"next_after_id":"255b8170-585f-4891-a4a5-8aed25f381c0","has_more":true,"dry_run":false}
batch=194 {"success":true,"platform":"shopee","merchant_id":"ffe8519e-49a2-467b-a0ec-57d28ba8be49","shop_id":"224882570","processed":20,"updated":20,"errors":0,"api_error":null,"upsert_errors":[],"next_after_id":"258f085e-4eaa-42f3-8237-02f4c2fdfbf3","has_more":true,"dry_run":false}
batch=195 {"success":true,"platform":"shopee","merchant_id":"ffe8519e-49a2-467b-a0ec-57d28ba8be49","shop_id":"224882570","processed":20,"updated":20,"errors":0,"api_error":null,"upsert_errors":[],"next_after_id":"25c46515-2ec8-4d45-aa59-13f2537ecff9","has_more":true,"dry_run":false}
batch=196 {"success":true,"platform":"shopee","merchant_id":"ffe8519e-49a2-467b-a0ec-57d28ba8be49","shop_id":"224882570","processed":20,"updated":20,"errors":0,"api_error":null,"upsert_errors":[],"next_after_id":"25e09eff-1478-4408-bdce-7fd528f05fac","has_more":true,"dry_run":false}
batch=197 {"success":true,"platform":"shopee","merchant_id":"ffe8519e-49a2-467b-a0ec-57d28ba8be49","shop_id":"224882570","processed":20,"updated":20,"errors":0,"api_error":null,"upsert_errors":[],"next_after_id":"26117392-f68a-4f9f-bc43-91b4d397c594","has_more":true,"dry_run":false}
batch=198 {"success":true,"platform":"shopee","merchant_id":"ffe8519e-49a2-467b-a0ec-57d28ba8be49","shop_id":"224882570","processed":20,"updated":20,"errors":0,"api_error":null,"upsert_errors":[],"next_after_id":"2631c3ea-dce6-4ba7-840e-4c45962cace0","has_more":true,"dry_run":false}
batch=199 {"success":true,"platform":"shopee","merchant_id":"ffe8519e-49a2-467b-a0ec-57d28ba8be49","shop_id":"224882570","processed":20,"updated":20,"errors":0,"api_error":null,"upsert_errors":[],"next_after_id":"2656c409-55ab-41b0-8f64-419088675bef","has_more":true,"dry_run":false}
batch=200 {"success":true,"platform":"shopee","merchant_id":"ffe8519e-49a2-467b-a0ec-57d28ba8be49","shop_id":"224882570","processed":20,"updated":20,"errors":0,"api_error":null,"upsert_errors":[],"next_after_id":"26709feb-34db-45d4-bb0c-d686443c92a1","has_more":true,"dry_run":false}
batch=201 {"success":true,"platform":"shopee","merchant_id":"ffe8519e-49a2-467b-a0ec-57d28ba8be49","shop_id":"224882570","processed":20,"updated":20,"errors":0,"api_error":null,"upsert_errors":[],"next_after_id":"269c06b1-ea62-4694-90e9-8ecc8d65e0f9","has_more":true,"dry_run":false}
batch=202 {"success":true,"platform":"shopee","merchant_id":"ffe8519e-49a2-467b-a0ec-57d28ba8be49","shop_id":"224882570","processed":20,"updated":20,"errors":0,"api_error":null,"upsert_errors":[],"next_after_id":"26c89fe3-f481-4590-a196-6dbc06215eea","has_more":true,"dry_run":false}
batch=203 {"success":true,"platform":"shopee","merchant_id":"ffe8519e-49a2-467b-a0ec-57d28ba8be49","shop_id":"224882570","processed":20,"updated":20,"errors":0,"api_error":null,"upsert_errors":[],"next_after_id":"26ee7b29-a055-45e7-9085-773e9fbba5fa","has_more":true,"dry_run":false}
batch=204 {"success":true,"platform":"shopee","merchant_id":"ffe8519e-49a2-467b-a0ec-57d28ba8be49","shop_id":"224882570","processed":20,"updated":20,"errors":0,"api_error":null,"upsert_errors":[],"next_after_id":"27152eb8-76c8-4fb4-a014-251c27cdbff3","has_more":true,"dry_run":false}
batch=205 {"success":true,"platform":"shopee","merchant_id":"ffe8519e-49a2-467b-a0ec-57d28ba8be49","shop_id":"224882570","processed":20,"updated":20,"errors":0,"api_error":null,"upsert_errors":[],"next_after_id":"27416513-a2f3-41f3-b2ce-5587af002f9f","has_more":true,"dry_run":false}
batch=206 {"success":true,"platform":"shopee","merchant_id":"ffe8519e-49a2-467b-a0ec-57d28ba8be49","shop_id":"224882570","processed":20,"updated":20,"errors":0,"api_error":null,"upsert_errors":[],"next_after_id":"279017f1-71ca-4bfc-9ad1-04507a001df4","has_more":true,"dry_run":false}
batch=207 {"success":true,"platform":"shopee","merchant_id":"ffe8519e-49a2-467b-a0ec-57d28ba8be49","shop_id":"224882570","processed":20,"updated":20,"errors":0,"api_error":null,"upsert_errors":[],"next_after_id":"27c89d39-6785-46fb-b3b0-54dbf9358fb2","has_more":true,"dry_run":false}
batch=208 {"success":true,"platform":"shopee","merchant_id":"ffe8519e-49a2-467b-a0ec-57d28ba8be49","shop_id":"224882570","processed":20,"updated":20,"errors":0,"api_error":null,"upsert_errors":[],"next_after_id":"27e3a2aa-c385-4a8d-a547-c00416de9b8e","has_more":true,"dry_run":false}
batch=209 {"success":true,"platform":"shopee","merchant_id":"ffe8519e-49a2-467b-a0ec-57d28ba8be49","shop_id":"224882570","processed":20,"updated":20,"errors":0,"api_error":null,"upsert_errors":[],"next_after_id":"28182678-09e8-41be-b3bc-228bd6adf9ca","has_more":true,"dry_run":false}
batch=210 {"success":true,"platform":"shopee","merchant_id":"ffe8519e-49a2-467b-a0ec-57d28ba8be49","shop_id":"224882570","processed":20,"updated":20,"errors":0,"api_error":null,"upsert_errors":[],"next_after_id":"28407b15-1d49-4eff-8e0d-ca6f281bba27","has_more":true,"dry_run":false}
batch=211 {"success":true,"platform":"shopee","merchant_id":"ffe8519e-49a2-467b-a0ec-57d28ba8be49","shop_id":"224882570","processed":20,"updated":20,"errors":0,"api_error":null,"upsert_errors":[],"next_after_id":"286d3235-8ecb-49ba-b29f-1cfdf56d830b","has_more":true,"dry_run":false}
batch=212 {"success":true,"platform":"shopee","merchant_id":"ffe8519e-49a2-467b-a0ec-57d28ba8be49","shop_id":"224882570","processed":20,"updated":20,"errors":0,"api_error":null,"upsert_errors":[],"next_after_id":"2899691e-6dc6-4f82-a59f-ce640a339c6e","has_more":true,"dry_run":false}
batch=213 {"success":true,"platform":"shopee","merchant_id":"ffe8519e-49a2-467b-a0ec-57d28ba8be49","shop_id":"224882570","processed":20,"updated":20,"errors":0,"api_error":null,"upsert_errors":[],"next_after_id":"28d56587-efcc-424d-8340-0b5ed5cb6ab5","has_more":true,"dry_run":false}
batch=214 {"success":true,"platform":"shopee","merchant_id":"ffe8519e-49a2-467b-a0ec-57d28ba8be49","shop_id":"224882570","processed":20,"updated":20,"errors":0,"api_error":null,"upsert_errors":[],"next_after_id":"290686bc-0d2d-4c06-9737-8a4d504f8ae0","has_more":true,"dry_run":false}
batch=215 {"success":true,"platform":"shopee","merchant_id":"ffe8519e-49a2-467b-a0ec-57d28ba8be49","shop_id":"224882570","processed":20,"updated":20,"errors":0,"api_error":null,"upsert_errors":[],"next_after_id":"2935781e-d917-4471-8505-9c25d2da65be","has_more":true,"dry_run":false}
batch=216 {"success":true,"platform":"shopee","merchant_id":"ffe8519e-49a2-467b-a0ec-57d28ba8be49","shop_id":"224882570","processed":20,"updated":20,"errors":0,"api_error":null,"upsert_errors":[],"next_after_id":"295f3d7a-e4eb-433d-84e4-17dbb3970d8d","has_more":true,"dry_run":false}
batch=217 {"success":true,"platform":"shopee","merchant_id":"ffe8519e-49a2-467b-a0ec-57d28ba8be49","shop_id":"224882570","processed":20,"updated":20,"errors":0,"api_error":null,"upsert_errors":[],"next_after_id":"29954619-b75f-4b28-bcbb-544a67655c04","has_more":true,"dry_run":false}
batch=218 {"success":true,"platform":"shopee","merchant_id":"ffe8519e-49a2-467b-a0ec-57d28ba8be49","shop_id":"224882570","processed":20,"updated":20,"errors":0,"api_error":null,"upsert_errors":[],"next_after_id":"29c1e6c7-5481-4534-aa19-1b2af48c6f1d","has_more":true,"dry_run":false}
batch=219 {"success":true,"platform":"shopee","merchant_id":"ffe8519e-49a2-467b-a0ec-57d28ba8be49","shop_id":"224882570","processed":20,"updated":20,"errors":0,"api_error":null,"upsert_errors":[],"next_after_id":"29fb9254-5acb-4792-8c8b-8a3bfc217429","has_more":true,"dry_run":false}
batch=220 {"success":true,"platform":"shopee","merchant_id":"ffe8519e-49a2-467b-a0ec-57d28ba8be49","shop_id":"224882570","processed":20,"updated":20,"errors":0,"api_error":null,"upsert_errors":[],"next_after_id":"2a30cb0d-057b-4dd4-8130-ed3204d55c5a","has_more":true,"dry_run":false}
batch=221 {"success":true,"platform":"shopee","merchant_id":"ffe8519e-49a2-467b-a0ec-57d28ba8be49","shop_id":"224882570","processed":20,"updated":20,"errors":0,"api_error":null,"upsert_errors":[],"next_after_id":"2a5b16e8-1c9f-43bd-a0d0-5e45b3234982","has_more":true,"dry_run":false}
batch=222 {"success":true,"platform":"shopee","merchant_id":"ffe8519e-49a2-467b-a0ec-57d28ba8be49","shop_id":"224882570","processed":20,"updated":20,"errors":0,"api_error":null,"upsert_errors":[],"next_after_id":"2a863ebf-fd5f-43ac-9b99-ed51ef045c4c","has_more":true,"dry_run":false}
batch=223 {"success":true,"platform":"shopee","merchant_id":"ffe8519e-49a2-467b-a0ec-57d28ba8be49","shop_id":"224882570","processed":20,"updated":20,"errors":0,"api_error":null,"upsert_errors":[],"next_after_id":"2ab5ec08-2e4b-4c5b-b7fd-6cb7c08e3307","has_more":true,"dry_run":false}
batch=224 {"success":true,"platform":"shopee","merchant_id":"ffe8519e-49a2-467b-a0ec-57d28ba8be49","shop_id":"224882570","processed":20,"updated":20,"errors":0,"api_error":null,"upsert_errors":[],"next_after_id":"2aed0bd2-24a9-4fef-8506-eccbeabc5543","has_more":true,"dry_run":false}
batch=225 {"success":true,"platform":"shopee","merchant_id":"ffe8519e-49a2-467b-a0ec-57d28ba8be49","shop_id":"224882570","processed":20,"updated":20,"errors":0,"api_error":null,"upsert_errors":[],"next_after_id":"2b11f5d9-488d-414a-aabf-3a80670f2f00","has_more":true,"dry_run":false}
batch=226 {"success":true,"platform":"shopee","merchant_id":"ffe8519e-49a2-467b-a0ec-57d28ba8be49","shop_id":"224882570","processed":20,"updated":20,"errors":0,"api_error":null,"upsert_errors":[],"next_after_id":"2b32fbfe-c141-4a2a-b983-762a69ec1782","has_more":true,"dry_run":false}
batch=227 {"success":true,"platform":"shopee","merchant_id":"ffe8519e-49a2-467b-a0ec-57d28ba8be49","shop_id":"224882570","processed":20,"updated":20,"errors":0,"api_error":null,"upsert_errors":[],"next_after_id":"2b60ab33-7e79-47c6-981a-a20400cb881a","has_more":true,"dry_run":false}
batch=228 {"success":true,"platform":"shopee","merchant_id":"ffe8519e-49a2-467b-a0ec-57d28ba8be49","shop_id":"224882570","processed":20,"updated":20,"errors":0,"api_error":null,"upsert_errors":[],"next_after_id":"2b871841-76c4-4bab-872c-a55f1e85f974","has_more":true,"dry_run":false}
batch=229 {"success":true,"platform":"shopee","merchant_id":"ffe8519e-49a2-467b-a0ec-57d28ba8be49","shop_id":"224882570","processed":20,"updated":20,"errors":0,"api_error":null,"upsert_errors":[],"next_after_id":"2bba8182-cac8-481a-9f13-dd9f5d76709d","has_more":true,"dry_run":false}
batch=230 {"success":true,"platform":"shopee","merchant_id":"ffe8519e-49a2-467b-a0ec-57d28ba8be49","shop_id":"224882570","processed":20,"updated":20,"errors":0,"api_error":null,"upsert_errors":[],"next_after_id":"2bf780b8-351f-43e3-b935-21a4446cf395","has_more":true,"dry_run":false}
batch=231 {"success":true,"platform":"shopee","merchant_id":"ffe8519e-49a2-467b-a0ec-57d28ba8be49","shop_id":"224882570","processed":20,"updated":20,"errors":0,"api_error":null,"upsert_errors":[],"next_after_id":"2c1c8a45-a63b-44a5-b5b7-d75a4a787d4b","has_more":true,"dry_run":false}
batch=232 {"success":true,"platform":"shopee","merchant_id":"ffe8519e-49a2-467b-a0ec-57d28ba8be49","shop_id":"224882570","processed":20,"updated":20,"errors":0,"api_error":null,"upsert_errors":[],"next_after_id":"2c534717-5e16-42ff-ba73-59fdf9e3097e","has_more":true,"dry_run":false}
batch=233 {"success":true,"platform":"shopee","merchant_id":"ffe8519e-49a2-467b-a0ec-57d28ba8be49","shop_id":"224882570","processed":20,"updated":20,"errors":0,"api_error":null,"upsert_errors":[],"next_after_id":"2c79e26d-5a3e-4e59-8a36-ce4caa59c3d7","has_more":true,"dry_run":false}
batch=234 {"success":true,"platform":"shopee","merchant_id":"ffe8519e-49a2-467b-a0ec-57d28ba8be49","shop_id":"224882570","processed":20,"updated":20,"errors":0,"api_error":null,"upsert_errors":[],"next_after_id":"2cab2a51-8751-4a12-97ae-53e904c97787","has_more":true,"dry_run":false}
batch=235 {"success":true,"platform":"shopee","merchant_id":"ffe8519e-49a2-467b-a0ec-57d28ba8be49","shop_id":"224882570","processed":20,"updated":20,"errors":0,"api_error":null,"upsert_errors":[],"next_after_id":"2ccc88bc-cd85-4524-b6b2-533163cefffe","has_more":true,"dry_run":false}
batch=236 {"success":true,"platform":"shopee","merchant_id":"ffe8519e-49a2-467b-a0ec-57d28ba8be49","shop_id":"224882570","processed":20,"updated":20,"errors":0,"api_error":null,"upsert_errors":[],"next_after_id":"2cf2ea2f-838e-4166-894f-1d658f9b7a68","has_more":true,"dry_run":false}
batch=237 {"success":true,"platform":"shopee","merchant_id":"ffe8519e-49a2-467b-a0ec-57d28ba8be49","shop_id":"224882570","processed":20,"updated":20,"errors":0,"api_error":null,"upsert_errors":[],"next_after_id":"2d206012-535c-4b5e-a0cb-f8fe660298f9","has_more":true,"dry_run":false}
batch=238 {"success":true,"platform":"shopee","merchant_id":"ffe8519e-49a2-467b-a0ec-57d28ba8be49","shop_id":"224882570","processed":20,"updated":20,"errors":0,"api_error":null,"upsert_errors":[],"next_after_id":"2d58b040-b335-4498-b662-13b6961cab92","has_more":true,"dry_run":false}
batch=239 {"success":true,"platform":"shopee","merchant_id":"ffe8519e-49a2-467b-a0ec-57d28ba8be49","shop_id":"224882570","processed":20,"updated":20,"errors":0,"api_error":null,"upsert_errors":[],"next_after_id":"2d8b44c0-db10-4f27-b86d-1ef3cd081b9c","has_more":true,"dry_run":false}
batch=240 {"success":true,"platform":"shopee","merchant_id":"ffe8519e-49a2-467b-a0ec-57d28ba8be49","shop_id":"224882570","processed":20,"updated":20,"errors":0,"api_error":null,"upsert_errors":[],"next_after_id":"2dbce0a8-1cbb-4abb-b8ea-8f5db77775f0","has_more":true,"dry_run":false}
batch=241 {"success":true,"platform":"shopee","merchant_id":"ffe8519e-49a2-467b-a0ec-57d28ba8be49","shop_id":"224882570","processed":20,"updated":20,"errors":0,"api_error":null,"upsert_errors":[],"next_after_id":"2dfda2fa-8bff-4a51-9eb0-cb137d7bcc9a","has_more":true,"dry_run":false}
batch=242 {"success":true,"platform":"shopee","merchant_id":"ffe8519e-49a2-467b-a0ec-57d28ba8be49","shop_id":"224882570","processed":20,"updated":20,"errors":0,"api_error":null,"upsert_errors":[],"next_after_id":"2e1d0dea-7f5d-4e33-bd8a-a12650dff0b4","has_more":true,"dry_run":false}
batch=243 {"success":true,"platform":"shopee","merchant_id":"ffe8519e-49a2-467b-a0ec-57d28ba8be49","shop_id":"224882570","processed":20,"updated":20,"errors":0,"api_error":null,"upsert_errors":[],"next_after_id":"2e42a0a4-d72a-4d00-a51f-d78fa434589e","has_more":true,"dry_run":false}
batch=244 {"success":true,"platform":"shopee","merchant_id":"ffe8519e-49a2-467b-a0ec-57d28ba8be49","shop_id":"224882570","processed":20,"updated":20,"errors":0,"api_error":null,"upsert_errors":[],"next_after_id":"2e77ab98-2236-4c19-a918-26f068d4f411","has_more":true,"dry_run":false}
batch=245 {"success":true,"platform":"shopee","merchant_id":"ffe8519e-49a2-467b-a0ec-57d28ba8be49","shop_id":"224882570","processed":20,"updated":20,"errors":0,"api_error":null,"upsert_errors":[],"next_after_id":"2eb2c0e0-f021-4047-a072-03a1798a953c","has_more":true,"dry_run":false}
batch=246 {"success":true,"platform":"shopee","merchant_id":"ffe8519e-49a2-467b-a0ec-57d28ba8be49","shop_id":"224882570","processed":20,"updated":20,"errors":0,"api_error":null,"upsert_errors":[],"next_after_id":"2ed4ea98-ca03-42af-a7cc-3661673a1969","has_more":true,"dry_run":false}
batch=247 {"success":true,"platform":"shopee","merchant_id":"ffe8519e-49a2-467b-a0ec-57d28ba8be49","shop_id":"224882570","processed":20,"updated":20,"errors":0,"api_error":null,"upsert_errors":[],"next_after_id":"2efd3424-d54c-401b-8864-e62bf9bfa670","has_more":true,"dry_run":false}
batch=248 {"success":true,"platform":"shopee","merchant_id":"ffe8519e-49a2-467b-a0ec-57d28ba8be49","shop_id":"224882570","processed":20,"updated":20,"errors":0,"api_error":null,"upsert_errors":[],"next_after_id":"2f2765cb-d35b-47a5-a3e6-31355d827d12","has_more":true,"dry_run":false}
batch=249 {"success":true,"platform":"shopee","merchant_id":"ffe8519e-49a2-467b-a0ec-57d28ba8be49","shop_id":"224882570","processed":20,"updated":20,"errors":0,"api_error":null,"upsert_errors":[],"next_after_id":"2f5b6089-0d7f-4707-818e-b52dc8c29cbf","has_more":true,"dry_run":false}
batch=250 {"success":true,"platform":"shopee","merchant_id":"ffe8519e-49a2-467b-a0ec-57d28ba8be49","shop_id":"224882570","processed":20,"updated":20,"errors":0,"api_error":null,"upsert_errors":[],"next_after_id":"2f81a9e3-a5de-4221-a973-88b77035a737","has_more":true,"dry_run":false}
batch=251 {"success":true,"platform":"shopee","merchant_id":"ffe8519e-49a2-467b-a0ec-57d28ba8be49","shop_id":"224882570","processed":20,"updated":20,"errors":0,"api_error":null,"upsert_errors":[],"next_after_id":"2f98abf5-5f10-4392-a8cf-c7d7aa9ca08e","has_more":true,"dry_run":false}
batch=252 {"success":true,"platform":"shopee","merchant_id":"ffe8519e-49a2-467b-a0ec-57d28ba8be49","shop_id":"224882570","processed":20,"updated":20,"errors":0,"api_error":null,"upsert_errors":[],"next_after_id":"2fba0b2f-9811-464f-b94e-0bdad8459c2f","has_more":true,"dry_run":false}
batch=253 {"success":true,"platform":"shopee","merchant_id":"ffe8519e-49a2-467b-a0ec-57d28ba8be49","shop_id":"224882570","processed":20,"updated":20,"errors":0,"api_error":null,"upsert_errors":[],"next_after_id":"2ff82711-b327-4926-a344-3a37eed97da8","has_more":true,"dry_run":false}
batch=254 {"success":true,"platform":"shopee","merchant_id":"ffe8519e-49a2-467b-a0ec-57d28ba8be49","shop_id":"224882570","processed":20,"updated":20,"errors":0,"api_error":null,"upsert_errors":[],"next_after_id":"3026fe70-88a7-4aa0-9eb2-18c47eeccca5","has_more":true,"dry_run":false}
batch=255 {"success":true,"platform":"shopee","merchant_id":"ffe8519e-49a2-467b-a0ec-57d28ba8be49","shop_id":"224882570","processed":20,"updated":20,"errors":0,"api_error":null,"upsert_errors":[],"next_after_id":"3046163f-8703-4a65-b27a-d6d374b9f5da","has_more":true,"dry_run":false}
batch=256 {"success":true,"platform":"shopee","merchant_id":"ffe8519e-49a2-467b-a0ec-57d28ba8be49","shop_id":"224882570","processed":20,"updated":20,"errors":0,"api_error":null,"upsert_errors":[],"next_after_id":"307446a4-8400-471a-83c9-e96e9540749e","has_more":true,"dry_run":false}
batch=257 {"success":true,"platform":"shopee","merchant_id":"ffe8519e-49a2-467b-a0ec-57d28ba8be49","shop_id":"224882570","processed":20,"updated":20,"errors":0,"api_error":null,"upsert_errors":[],"next_after_id":"309ea3d9-31ec-4812-b9e8-2dda0a2de438","has_more":true,"dry_run":false}
batch=258 {"success":true,"platform":"shopee","merchant_id":"ffe8519e-49a2-467b-a0ec-57d28ba8be49","shop_id":"224882570","processed":20,"updated":20,"errors":0,"api_error":null,"upsert_errors":[],"next_after_id":"30d6b2df-92c9-46b0-9ba5-f1ca12246a9f","has_more":true,"dry_run":false}
batch=259 {"success":true,"platform":"shopee","merchant_id":"ffe8519e-49a2-467b-a0ec-57d28ba8be49","shop_id":"224882570","processed":20,"updated":20,"errors":0,"api_error":null,"upsert_errors":[],"next_after_id":"30f71005-2c36-404b-8a4c-af1dd19aca14","has_more":true,"dry_run":false}
batch=260 {"success":true,"platform":"shopee","merchant_id":"ffe8519e-49a2-467b-a0ec-57d28ba8be49","shop_id":"224882570","processed":20,"updated":20,"errors":0,"api_error":null,"upsert_errors":[],"next_after_id":"312631c8-af19-40f0-b3ea-799b6bfbf41d","has_more":true,"dry_run":false}
batch=261 {"success":true,"platform":"shopee","merchant_id":"ffe8519e-49a2-467b-a0ec-57d28ba8be49","shop_id":"224882570","processed":20,"updated":20,"errors":0,"api_error":null,"upsert_errors":[],"next_after_id":"314fc261-96f4-4af4-b82c-b9a3323011af","has_more":true,"dry_run":false}
batch=262 {"success":true,"platform":"shopee","merchant_id":"ffe8519e-49a2-467b-a0ec-57d28ba8be49","shop_id":"224882570","processed":20,"updated":20,"errors":0,"api_error":null,"upsert_errors":[],"next_after_id":"31864c27-e830-437e-a093-8bfc4e2b7e62","has_more":true,"dry_run":false}
batch=263 {"success":true,"platform":"shopee","merchant_id":"ffe8519e-49a2-467b-a0ec-57d28ba8be49","shop_id":"224882570","processed":20,"updated":20,"errors":0,"api_error":null,"upsert_errors":[],"next_after_id":"31ab9f40-e1fc-4556-87b3-1996f9f5ba6a","has_more":true,"dry_run":false}
batch=264 {"success":true,"platform":"shopee","merchant_id":"ffe8519e-49a2-467b-a0ec-57d28ba8be49","shop_id":"224882570","processed":20,"updated":20,"errors":0,"api_error":null,"upsert_errors":[],"next_after_id":"31ea66d1-bca2-4a28-abe7-f7c45d09f1c9","has_more":true,"dry_run":false}
batch=265 {"success":true,"platform":"shopee","merchant_id":"ffe8519e-49a2-467b-a0ec-57d28ba8be49","shop_id":"224882570","processed":20,"updated":20,"errors":0,"api_error":null,"upsert_errors":[],"next_after_id":"32143ec2-f221-4362-bb4c-75a1d30b2866","has_more":true,"dry_run":false}
batch=266 {"success":true,"platform":"shopee","merchant_id":"ffe8519e-49a2-467b-a0ec-57d28ba8be49","shop_id":"224882570","processed":20,"updated":20,"errors":0,"api_error":null,"upsert_errors":[],"next_after_id":"32383ec7-c803-4bc4-a22f-d7fcc8f4282c","has_more":true,"dry_run":false}
batch=267 {"success":true,"platform":"shopee","merchant_id":"ffe8519e-49a2-467b-a0ec-57d28ba8be49","shop_id":"224882570","processed":20,"updated":20,"errors":0,"api_error":null,"upsert_errors":[],"next_after_id":"326226f9-30bb-4bbf-9449-3f8a1671df36","has_more":true,"dry_run":false}
batch=268 {"success":true,"platform":"shopee","merchant_id":"ffe8519e-49a2-467b-a0ec-57d28ba8be49","shop_id":"224882570","processed":20,"updated":20,"errors":0,"api_error":null,"upsert_errors":[],"next_after_id":"329ae511-397e-457f-976b-94087962548f","has_more":true,"dry_run":false}
batch=269 {"success":true,"platform":"shopee","merchant_id":"ffe8519e-49a2-467b-a0ec-57d28ba8be49","shop_id":"224882570","processed":20,"updated":20,"errors":0,"api_error":null,"upsert_errors":[],"next_after_id":"32c8f3c9-bfa8-4d06-b166-af1298e99f9e","has_more":true,"dry_run":false}
batch=270 {"success":true,"platform":"shopee","merchant_id":"ffe8519e-49a2-467b-a0ec-57d28ba8be49","shop_id":"224882570","processed":20,"updated":20,"errors":0,"api_error":null,"upsert_errors":[],"next_after_id":"32ead6c4-6814-432e-a25b-347acba7e052","has_more":true,"dry_run":false}
batch=271 {"success":true,"platform":"shopee","merchant_id":"ffe8519e-49a2-467b-a0ec-57d28ba8be49","shop_id":"224882570","processed":20,"updated":20,"errors":0,"api_error":null,"upsert_errors":[],"next_after_id":"331da95b-797d-4790-b3eb-d9b7761e72d4","has_more":true,"dry_run":false}
batch=272 {"success":true,"platform":"shopee","merchant_id":"ffe8519e-49a2-467b-a0ec-57d28ba8be49","shop_id":"224882570","processed":20,"updated":20,"errors":0,"api_error":null,"upsert_errors":[],"next_after_id":"334b1c18-7df4-4fca-9d1e-fd37c5049895","has_more":true,"dry_run":false}
batch=273 {"success":true,"platform":"shopee","merchant_id":"ffe8519e-49a2-467b-a0ec-57d28ba8be49","shop_id":"224882570","processed":20,"updated":20,"errors":0,"api_error":null,"upsert_errors":[],"next_after_id":"337ba2f5-5832-41ba-8929-9d995e796be5","has_more":true,"dry_run":false}
batch=274 {"success":true,"platform":"shopee","merchant_id":"ffe8519e-49a2-467b-a0ec-57d28ba8be49","shop_id":"224882570","processed":20,"updated":20,"errors":0,"api_error":null,"upsert_errors":[],"next_after_id":"339411e6-be03-43ba-8b02-88cfbbd854f8","has_more":true,"dry_run":false}
batch=275 {"success":true,"platform":"shopee","merchant_id":"ffe8519e-49a2-467b-a0ec-57d28ba8be49","shop_id":"224882570","processed":20,"updated":20,"errors":0,"api_error":null,"upsert_errors":[],"next_after_id":"33c0b868-0185-4623-84dc-dd057ac65d5d","has_more":true,"dry_run":false}
batch=276 {"success":true,"platform":"shopee","merchant_id":"ffe8519e-49a2-467b-a0ec-57d28ba8be49","shop_id":"224882570","processed":20,"updated":20,"errors":0,"api_error":null,"upsert_errors":[],"next_after_id":"33e968a7-1ce5-46fa-9799-1bb752d9c3ac","has_more":true,"dry_run":false}
batch=277 {"success":true,"platform":"shopee","merchant_id":"ffe8519e-49a2-467b-a0ec-57d28ba8be49","shop_id":"224882570","processed":20,"updated":20,"errors":0,"api_error":null,"upsert_errors":[],"next_after_id":"3411e4a0-f802-4a79-a77f-a199b8b54427","has_more":true,"dry_run":false}
batch=278 {"success":true,"platform":"shopee","merchant_id":"ffe8519e-49a2-467b-a0ec-57d28ba8be49","shop_id":"224882570","processed":20,"updated":20,"errors":0,"api_error":null,"upsert_errors":[],"next_after_id":"3440dfd9-1603-420a-bc0e-d6dfe3b367a5","has_more":true,"dry_run":false}
batch=279 {"success":true,"platform":"shopee","merchant_id":"ffe8519e-49a2-467b-a0ec-57d28ba8be49","shop_id":"224882570","processed":20,"updated":20,"errors":0,"api_error":null,"upsert_errors":[],"next_after_id":"3463d7a2-d903-4715-8e88-3ccbc39358eb","has_more":true,"dry_run":false}
batch=280 {"success":true,"platform":"shopee","merchant_id":"ffe8519e-49a2-467b-a0ec-57d28ba8be49","shop_id":"224882570","processed":20,"updated":20,"errors":0,"api_error":null,"upsert_errors":[],"next_after_id":"348654d3-3051-4d4d-b558-d14d37d67f5d","has_more":true,"dry_run":false}
batch=281 {"success":true,"platform":"shopee","merchant_id":"ffe8519e-49a2-467b-a0ec-57d28ba8be49","shop_id":"224882570","processed":20,"updated":20,"errors":0,"api_error":null,"upsert_errors":[],"next_after_id":"34b1abf7-0153-45a8-bc28-b2233813849b","has_more":true,"dry_run":false}
batch=282 {"success":true,"platform":"shopee","merchant_id":"ffe8519e-49a2-467b-a0ec-57d28ba8be49","shop_id":"224882570","processed":20,"updated":20,"errors":0,"api_error":null,"upsert_errors":[],"next_after_id":"34ca4e92-e05a-4fd4-a69c-acf70dd7ef4f","has_more":true,"dry_run":false}
batch=283 {"success":true,"platform":"shopee","merchant_id":"ffe8519e-49a2-467b-a0ec-57d28ba8be49","shop_id":"224882570","processed":20,"updated":20,"errors":0,"api_error":null,"upsert_errors":[],"next_after_id":"3503ec6f-8d8e-479f-bc1c-18c77c927e91","has_more":true,"dry_run":false}
batch=284 {"success":true,"platform":"shopee","merchant_id":"ffe8519e-49a2-467b-a0ec-57d28ba8be49","shop_id":"224882570","processed":20,"updated":20,"errors":0,"api_error":null,"upsert_errors":[],"next_after_id":"3533d2b5-ca05-41c4-936c-deb70a8dd204","has_more":true,"dry_run":false}
batch=285 {"success":true,"platform":"shopee","merchant_id":"ffe8519e-49a2-467b-a0ec-57d28ba8be49","shop_id":"224882570","processed":20,"updated":20,"errors":0,"api_error":null,"upsert_errors":[],"next_after_id":"356b2405-9fb5-4ddd-9be6-a0fce72c319f","has_more":true,"dry_run":false}
batch=286 {"success":true,"platform":"shopee","merchant_id":"ffe8519e-49a2-467b-a0ec-57d28ba8be49","shop_id":"224882570","processed":20,"updated":20,"errors":0,"api_error":null,"upsert_errors":[],"next_after_id":"35a1aff9-f858-4d4c-8ab8-ed839def0567","has_more":true,"dry_run":false}
batch=287 {"success":true,"platform":"shopee","merchant_id":"ffe8519e-49a2-467b-a0ec-57d28ba8be49","shop_id":"224882570","processed":20,"updated":20,"errors":0,"api_error":null,"upsert_errors":[],"next_after_id":"35ccb748-b79e-48de-89fe-90894693d7d7","has_more":true,"dry_run":false}
batch=288 {"success":true,"platform":"shopee","merchant_id":"ffe8519e-49a2-467b-a0ec-57d28ba8be49","shop_id":"224882570","processed":20,"updated":20,"errors":0,"api_error":null,"upsert_errors":[],"next_after_id":"35f10609-a446-4b3d-9409-6dcd06fed36c","has_more":true,"dry_run":false}
batch=289 {"success":true,"platform":"shopee","merchant_id":"ffe8519e-49a2-467b-a0ec-57d28ba8be49","shop_id":"224882570","processed":20,"updated":20,"errors":0,"api_error":null,"upsert_errors":[],"next_after_id":"36180f1b-e6ba-4b40-a872-6b17074c41ef","has_more":true,"dry_run":false}
batch=290 {"success":true,"platform":"shopee","merchant_id":"ffe8519e-49a2-467b-a0ec-57d28ba8be49","shop_id":"224882570","processed":20,"updated":20,"errors":0,"api_error":null,"upsert_errors":[],"next_after_id":"364eebb7-9ec3-41eb-a99b-a7ee3089c7b4","has_more":true,"dry_run":false}
batch=291 {"success":true,"platform":"shopee","merchant_id":"ffe8519e-49a2-467b-a0ec-57d28ba8be49","shop_id":"224882570","processed":20,"updated":20,"errors":0,"api_error":null,"upsert_errors":[],"next_after_id":"36737555-e76c-4f3f-a585-819e0321ee24","has_more":true,"dry_run":false}
batch=292 {"success":true,"platform":"shopee","merchant_id":"ffe8519e-49a2-467b-a0ec-57d28ba8be49","shop_id":"224882570","processed":20,"updated":20,"errors":0,"api_error":null,"upsert_errors":[],"next_after_id":"36a7cc9b-c3cb-4762-95c2-5fbde9a63003","has_more":true,"dry_run":false}
batch=293 {"success":true,"platform":"shopee","merchant_id":"ffe8519e-49a2-467b-a0ec-57d28ba8be49","shop_id":"224882570","processed":20,"updated":20,"errors":0,"api_error":null,"upsert_errors":[],"next_after_id":"36cee535-6cc2-4bb4-b129-7c26667b4385","has_more":true,"dry_run":false}
batch=294 {"success":true,"platform":"shopee","merchant_id":"ffe8519e-49a2-467b-a0ec-57d28ba8be49","shop_id":"224882570","processed":20,"updated":20,"errors":0,"api_error":null,"upsert_errors":[],"next_after_id":"3700063c-b3f1-4a5b-9d3c-c1fc0dc5c15c","has_more":true,"dry_run":false}
batch=295 {"success":true,"platform":"shopee","merchant_id":"ffe8519e-49a2-467b-a0ec-57d28ba8be49","shop_id":"224882570","processed":20,"updated":20,"errors":0,"api_error":null,"upsert_errors":[],"next_after_id":"3732587f-9635-4279-bbd4-fdc2d0003265","has_more":true,"dry_run":false}
batch=296 {"success":true,"platform":"shopee","merchant_id":"ffe8519e-49a2-467b-a0ec-57d28ba8be49","shop_id":"224882570","processed":20,"updated":20,"errors":0,"api_error":null,"upsert_errors":[],"next_after_id":"375ae8e3-4788-4f10-859e-8a3d38cf9bea","has_more":true,"dry_run":false}
batch=297 {"success":true,"platform":"shopee","merchant_id":"ffe8519e-49a2-467b-a0ec-57d28ba8be49","shop_id":"224882570","processed":20,"updated":20,"errors":0,"api_error":null,"upsert_errors":[],"next_after_id":"378340c3-94b9-404f-a606-b7fcecc27206","has_more":true,"dry_run":false}
batch=298 {"success":true,"platform":"shopee","merchant_id":"ffe8519e-49a2-467b-a0ec-57d28ba8be49","shop_id":"224882570","processed":20,"updated":20,"errors":0,"api_error":null,"upsert_errors":[],"next_after_id":"37ca97ed-3eb2-4d9c-8e7c-7d5dc618f651","has_more":true,"dry_run":false}
batch=299 {"success":true,"platform":"shopee","merchant_id":"ffe8519e-49a2-467b-a0ec-57d28ba8be49","shop_id":"224882570","processed":20,"updated":20,"errors":0,"api_error":null,"upsert_errors":[],"next_after_id":"37f8367a-d718-4d3d-b928-61575e3798db","has_more":true,"dry_run":false}
batch=300 {"success":true,"platform":"shopee","merchant_id":"ffe8519e-49a2-467b-a0ec-57d28ba8be49","shop_id":"224882570","processed":20,"updated":20,"errors":0,"api_error":null,"upsert_errors":[],"next_after_id":"382a8a94-1268-4907-8d9d-4a03277e02b5","has_more":true,"dry_run":false}
batch=301 {"success":true,"platform":"shopee","merchant_id":"ffe8519e-49a2-467b-a0ec-57d28ba8be49","shop_id":"224882570","processed":20,"updated":20,"errors":0,"api_error":null,"upsert_errors":[],"next_after_id":"385977fd-9479-462a-8846-4a8b44e4387d","has_more":true,"dry_run":false}
batch=302 {"success":true,"platform":"shopee","merchant_id":"ffe8519e-49a2-467b-a0ec-57d28ba8be49","shop_id":"224882570","processed":20,"updated":20,"errors":0,"api_error":null,"upsert_errors":[],"next_after_id":"387872f4-53b9-4117-a783-7100132fd70c","has_more":true,"dry_run":false}
batch=303 {"success":true,"platform":"shopee","merchant_id":"ffe8519e-49a2-467b-a0ec-57d28ba8be49","shop_id":"224882570","processed":20,"updated":20,"errors":0,"api_error":null,"upsert_errors":[],"next_after_id":"3898b833-57b4-4694-bf08-6affdc19e7c4","has_more":true,"dry_run":false}
batch=304 {"success":true,"platform":"shopee","merchant_id":"ffe8519e-49a2-467b-a0ec-57d28ba8be49","shop_id":"224882570","processed":20,"updated":20,"errors":0,"api_error":null,"upsert_errors":[],"next_after_id":"38c3204b-2f3a-4b60-9183-c4b5fcc16d0c","has_more":true,"dry_run":false}
batch=305 {"success":true,"platform":"shopee","merchant_id":"ffe8519e-49a2-467b-a0ec-57d28ba8be49","shop_id":"224882570","processed":20,"updated":20,"errors":0,"api_error":null,"upsert_errors":[],"next_after_id":"38efc282-51e5-42c1-807b-801c31a72d00","has_more":true,"dry_run":false}
batch=306 {"success":true,"platform":"shopee","merchant_id":"ffe8519e-49a2-467b-a0ec-57d28ba8be49","shop_id":"224882570","processed":20,"updated":20,"errors":0,"api_error":null,"upsert_errors":[],"next_after_id":"391f885f-4e31-46d6-b8cf-3981bc2fdc67","has_more":true,"dry_run":false}
batch=307 {"success":true,"platform":"shopee","merchant_id":"ffe8519e-49a2-467b-a0ec-57d28ba8be49","shop_id":"224882570","processed":20,"updated":20,"errors":0,"api_error":null,"upsert_errors":[],"next_after_id":"395402ee-ca2f-4be4-817c-a6eea690d3f3","has_more":true,"dry_run":false}
batch=308 {"success":true,"platform":"shopee","merchant_id":"ffe8519e-49a2-467b-a0ec-57d28ba8be49","shop_id":"224882570","processed":20,"updated":20,"errors":0,"api_error":null,"upsert_errors":[],"next_after_id":"397b17ce-ea65-4e17-92cb-48c6186cc568","has_more":true,"dry_run":false}
batch=309 {"success":true,"platform":"shopee","merchant_id":"ffe8519e-49a2-467b-a0ec-57d28ba8be49","shop_id":"224882570","processed":20,"updated":20,"errors":0,"api_error":null,"upsert_errors":[],"next_after_id":"39a14a1b-cda9-4f84-afd1-3086570aeddb","has_more":true,"dry_run":false}
batch=310 {"success":true,"platform":"shopee","merchant_id":"ffe8519e-49a2-467b-a0ec-57d28ba8be49","shop_id":"224882570","processed":20,"updated":20,"errors":0,"api_error":null,"upsert_errors":[],"next_after_id":"39c35930-bad4-4110-aa93-cad5dcdcd823","has_more":true,"dry_run":false}
batch=311 {"success":true,"platform":"shopee","merchant_id":"ffe8519e-49a2-467b-a0ec-57d28ba8be49","shop_id":"224882570","processed":20,"updated":20,"errors":0,"api_error":null,"upsert_errors":[],"next_after_id":"39f61d6c-356d-4fc2-bc9f-7dafdb46297b","has_more":true,"dry_run":false}
batch=312 {"success":true,"platform":"shopee","merchant_id":"ffe8519e-49a2-467b-a0ec-57d28ba8be49","shop_id":"224882570","processed":20,"updated":20,"errors":0,"api_error":null,"upsert_errors":[],"next_after_id":"3a24e53f-d9bd-490d-a22f-797c44e115a5","has_more":true,"dry_run":false}
batch=313 {"success":true,"platform":"shopee","merchant_id":"ffe8519e-49a2-467b-a0ec-57d28ba8be49","shop_id":"224882570","processed":20,"updated":20,"errors":0,"api_error":null,"upsert_errors":[],"next_after_id":"3a4a8114-9f09-456d-95d8-bcbdd642dae5","has_more":true,"dry_run":false}
batch=314 {"success":true,"platform":"shopee","merchant_id":"ffe8519e-49a2-467b-a0ec-57d28ba8be49","shop_id":"224882570","processed":20,"updated":20,"errors":0,"api_error":null,"upsert_errors":[],"next_after_id":"3a72f682-b098-476c-b51c-1be5d5c7b09c","has_more":true,"dry_run":false}
batch=315 {"success":true,"platform":"shopee","merchant_id":"ffe8519e-49a2-467b-a0ec-57d28ba8be49","shop_id":"224882570","processed":20,"updated":20,"errors":0,"api_error":null,"upsert_errors":[],"next_after_id":"3aa0ddca-c527-4b1d-8eed-7d2649d1c253","has_more":true,"dry_run":false}
batch=316 {"success":true,"platform":"shopee","merchant_id":"ffe8519e-49a2-467b-a0ec-57d28ba8be49","shop_id":"224882570","processed":20,"updated":20,"errors":0,"api_error":null,"upsert_errors":[],"next_after_id":"3abaf0c7-a158-49f4-ad05-ec10e456ef2c","has_more":true,"dry_run":false}
batch=317 {"success":true,"platform":"shopee","merchant_id":"ffe8519e-49a2-467b-a0ec-57d28ba8be49","shop_id":"224882570","processed":20,"updated":20,"errors":0,"api_error":null,"upsert_errors":[],"next_after_id":"3ada125e-bc48-4ada-8895-fb51ee63b41b","has_more":true,"dry_run":false}
batch=318 {"success":true,"platform":"shopee","merchant_id":"ffe8519e-49a2-467b-a0ec-57d28ba8be49","shop_id":"224882570","processed":20,"updated":20,"errors":0,"api_error":null,"upsert_errors":[],"next_after_id":"3afe9ccc-0a11-4cc5-a238-9723dba7a4a6","has_more":true,"dry_run":false}
batch=319 {"success":true,"platform":"shopee","merchant_id":"ffe8519e-49a2-467b-a0ec-57d28ba8be49","shop_id":"224882570","processed":20,"updated":20,"errors":0,"api_error":null,"upsert_errors":[],"next_after_id":"3b2e8584-2c85-478d-83d5-55d1e596c212","has_more":true,"dry_run":false}
batch=320 {"success":true,"platform":"shopee","merchant_id":"ffe8519e-49a2-467b-a0ec-57d28ba8be49","shop_id":"224882570","processed":20,"updated":20,"errors":0,"api_error":null,"upsert_errors":[],"next_after_id":"3b5ac258-b197-41d2-8a7d-8a27ec9d7df2","has_more":true,"dry_run":false}
batch=321 {"success":true,"platform":"shopee","merchant_id":"ffe8519e-49a2-467b-a0ec-57d28ba8be49","shop_id":"224882570","processed":20,"updated":20,"errors":0,"api_error":null,"upsert_errors":[],"next_after_id":"3b8a2236-80a5-43b7-b83c-01654df88b77","has_more":true,"dry_run":false}
batch=322 {"success":true,"platform":"shopee","merchant_id":"ffe8519e-49a2-467b-a0ec-57d28ba8be49","shop_id":"224882570","processed":20,"updated":20,"errors":0,"api_error":null,"upsert_errors":[],"next_after_id":"3bb7fb07-bdc1-4b9e-9262-56fae421c148","has_more":true,"dry_run":false}
batch=323 {"success":true,"platform":"shopee","merchant_id":"ffe8519e-49a2-467b-a0ec-57d28ba8be49","shop_id":"224882570","processed":20,"updated":20,"errors":0,"api_error":null,"upsert_errors":[],"next_after_id":"3bdd6833-b560-4c47-bf92-6e99c9889ebe","has_more":true,"dry_run":false}
batch=324 {"success":true,"platform":"shopee","merchant_id":"ffe8519e-49a2-467b-a0ec-57d28ba8be49","shop_id":"224882570","processed":20,"updated":20,"errors":0,"api_error":null,"upsert_errors":[],"next_after_id":"3c16dfa0-4977-4bab-a27b-fb90fe00c174","has_more":true,"dry_run":false}
batch=325 {"success":true,"platform":"shopee","merchant_id":"ffe8519e-49a2-467b-a0ec-57d28ba8be49","shop_id":"224882570","processed":20,"updated":20,"errors":0,"api_error":null,"upsert_errors":[],"next_after_id":"3c462ca8-9427-4cfa-a2ad-17fd7b9660e3","has_more":true,"dry_run":false}
batch=326 {"success":true,"platform":"shopee","merchant_id":"ffe8519e-49a2-467b-a0ec-57d28ba8be49","shop_id":"224882570","processed":20,"updated":20,"errors":0,"api_error":null,"upsert_errors":[],"next_after_id":"3c7c4218-ba1e-4cfb-a3d0-15f29d284140","has_more":true,"dry_run":false}
batch=327 {"success":true,"platform":"shopee","merchant_id":"ffe8519e-49a2-467b-a0ec-57d28ba8be49","shop_id":"224882570","processed":20,"updated":20,"errors":0,"api_error":null,"upsert_errors":[],"next_after_id":"3ca90062-125b-4aa1-aea5-3cd5585e1b83","has_more":true,"dry_run":false}
batch=328 {"success":true,"platform":"shopee","merchant_id":"ffe8519e-49a2-467b-a0ec-57d28ba8be49","shop_id":"224882570","processed":20,"updated":20,"errors":0,"api_error":null,"upsert_errors":[],"next_after_id":"3ccc148d-4b46-4999-9203-3ca111793e19","has_more":true,"dry_run":false}
batch=329 {"success":true,"platform":"shopee","merchant_id":"ffe8519e-49a2-467b-a0ec-57d28ba8be49","shop_id":"224882570","processed":20,"updated":20,"errors":0,"api_error":null,"upsert_errors":[],"next_after_id":"3d05b323-e556-4cea-9090-e1d87dbdeaee","has_more":true,"dry_run":false}
batch=330 {"success":true,"platform":"shopee","merchant_id":"ffe8519e-49a2-467b-a0ec-57d28ba8be49","shop_id":"224882570","processed":20,"updated":20,"errors":0,"api_error":null,"upsert_errors":[],"next_after_id":"3d31f9f1-5dbe-4993-bffe-9e9a91b4c154","has_more":true,"dry_run":false}
batch=331 {"success":true,"platform":"shopee","merchant_id":"ffe8519e-49a2-467b-a0ec-57d28ba8be49","shop_id":"224882570","processed":20,"updated":20,"errors":0,"api_error":null,"upsert_errors":[],"next_after_id":"3d68d155-10d4-46c4-9921-88b5a220c91c","has_more":true,"dry_run":false}
batch=332 {"success":true,"platform":"shopee","merchant_id":"ffe8519e-49a2-467b-a0ec-57d28ba8be49","shop_id":"224882570","processed":20,"updated":20,"errors":0,"api_error":null,"upsert_errors":[],"next_after_id":"3d8c109f-9f02-42f2-93e2-3a4ec6c95559","has_more":true,"dry_run":false}
batch=333 {"success":true,"platform":"shopee","merchant_id":"ffe8519e-49a2-467b-a0ec-57d28ba8be49","shop_id":"224882570","processed":20,"updated":20,"errors":0,"api_error":null,"upsert_errors":[],"next_after_id":"3dbbe165-9d4f-491f-8183-40c893c11985","has_more":true,"dry_run":false}
batch=334 {"success":true,"platform":"shopee","merchant_id":"ffe8519e-49a2-467b-a0ec-57d28ba8be49","shop_id":"224882570","processed":20,"updated":20,"errors":0,"api_error":null,"upsert_errors":[],"next_after_id":"3df03400-48a5-488c-a4a4-cbd824e8928f","has_more":true,"dry_run":false}
batch=335 {"success":true,"platform":"shopee","merchant_id":"ffe8519e-49a2-467b-a0ec-57d28ba8be49","shop_id":"224882570","processed":20,"updated":20,"errors":0,"api_error":null,"upsert_errors":[],"next_after_id":"3e164808-8d76-41e2-8561-c4a54d603601","has_more":true,"dry_run":false}
batch=336 {"success":true,"platform":"shopee","merchant_id":"ffe8519e-49a2-467b-a0ec-57d28ba8be49","shop_id":"224882570","processed":20,"updated":20,"errors":0,"api_error":null,"upsert_errors":[],"next_after_id":"3e3d2f2b-cb43-424f-a4e9-727a9cb47060","has_more":true,"dry_run":false}
batch=337 {"success":true,"platform":"shopee","merchant_id":"ffe8519e-49a2-467b-a0ec-57d28ba8be49","shop_id":"224882570","processed":20,"updated":20,"errors":0,"api_error":null,"upsert_errors":[],"next_after_id":"3e5a441d-368a-4747-9c1d-6aa73b7926ab","has_more":true,"dry_run":false}
batch=338 {"success":true,"platform":"shopee","merchant_id":"ffe8519e-49a2-467b-a0ec-57d28ba8be49","shop_id":"224882570","processed":20,"updated":20,"errors":0,"api_error":null,"upsert_errors":[],"next_after_id":"3e83d6dd-d301-4a72-96ac-1e850d4453be","has_more":true,"dry_run":false}
batch=339 {"success":true,"platform":"shopee","merchant_id":"ffe8519e-49a2-467b-a0ec-57d28ba8be49","shop_id":"224882570","processed":20,"updated":20,"errors":0,"api_error":null,"upsert_errors":[],"next_after_id":"3ebc48fa-71ba-4807-90c1-eaab6a7e43d0","has_more":true,"dry_run":false}
batch=340 {"success":true,"platform":"shopee","merchant_id":"ffe8519e-49a2-467b-a0ec-57d28ba8be49","shop_id":"224882570","processed":20,"updated":20,"errors":0,"api_error":null,"upsert_errors":[],"next_after_id":"3f06721d-0c13-4dc5-97eb-f565716e8f97","has_more":true,"dry_run":false}
batch=341 {"success":true,"platform":"shopee","merchant_id":"ffe8519e-49a2-467b-a0ec-57d28ba8be49","shop_id":"224882570","processed":20,"updated":20,"errors":0,"api_error":null,"upsert_errors":[],"next_after_id":"3f298228-2174-4dc9-b714-78b393de32cf","has_more":true,"dry_run":false}
batch=342 {"success":true,"platform":"shopee","merchant_id":"ffe8519e-49a2-467b-a0ec-57d28ba8be49","shop_id":"224882570","processed":20,"updated":20,"errors":0,"api_error":null,"upsert_errors":[],"next_after_id":"3f57fce2-2458-4817-bfa1-1cf49d2c32e2","has_more":true,"dry_run":false}
batch=343 {"success":true,"platform":"shopee","merchant_id":"ffe8519e-49a2-467b-a0ec-57d28ba8be49","shop_id":"224882570","processed":20,"updated":20,"errors":0,"api_error":null,"upsert_errors":[],"next_after_id":"3f8c3398-e7e5-41a5-89cd-bec59146a26a","has_more":true,"dry_run":false}
batch=344 {"success":true,"platform":"shopee","merchant_id":"ffe8519e-49a2-467b-a0ec-57d28ba8be49","shop_id":"224882570","processed":20,"updated":20,"errors":0,"api_error":null,"upsert_errors":[],"next_after_id":"3face8ed-90a3-42be-8de1-ffa8889c7734","has_more":true,"dry_run":false}
batch=345 {"success":true,"platform":"shopee","merchant_id":"ffe8519e-49a2-467b-a0ec-57d28ba8be49","shop_id":"224882570","processed":20,"updated":20,"errors":0,"api_error":null,"upsert_errors":[],"next_after_id":"3fd8e4fc-fb13-4352-8178-b74caba381ff","has_more":true,"dry_run":false}
batch=346 {"success":true,"platform":"shopee","merchant_id":"ffe8519e-49a2-467b-a0ec-57d28ba8be49","shop_id":"224882570","processed":20,"updated":20,"errors":0,"api_error":null,"upsert_errors":[],"next_after_id":"400e0b43-834f-4bde-b9ca-967c3980da72","has_more":true,"dry_run":false}
batch=347 {"success":true,"platform":"shopee","merchant_id":"ffe8519e-49a2-467b-a0ec-57d28ba8be49","shop_id":"224882570","processed":20,"updated":20,"errors":0,"api_error":null,"upsert_errors":[],"next_after_id":"4031a7c3-b331-4fc8-9ccd-2851d314d18c","has_more":true,"dry_run":false}
batch=348 {"success":true,"platform":"shopee","merchant_id":"ffe8519e-49a2-467b-a0ec-57d28ba8be49","shop_id":"224882570","processed":20,"updated":20,"errors":0,"api_error":null,"upsert_errors":[],"next_after_id":"405de608-7733-4a4a-b11c-20e3f1b112e5","has_more":true,"dry_run":false}
batch=349 {"success":true,"platform":"shopee","merchant_id":"ffe8519e-49a2-467b-a0ec-57d28ba8be49","shop_id":"224882570","processed":20,"updated":20,"errors":0,"api_error":null,"upsert_errors":[],"next_after_id":"40868295-50e4-40d2-afb6-e0e2ab9fb20d","has_more":true,"dry_run":false}
batch=350 {"success":true,"platform":"shopee","merchant_id":"ffe8519e-49a2-467b-a0ec-57d28ba8be49","shop_id":"224882570","processed":20,"updated":20,"errors":0,"api_error":null,"upsert_errors":[],"next_after_id":"40b17c54-2267-4048-ad8b-f276f27bf221","has_more":true,"dry_run":false}
batch=351 {"success":true,"platform":"shopee","merchant_id":"ffe8519e-49a2-467b-a0ec-57d28ba8be49","shop_id":"224882570","processed":20,"updated":20,"errors":0,"api_error":null,"upsert_errors":[],"next_after_id":"40ea09ec-d11a-4343-967d-2ab08f1cf8b7","has_more":true,"dry_run":false}
batch=352 {"success":true,"platform":"shopee","merchant_id":"ffe8519e-49a2-467b-a0ec-57d28ba8be49","shop_id":"224882570","processed":20,"updated":20,"errors":0,"api_error":null,"upsert_errors":[],"next_after_id":"4118e383-a820-4550-9a64-f3882a3fb589","has_more":true,"dry_run":false}
batch=353 {"success":true,"platform":"shopee","merchant_id":"ffe8519e-49a2-467b-a0ec-57d28ba8be49","shop_id":"224882570","processed":20,"updated":20,"errors":0,"api_error":null,"upsert_errors":[],"next_after_id":"414d72a5-27d5-4fdf-baf4-1ed9e6a2c452","has_more":true,"dry_run":false}
batch=354 {"success":true,"platform":"shopee","merchant_id":"ffe8519e-49a2-467b-a0ec-57d28ba8be49","shop_id":"224882570","processed":20,"updated":20,"errors":0,"api_error":null,"upsert_errors":[],"next_after_id":"41738f8d-d48e-4394-85f1-c8a3cac9ad9c","has_more":true,"dry_run":false}
batch=355 {"success":true,"platform":"shopee","merchant_id":"ffe8519e-49a2-467b-a0ec-57d28ba8be49","shop_id":"224882570","processed":20,"updated":20,"errors":0,"api_error":null,"upsert_errors":[],"next_after_id":"41a58248-0b4c-4641-aa18-8b45575cd19b","has_more":true,"dry_run":false}
batch=356 {"success":true,"platform":"shopee","merchant_id":"ffe8519e-49a2-467b-a0ec-57d28ba8be49","shop_id":"224882570","processed":20,"updated":20,"errors":0,"api_error":null,"upsert_errors":[],"next_after_id":"41dab534-14fc-4004-92b0-d50c6735046b","has_more":true,"dry_run":false}
batch=357 {"success":true,"platform":"shopee","merchant_id":"ffe8519e-49a2-467b-a0ec-57d28ba8be49","shop_id":"224882570","processed":20,"updated":20,"errors":0,"api_error":null,"upsert_errors":[],"next_after_id":"420d9a0e-8c6f-4eb0-9ab6-c726a31f609b","has_more":true,"dry_run":false}
batch=358 {"success":true,"platform":"shopee","merchant_id":"ffe8519e-49a2-467b-a0ec-57d28ba8be49","shop_id":"224882570","processed":20,"updated":20,"errors":0,"api_error":null,"upsert_errors":[],"next_after_id":"422be701-0fef-43e4-a72c-d1814c40eb85","has_more":true,"dry_run":false}
batch=359 {"success":true,"platform":"shopee","merchant_id":"ffe8519e-49a2-467b-a0ec-57d28ba8be49","shop_id":"224882570","processed":20,"updated":20,"errors":0,"api_error":null,"upsert_errors":[],"next_after_id":"426ba262-60b3-477b-a8d4-d9561b25878c","has_more":true,"dry_run":false}
batch=360 {"success":true,"platform":"shopee","merchant_id":"ffe8519e-49a2-467b-a0ec-57d28ba8be49","shop_id":"224882570","processed":20,"updated":20,"errors":0,"api_error":null,"upsert_errors":[],"next_after_id":"429a08b5-7a42-4584-8c5e-bd203ae2fbb8","has_more":true,"dry_run":false}
batch=361 {"success":true,"platform":"shopee","merchant_id":"ffe8519e-49a2-467b-a0ec-57d28ba8be49","shop_id":"224882570","processed":20,"updated":20,"errors":0,"api_error":null,"upsert_errors":[],"next_after_id":"42bcfdd5-2253-4d21-ac67-4953d65109f1","has_more":true,"dry_run":false}
batch=362 {"success":true,"platform":"shopee","merchant_id":"ffe8519e-49a2-467b-a0ec-57d28ba8be49","shop_id":"224882570","processed":20,"updated":20,"errors":0,"api_error":null,"upsert_errors":[],"next_after_id":"42ed61bf-81b3-4a00-b3b4-a04ba36f5bcc","has_more":true,"dry_run":false}
batch=363 {"success":true,"platform":"shopee","merchant_id":"ffe8519e-49a2-467b-a0ec-57d28ba8be49","shop_id":"224882570","processed":20,"updated":20,"errors":0,"api_error":null,"upsert_errors":[],"next_after_id":"4319a71d-3a1b-4e68-a66d-a171882d216f","has_more":true,"dry_run":false}
batch=364 {"success":true,"platform":"shopee","merchant_id":"ffe8519e-49a2-467b-a0ec-57d28ba8be49","shop_id":"224882570","processed":20,"updated":20,"errors":0,"api_error":null,"upsert_errors":[],"next_after_id":"4341ee24-c9fa-4c2f-9129-4214c8ce2ba3","has_more":true,"dry_run":false}
batch=365 {"success":true,"platform":"shopee","merchant_id":"ffe8519e-49a2-467b-a0ec-57d28ba8be49","shop_id":"224882570","processed":20,"updated":20,"errors":0,"api_error":null,"upsert_errors":[],"next_after_id":"43658940-751f-43e2-914b-4e06e3977ebe","has_more":true,"dry_run":false}
batch=366 {"success":true,"platform":"shopee","merchant_id":"ffe8519e-49a2-467b-a0ec-57d28ba8be49","shop_id":"224882570","processed":20,"updated":20,"errors":0,"api_error":null,"upsert_errors":[],"next_after_id":"43912b2f-35a5-4a8c-9e0f-67424ba4c842","has_more":true,"dry_run":false}
batch=367 {"success":true,"platform":"shopee","merchant_id":"ffe8519e-49a2-467b-a0ec-57d28ba8be49","shop_id":"224882570","processed":20,"updated":20,"errors":0,"api_error":null,"upsert_errors":[],"next_after_id":"43bc50c1-e7d4-4058-b316-780aa020f161","has_more":true,"dry_run":false}
batch=368 {"success":true,"platform":"shopee","merchant_id":"ffe8519e-49a2-467b-a0ec-57d28ba8be49","shop_id":"224882570","processed":20,"updated":20,"errors":0,"api_error":null,"upsert_errors":[],"next_after_id":"43e05caa-123c-45d2-bfc1-d40f485bc2aa","has_more":true,"dry_run":false}
batch=369 {"success":true,"platform":"shopee","merchant_id":"ffe8519e-49a2-467b-a0ec-57d28ba8be49","shop_id":"224882570","processed":20,"updated":20,"errors":0,"api_error":null,"upsert_errors":[],"next_after_id":"44085725-8f6d-4691-b7c7-854508fdf590","has_more":true,"dry_run":false}
batch=370 {"success":true,"platform":"shopee","merchant_id":"ffe8519e-49a2-467b-a0ec-57d28ba8be49","shop_id":"224882570","processed":20,"updated":20,"errors":0,"api_error":null,"upsert_errors":[],"next_after_id":"443b8295-94b6-4808-a696-516099edb17a","has_more":true,"dry_run":false}
batch=371 {"success":true,"platform":"shopee","merchant_id":"ffe8519e-49a2-467b-a0ec-57d28ba8be49","shop_id":"224882570","processed":20,"updated":20,"errors":0,"api_error":null,"upsert_errors":[],"next_after_id":"445dbe68-af07-4a2d-a752-985f329855f3","has_more":true,"dry_run":false}
batch=372 {"success":true,"platform":"shopee","merchant_id":"ffe8519e-49a2-467b-a0ec-57d28ba8be49","shop_id":"224882570","processed":20,"updated":20,"errors":0,"api_error":null,"upsert_errors":[],"next_after_id":"44853cbe-5167-4992-8525-51f7a740243f","has_more":true,"dry_run":false}
batch=373 {"success":true,"platform":"shopee","merchant_id":"ffe8519e-49a2-467b-a0ec-57d28ba8be49","shop_id":"224882570","processed":20,"updated":20,"errors":0,"api_error":null,"upsert_errors":[],"next_after_id":"44a78a7c-e764-4b0c-9cb9-e2d7f2f59546","has_more":true,"dry_run":false}
batch=374 {"success":true,"platform":"shopee","merchant_id":"ffe8519e-49a2-467b-a0ec-57d28ba8be49","shop_id":"224882570","processed":20,"updated":20,"errors":0,"api_error":null,"upsert_errors":[],"next_after_id":"44d02b65-4b51-4519-9503-5651bd31482a","has_more":true,"dry_run":false}
batch=375 {"success":true,"platform":"shopee","merchant_id":"ffe8519e-49a2-467b-a0ec-57d28ba8be49","shop_id":"224882570","processed":20,"updated":20,"errors":0,"api_error":null,"upsert_errors":[],"next_after_id":"44fd5d3e-7202-4d98-8faa-3bfc05f6c3af","has_more":true,"dry_run":false}
batch=376 {"success":true,"platform":"shopee","merchant_id":"ffe8519e-49a2-467b-a0ec-57d28ba8be49","shop_id":"224882570","processed":20,"updated":20,"errors":0,"api_error":null,"upsert_errors":[],"next_after_id":"452e0f78-635e-454d-9093-a999e6892eab","has_more":true,"dry_run":false}
batch=377 {"success":true,"platform":"shopee","merchant_id":"ffe8519e-49a2-467b-a0ec-57d28ba8be49","shop_id":"224882570","processed":20,"updated":20,"errors":0,"api_error":null,"upsert_errors":[],"next_after_id":"455d0ca7-e739-458f-aafa-bf0aa95fb1aa","has_more":true,"dry_run":false}
batch=378 {"success":true,"platform":"shopee","merchant_id":"ffe8519e-49a2-467b-a0ec-57d28ba8be49","shop_id":"224882570","processed":20,"updated":20,"errors":0,"api_error":null,"upsert_errors":[],"next_after_id":"458a4fbc-d237-45c6-bf90-ca2e59ed9ec8","has_more":true,"dry_run":false}
batch=379 {"success":true,"platform":"shopee","merchant_id":"ffe8519e-49a2-467b-a0ec-57d28ba8be49","shop_id":"224882570","processed":20,"updated":20,"errors":0,"api_error":null,"upsert_errors":[],"next_after_id":"45c7c952-1da6-4811-986d-8be8cf9d4e85","has_more":true,"dry_run":false}
batch=380 {"success":true,"platform":"shopee","merchant_id":"ffe8519e-49a2-467b-a0ec-57d28ba8be49","shop_id":"224882570","processed":20,"updated":20,"errors":0,"api_error":null,"upsert_errors":[],"next_after_id":"45f2a9e4-abc9-4f97-b5c1-c0d983b6fb32","has_more":true,"dry_run":false}
batch=381 {"success":true,"platform":"shopee","merchant_id":"ffe8519e-49a2-467b-a0ec-57d28ba8be49","shop_id":"224882570","processed":20,"updated":20,"errors":0,"api_error":null,"upsert_errors":[],"next_after_id":"461f85b3-e95b-48e4-8932-bb49f4d7ffa2","has_more":true,"dry_run":false}
batch=382 {"success":true,"platform":"shopee","merchant_id":"ffe8519e-49a2-467b-a0ec-57d28ba8be49","shop_id":"224882570","processed":20,"updated":20,"errors":0,"api_error":null,"upsert_errors":[],"next_after_id":"4643272f-4b63-4ec5-906d-7346d82cffa1","has_more":true,"dry_run":false}
batch=383 {"success":true,"platform":"shopee","merchant_id":"ffe8519e-49a2-467b-a0ec-57d28ba8be49","shop_id":"224882570","processed":20,"updated":20,"errors":0,"api_error":null,"upsert_errors":[],"next_after_id":"466cbbe8-572c-405c-8318-60d3ee508cd1","has_more":true,"dry_run":false}
batch=384 {"success":true,"platform":"shopee","merchant_id":"ffe8519e-49a2-467b-a0ec-57d28ba8be49","shop_id":"224882570","processed":20,"updated":20,"errors":0,"api_error":null,"upsert_errors":[],"next_after_id":"468a75ec-7c70-4038-97ca-be93fde99066","has_more":true,"dry_run":false}
batch=385 {"success":true,"platform":"shopee","merchant_id":"ffe8519e-49a2-467b-a0ec-57d28ba8be49","shop_id":"224882570","processed":20,"updated":20,"errors":0,"api_error":null,"upsert_errors":[],"next_after_id":"46b411f1-33c0-4d09-a501-9a25efde0cfc","has_more":true,"dry_run":false}
batch=386 {"success":true,"platform":"shopee","merchant_id":"ffe8519e-49a2-467b-a0ec-57d28ba8be49","shop_id":"224882570","processed":20,"updated":20,"errors":0,"api_error":null,"upsert_errors":[],"next_after_id":"46cfde18-002a-4522-84e2-95f8dae69915","has_more":true,"dry_run":false}
batch=387 {"success":true,"platform":"shopee","merchant_id":"ffe8519e-49a2-467b-a0ec-57d28ba8be49","shop_id":"224882570","processed":20,"updated":20,"errors":0,"api_error":null,"upsert_errors":[],"next_after_id":"46f645a6-0881-4d6c-bbc8-04cd4b198345","has_more":true,"dry_run":false}
batch=388 {"success":true,"platform":"shopee","merchant_id":"ffe8519e-49a2-467b-a0ec-57d28ba8be49","shop_id":"224882570","processed":20,"updated":20,"errors":0,"api_error":null,"upsert_errors":[],"next_after_id":"471cad2d-b12e-4067-bc37-0ff6de14a4b5","has_more":true,"dry_run":false}
batch=389 {"success":true,"platform":"shopee","merchant_id":"ffe8519e-49a2-467b-a0ec-57d28ba8be49","shop_id":"224882570","processed":20,"updated":20,"errors":0,"api_error":null,"upsert_errors":[],"next_after_id":"4737d9c5-f13d-4c84-a7d7-77b19431a3d3","has_more":true,"dry_run":false}
batch=390 {"success":true,"platform":"shopee","merchant_id":"ffe8519e-49a2-467b-a0ec-57d28ba8be49","shop_id":"224882570","processed":20,"updated":20,"errors":0,"api_error":null,"upsert_errors":[],"next_after_id":"4761cc24-2ba1-4b40-8f2f-caf83175c482","has_more":true,"dry_run":false}
batch=391 {"success":true,"platform":"shopee","merchant_id":"ffe8519e-49a2-467b-a0ec-57d28ba8be49","shop_id":"224882570","processed":20,"updated":20,"errors":0,"api_error":null,"upsert_errors":[],"next_after_id":"47988301-af17-40cd-a7ed-37084d3e6c3c","has_more":true,"dry_run":false}
batch=392 {"success":true,"platform":"shopee","merchant_id":"ffe8519e-49a2-467b-a0ec-57d28ba8be49","shop_id":"224882570","processed":20,"updated":20,"errors":0,"api_error":null,"upsert_errors":[],"next_after_id":"47c857ec-c851-4376-ba52-26c9bdf11b37","has_more":true,"dry_run":false}
batch=393 {"success":true,"platform":"shopee","merchant_id":"ffe8519e-49a2-467b-a0ec-57d28ba8be49","shop_id":"224882570","processed":20,"updated":20,"errors":0,"api_error":null,"upsert_errors":[],"next_after_id":"47f937d2-a245-4368-a132-61b4f3a5ce6b","has_more":true,"dry_run":false}
batch=394 {"success":true,"platform":"shopee","merchant_id":"ffe8519e-49a2-467b-a0ec-57d28ba8be49","shop_id":"224882570","processed":20,"updated":20,"errors":0,"api_error":null,"upsert_errors":[],"next_after_id":"481cb70c-27f2-43fa-b060-8e7aef0efb0c","has_more":true,"dry_run":false}
batch=395 {"success":true,"platform":"shopee","merchant_id":"ffe8519e-49a2-467b-a0ec-57d28ba8be49","shop_id":"224882570","processed":20,"updated":20,"errors":0,"api_error":null,"upsert_errors":[],"next_after_id":"48544410-8140-41ec-834e-893ad10cb6f3","has_more":true,"dry_run":false}
batch=396 {"success":true,"platform":"shopee","merchant_id":"ffe8519e-49a2-467b-a0ec-57d28ba8be49","shop_id":"224882570","processed":20,"updated":20,"errors":0,"api_error":null,"upsert_errors":[],"next_after_id":"487aac99-fc4f-47ba-b29e-258ed53331f9","has_more":true,"dry_run":false}
batch=397 {"success":true,"platform":"shopee","merchant_id":"ffe8519e-49a2-467b-a0ec-57d28ba8be49","shop_id":"224882570","processed":20,"updated":20,"errors":0,"api_error":null,"upsert_errors":[],"next_after_id":"48a309ef-1016-421a-9960-0cd483f4e6f8","has_more":true,"dry_run":false}
batch=398 {"success":true,"platform":"shopee","merchant_id":"ffe8519e-49a2-467b-a0ec-57d28ba8be49","shop_id":"224882570","processed":20,"updated":20,"errors":0,"api_error":null,"upsert_errors":[],"next_after_id":"48d387bf-e3c2-45b9-818c-8cca3aebf8ba","has_more":true,"dry_run":false}
batch=399 {"success":true,"platform":"shopee","merchant_id":"ffe8519e-49a2-467b-a0ec-57d28ba8be49","shop_id":"224882570","processed":20,"updated":20,"errors":0,"api_error":null,"upsert_errors":[],"next_after_id":"49067a54-8ee4-4045-b617-32a065e598a4","has_more":true,"dry_run":false}
batch=400 {"success":true,"platform":"shopee","merchant_id":"ffe8519e-49a2-467b-a0ec-57d28ba8be49","shop_id":"224882570","processed":20,"updated":20,"errors":0,"api_error":null,"upsert_errors":[],"next_after_id":"492bd1e1-7563-4f3b-9e0b-066b7a6b0320","has_more":true,"dry_run":false}
batch=401 {"success":true,"platform":"shopee","merchant_id":"ffe8519e-49a2-467b-a0ec-57d28ba8be49","shop_id":"224882570","processed":20,"updated":20,"errors":0,"api_error":null,"upsert_errors":[],"next_after_id":"49552e60-801e-4916-ad8d-10906a3df913","has_more":true,"dry_run":false}
batch=402 {"success":true,"platform":"shopee","merchant_id":"ffe8519e-49a2-467b-a0ec-57d28ba8be49","shop_id":"224882570","processed":20,"updated":20,"errors":0,"api_error":null,"upsert_errors":[],"next_after_id":"497367ad-2272-45e8-9c9a-9dae06d94b1b","has_more":true,"dry_run":false}
batch=403 {"success":true,"platform":"shopee","merchant_id":"ffe8519e-49a2-467b-a0ec-57d28ba8be49","shop_id":"224882570","processed":20,"updated":20,"errors":0,"api_error":null,"upsert_errors":[],"next_after_id":"49ae0938-52f0-44e6-bfb4-73f03c49c97f","has_more":true,"dry_run":false}
batch=404 {"success":true,"platform":"shopee","merchant_id":"ffe8519e-49a2-467b-a0ec-57d28ba8be49","shop_id":"224882570","processed":20,"updated":20,"errors":0,"api_error":null,"upsert_errors":[],"next_after_id":"49dd2adc-fcd7-47f3-9007-db9ca668dd81","has_more":true,"dry_run":false}
batch=405 {"success":true,"platform":"shopee","merchant_id":"ffe8519e-49a2-467b-a0ec-57d28ba8be49","shop_id":"224882570","processed":20,"updated":20,"errors":0,"api_error":null,"upsert_errors":[],"next_after_id":"4a0ca77b-d51c-4f3e-95da-6725abfb46fa","has_more":true,"dry_run":false}
batch=406 {"success":true,"platform":"shopee","merchant_id":"ffe8519e-49a2-467b-a0ec-57d28ba8be49","shop_id":"224882570","processed":20,"updated":20,"errors":0,"api_error":null,"upsert_errors":[],"next_after_id":"4a4854e0-9928-42cd-8475-01df4ed71ba1","has_more":true,"dry_run":false}
batch=407 {"success":true,"platform":"shopee","merchant_id":"ffe8519e-49a2-467b-a0ec-57d28ba8be49","shop_id":"224882570","processed":20,"updated":20,"errors":0,"api_error":null,"upsert_errors":[],"next_after_id":"4a7ce0de-51fb-4ea1-9b8a-616c79102df2","has_more":true,"dry_run":false}
batch=408 {"success":true,"platform":"shopee","merchant_id":"ffe8519e-49a2-467b-a0ec-57d28ba8be49","shop_id":"224882570","processed":20,"updated":20,"errors":0,"api_error":null,"upsert_errors":[],"next_after_id":"4aa870a3-b777-4048-8273-d0149dbe77f4","has_more":true,"dry_run":false}
batch=409 {"success":true,"platform":"shopee","merchant_id":"ffe8519e-49a2-467b-a0ec-57d28ba8be49","shop_id":"224882570","processed":20,"updated":20,"errors":0,"api_error":null,"upsert_errors":[],"next_after_id":"4addf71d-1daf-49ce-aecf-1dc1ee795b7c","has_more":true,"dry_run":false}
batch=410 {"success":true,"platform":"shopee","merchant_id":"ffe8519e-49a2-467b-a0ec-57d28ba8be49","shop_id":"224882570","processed":20,"updated":20,"errors":0,"api_error":null,"upsert_errors":[],"next_after_id":"4affbacb-e072-41d4-aa50-5a75dd04f32f","has_more":true,"dry_run":false}
batch=411 {"success":true,"platform":"shopee","merchant_id":"ffe8519e-49a2-467b-a0ec-57d28ba8be49","shop_id":"224882570","processed":20,"updated":20,"errors":0,"api_error":null,"upsert_errors":[],"next_after_id":"4b38601e-be2a-4955-b088-80b1578c7952","has_more":true,"dry_run":false}
batch=412 {"success":true,"platform":"shopee","merchant_id":"ffe8519e-49a2-467b-a0ec-57d28ba8be49","shop_id":"224882570","processed":20,"updated":20,"errors":0,"api_error":null,"upsert_errors":[],"next_after_id":"4b6a51a3-5903-4cb2-aeb8-231d736ba9a1","has_more":true,"dry_run":false}
batch=413 {"success":true,"platform":"shopee","merchant_id":"ffe8519e-49a2-467b-a0ec-57d28ba8be49","shop_id":"224882570","processed":20,"updated":20,"errors":0,"api_error":null,"upsert_errors":[],"next_after_id":"4ba3f13d-0ef6-48b6-b476-de12aae162a9","has_more":true,"dry_run":false}
batch=414 {"success":true,"platform":"shopee","merchant_id":"ffe8519e-49a2-467b-a0ec-57d28ba8be49","shop_id":"224882570","processed":20,"updated":20,"errors":0,"api_error":null,"upsert_errors":[],"next_after_id":"4bcd8868-b8ba-4a97-babb-c053673216a5","has_more":true,"dry_run":false}
batch=415 {"success":true,"platform":"shopee","merchant_id":"ffe8519e-49a2-467b-a0ec-57d28ba8be49","shop_id":"224882570","processed":20,"updated":20,"errors":0,"api_error":null,"upsert_errors":[],"next_after_id":"4bf1b80a-ede8-46e1-ae1b-841a6231b228","has_more":true,"dry_run":false}
batch=416 {"success":true,"platform":"shopee","merchant_id":"ffe8519e-49a2-467b-a0ec-57d28ba8be49","shop_id":"224882570","processed":20,"updated":20,"errors":0,"api_error":null,"upsert_errors":[],"next_after_id":"4c27af01-4b4a-4fbe-9335-f5105da93581","has_more":true,"dry_run":false}
batch=417 {"success":true,"platform":"shopee","merchant_id":"ffe8519e-49a2-467b-a0ec-57d28ba8be49","shop_id":"224882570","processed":20,"updated":20,"errors":0,"api_error":null,"upsert_errors":[],"next_after_id":"4c5277df-79c8-4cf9-be32-d7b8ce26ffb0","has_more":true,"dry_run":false}
batch=418 {"success":true,"platform":"shopee","merchant_id":"ffe8519e-49a2-467b-a0ec-57d28ba8be49","shop_id":"224882570","processed":20,"updated":20,"errors":0,"api_error":null,"upsert_errors":[],"next_after_id":"4c9b2a05-f56d-408c-807c-bc70ffce4fa3","has_more":true,"dry_run":false}
batch=419 {"success":true,"platform":"shopee","merchant_id":"ffe8519e-49a2-467b-a0ec-57d28ba8be49","shop_id":"224882570","processed":20,"updated":20,"errors":0,"api_error":null,"upsert_errors":[],"next_after_id":"4ccd787a-009f-4699-ac3e-b342a5b687ef","has_more":true,"dry_run":false}
batch=420 {"success":true,"platform":"shopee","merchant_id":"ffe8519e-49a2-467b-a0ec-57d28ba8be49","shop_id":"224882570","processed":20,"updated":20,"errors":0,"api_error":null,"upsert_errors":[],"next_after_id":"4cea9c8d-74a3-42da-8bc4-9cc8624ed870","has_more":true,"dry_run":false}
batch=421 {"success":true,"platform":"shopee","merchant_id":"ffe8519e-49a2-467b-a0ec-57d28ba8be49","shop_id":"224882570","processed":20,"updated":20,"errors":0,"api_error":null,"upsert_errors":[],"next_after_id":"4d191bf7-40e8-4062-950a-caa492cdb9d8","has_more":true,"dry_run":false}
batch=422 {"success":true,"platform":"shopee","merchant_id":"ffe8519e-49a2-467b-a0ec-57d28ba8be49","shop_id":"224882570","processed":20,"updated":20,"errors":0,"api_error":null,"upsert_errors":[],"next_after_id":"4d572420-ae24-45cd-bbe6-127355836e1a","has_more":true,"dry_run":false}
batch=423 {"success":true,"platform":"shopee","merchant_id":"ffe8519e-49a2-467b-a0ec-57d28ba8be49","shop_id":"224882570","processed":20,"updated":20,"errors":0,"api_error":null,"upsert_errors":[],"next_after_id":"4d7fe664-c97e-47cd-be20-f292fc26ae3e","has_more":true,"dry_run":false}
batch=424 {"success":true,"platform":"shopee","merchant_id":"ffe8519e-49a2-467b-a0ec-57d28ba8be49","shop_id":"224882570","processed":20,"updated":20,"errors":0,"api_error":null,"upsert_errors":[],"next_after_id":"4dbb50ab-310b-494c-bca3-03cd4fa7daf6","has_more":true,"dry_run":false}
batch=425 {"success":true,"platform":"shopee","merchant_id":"ffe8519e-49a2-467b-a0ec-57d28ba8be49","shop_id":"224882570","processed":20,"updated":20,"errors":0,"api_error":null,"upsert_errors":[],"next_after_id":"4de8d14a-7518-48d3-8e65-82e501555848","has_more":true,"dry_run":false}
batch=426 {"success":true,"platform":"shopee","merchant_id":"ffe8519e-49a2-467b-a0ec-57d28ba8be49","shop_id":"224882570","processed":20,"updated":20,"errors":0,"api_error":null,"upsert_errors":[],"next_after_id":"4e18d69e-9dbe-4294-b440-6802c3f21d98","has_more":true,"dry_run":false}
batch=427 {"success":true,"platform":"shopee","merchant_id":"ffe8519e-49a2-467b-a0ec-57d28ba8be49","shop_id":"224882570","processed":20,"updated":20,"errors":0,"api_error":null,"upsert_errors":[],"next_after_id":"4e4b6f99-5e8c-4953-b307-84abd9fd00d4","has_more":true,"dry_run":false}
batch=428 {"success":true,"platform":"shopee","merchant_id":"ffe8519e-49a2-467b-a0ec-57d28ba8be49","shop_id":"224882570","processed":20,"updated":20,"errors":0,"api_error":null,"upsert_errors":[],"next_after_id":"4e8c485f-4732-42bc-a81d-88079faa501e","has_more":true,"dry_run":false}
batch=429 {"success":true,"platform":"shopee","merchant_id":"ffe8519e-49a2-467b-a0ec-57d28ba8be49","shop_id":"224882570","processed":20,"updated":20,"errors":0,"api_error":null,"upsert_errors":[],"next_after_id":"4eb9f187-c9b9-4d96-b0be-d6db66a6d2c8","has_more":true,"dry_run":false}
batch=430 {"success":true,"platform":"shopee","merchant_id":"ffe8519e-49a2-467b-a0ec-57d28ba8be49","shop_id":"224882570","processed":20,"updated":20,"errors":0,"api_error":null,"upsert_errors":[],"next_after_id":"4ed939a1-b1c5-4fef-87f8-2bf647db4370","has_more":true,"dry_run":false}
batch=431 {"success":true,"platform":"shopee","merchant_id":"ffe8519e-49a2-467b-a0ec-57d28ba8be49","shop_id":"224882570","processed":20,"updated":20,"errors":0,"api_error":null,"upsert_errors":[],"next_after_id":"4f047d6c-b8f3-444a-87d3-79e5f9898da4","has_more":true,"dry_run":false}
batch=432 {"success":true,"platform":"shopee","merchant_id":"ffe8519e-49a2-467b-a0ec-57d28ba8be49","shop_id":"224882570","processed":20,"updated":20,"errors":0,"api_error":null,"upsert_errors":[],"next_after_id":"4f2efd62-cab3-43b1-a3bd-96f17271316f","has_more":true,"dry_run":false}
batch=433 {"success":true,"platform":"shopee","merchant_id":"ffe8519e-49a2-467b-a0ec-57d28ba8be49","shop_id":"224882570","processed":20,"updated":20,"errors":0,"api_error":null,"upsert_errors":[],"next_after_id":"4f617db0-f1cb-476f-b21f-68160daaf206","has_more":true,"dry_run":false}
batch=434 {"success":true,"platform":"shopee","merchant_id":"ffe8519e-49a2-467b-a0ec-57d28ba8be49","shop_id":"224882570","processed":20,"updated":20,"errors":0,"api_error":null,"upsert_errors":[],"next_after_id":"4f871d0c-4062-4959-b81f-d5215af00ee5","has_more":true,"dry_run":false}
batch=435 {"success":true,"platform":"shopee","merchant_id":"ffe8519e-49a2-467b-a0ec-57d28ba8be49","shop_id":"224882570","processed":20,"updated":19,"errors":1,"api_error":null,"upsert_errors":[{"order_sn":"2608101KUAV8E8","error":"ON CONFLICT DO UPDATE command cannot affect row a second time"}],"next_after_id":"4fb51fd4-fe5f-4e81-87ac-18ee9cf098b9","has_more":true,"dry_run":false}
batch=436 {"success":true,"platform":"shopee","merchant_id":"ffe8519e-49a2-467b-a0ec-57d28ba8be49","shop_id":"224882570","processed":20,"updated":20,"errors":0,"api_error":null,"upsert_errors":[],"next_after_id":"4fd89374-157f-4e19-8a94-76a999e1189a","has_more":true,"dry_run":false}
batch=437 {"success":true,"platform":"shopee","merchant_id":"ffe8519e-49a2-467b-a0ec-57d28ba8be49","shop_id":"224882570","processed":20,"updated":20,"errors":0,"api_error":null,"upsert_errors":[],"next_after_id":"500b5185-09cb-4bb2-a813-e7c2a5dacad6","has_more":true,"dry_run":false}
batch=438 {"success":true,"platform":"shopee","merchant_id":"ffe8519e-49a2-467b-a0ec-57d28ba8be49","shop_id":"224882570","processed":20,"updated":20,"errors":0,"api_error":null,"upsert_errors":[],"next_after_id":"503c2781-93d9-4b6d-940a-5ccc59a0e1fc","has_more":true,"dry_run":false}
batch=439 {"success":true,"platform":"shopee","merchant_id":"ffe8519e-49a2-467b-a0ec-57d28ba8be49","shop_id":"224882570","processed":20,"updated":20,"errors":0,"api_error":null,"upsert_errors":[],"next_after_id":"505ee594-325d-4171-ba0e-b1a2afd628e9","has_more":true,"dry_run":false}
batch=440 {"success":true,"platform":"shopee","merchant_id":"ffe8519e-49a2-467b-a0ec-57d28ba8be49","shop_id":"224882570","processed":20,"updated":20,"errors":0,"api_error":null,"upsert_errors":[],"next_after_id":"50967c76-9a4f-4022-b84e-37a69047af6d","has_more":true,"dry_run":false}
batch=441 {"success":true,"platform":"shopee","merchant_id":"ffe8519e-49a2-467b-a0ec-57d28ba8be49","shop_id":"224882570","processed":20,"updated":20,"errors":0,"api_error":null,"upsert_errors":[],"next_after_id":"50cbbb23-6e1d-4e57-9196-8b5741bb9367","has_more":true,"dry_run":false}
batch=442 {"success":true,"platform":"shopee","merchant_id":"ffe8519e-49a2-467b-a0ec-57d28ba8be49","shop_id":"224882570","processed":20,"updated":20,"errors":0,"api_error":null,"upsert_errors":[],"next_after_id":"50fc3cfc-903a-499e-9d04-d16454c3c04e","has_more":true,"dry_run":false}
batch=443 {"success":true,"platform":"shopee","merchant_id":"ffe8519e-49a2-467b-a0ec-57d28ba8be49","shop_id":"224882570","processed":20,"updated":20,"errors":0,"api_error":null,"upsert_errors":[],"next_after_id":"513327ea-5e8e-45cd-9063-ae1d036fdc26","has_more":true,"dry_run":false}
batch=444 {"success":true,"platform":"shopee","merchant_id":"ffe8519e-49a2-467b-a0ec-57d28ba8be49","shop_id":"224882570","processed":20,"updated":20,"errors":0,"api_error":null,"upsert_errors":[],"next_after_id":"516afbbe-1656-4123-a7cb-45b0ea47b5d0","has_more":true,"dry_run":false}
batch=445 {"success":true,"platform":"shopee","merchant_id":"ffe8519e-49a2-467b-a0ec-57d28ba8be49","shop_id":"224882570","processed":20,"updated":20,"errors":0,"api_error":null,"upsert_errors":[],"next_after_id":"51b62910-b8c1-4563-b100-ba84d86e07ce","has_more":true,"dry_run":false}
batch=446 {"success":true,"platform":"shopee","merchant_id":"ffe8519e-49a2-467b-a0ec-57d28ba8be49","shop_id":"224882570","processed":20,"updated":20,"errors":0,"api_error":null,"upsert_errors":[],"next_after_id":"51e2feef-3ef8-4854-86b6-2c76302932d6","has_more":true,"dry_run":false}
batch=447 {"success":true,"platform":"shopee","merchant_id":"ffe8519e-49a2-467b-a0ec-57d28ba8be49","shop_id":"224882570","processed":20,"updated":20,"errors":0,"api_error":null,"upsert_errors":[],"next_after_id":"52106c94-40f7-4fa1-9869-3d55450d0fcc","has_more":true,"dry_run":false}
batch=448 {"success":true,"platform":"shopee","merchant_id":"ffe8519e-49a2-467b-a0ec-57d28ba8be49","shop_id":"224882570","processed":20,"updated":20,"errors":0,"api_error":null,"upsert_errors":[],"next_after_id":"523f1229-541c-40d2-9321-f3cd1b453b47","has_more":true,"dry_run":false}
batch=449 {"success":true,"platform":"shopee","merchant_id":"ffe8519e-49a2-467b-a0ec-57d28ba8be49","shop_id":"224882570","processed":20,"updated":20,"errors":0,"api_error":null,"upsert_errors":[],"next_after_id":"5269fe6f-d7aa-411a-a895-7eea3f5dd6e8","has_more":true,"dry_run":false}
batch=450 {"success":true,"platform":"shopee","merchant_id":"ffe8519e-49a2-467b-a0ec-57d28ba8be49","shop_id":"224882570","processed":20,"updated":20,"errors":0,"api_error":null,"upsert_errors":[],"next_after_id":"529dfd3c-0d82-4de1-af2d-48dafafd43fe","has_more":true,"dry_run":false}
batch=451 {"success":true,"platform":"shopee","merchant_id":"ffe8519e-49a2-467b-a0ec-57d28ba8be49","shop_id":"224882570","processed":20,"updated":20,"errors":0,"api_error":null,"upsert_errors":[],"next_after_id":"52be3e5e-390a-4e8a-94ca-ccf0f10f01d3","has_more":true,"dry_run":false}
batch=452 {"success":true,"platform":"shopee","merchant_id":"ffe8519e-49a2-467b-a0ec-57d28ba8be49","shop_id":"224882570","processed":20,"updated":20,"errors":0,"api_error":null,"upsert_errors":[],"next_after_id":"52e77c9c-204c-47b6-80c8-e185ff30bce3","has_more":true,"dry_run":false}
batch=453 {"success":true,"platform":"shopee","merchant_id":"ffe8519e-49a2-467b-a0ec-57d28ba8be49","shop_id":"224882570","processed":20,"updated":20,"errors":0,"api_error":null,"upsert_errors":[],"next_after_id":"53177127-51e6-44f4-964d-2b486e19a879","has_more":true,"dry_run":false}
batch=454 {"success":true,"platform":"shopee","merchant_id":"ffe8519e-49a2-467b-a0ec-57d28ba8be49","shop_id":"224882570","processed":20,"updated":20,"errors":0,"api_error":null,"upsert_errors":[],"next_after_id":"533f9b95-de3a-432b-b1aa-0d18370abfd9","has_more":true,"dry_run":false}
batch=455 {"success":true,"platform":"shopee","merchant_id":"ffe8519e-49a2-467b-a0ec-57d28ba8be49","shop_id":"224882570","processed":20,"updated":20,"errors":0,"api_error":null,"upsert_errors":[],"next_after_id":"5374790f-2342-4d6a-9f26-b8e1cea56fc3","has_more":true,"dry_run":false}
batch=456 {"success":true,"platform":"shopee","merchant_id":"ffe8519e-49a2-467b-a0ec-57d28ba8be49","shop_id":"224882570","processed":20,"updated":20,"errors":0,"api_error":null,"upsert_errors":[],"next_after_id":"53af4b4c-b1ea-4045-8740-56a18d9a892f","has_more":true,"dry_run":false}
batch=457 {"success":true,"platform":"shopee","merchant_id":"ffe8519e-49a2-467b-a0ec-57d28ba8be49","shop_id":"224882570","processed":20,"updated":20,"errors":0,"api_error":null,"upsert_errors":[],"next_after_id":"53e0190a-96fe-45b6-a447-c200b1767710","has_more":true,"dry_run":false}
batch=458 {"success":true,"platform":"shopee","merchant_id":"ffe8519e-49a2-467b-a0ec-57d28ba8be49","shop_id":"224882570","processed":20,"updated":20,"errors":0,"api_error":null,"upsert_errors":[],"next_after_id":"542059a8-ed0e-4e92-b768-55471fcac36a","has_more":true,"dry_run":false}
batch=459 {"success":true,"platform":"shopee","merchant_id":"ffe8519e-49a2-467b-a0ec-57d28ba8be49","shop_id":"224882570","processed":20,"updated":20,"errors":0,"api_error":null,"upsert_errors":[],"next_after_id":"5446061b-b739-4e21-a058-c2c3cd4bc2e3","has_more":true,"dry_run":false}
batch=460 {"success":true,"platform":"shopee","merchant_id":"ffe8519e-49a2-467b-a0ec-57d28ba8be49","shop_id":"224882570","processed":20,"updated":20,"errors":0,"api_error":null,"upsert_errors":[],"next_after_id":"5478f0eb-e1fa-4aba-ba0a-d0fa1aecee48","has_more":true,"dry_run":false}
batch=461 {"success":true,"platform":"shopee","merchant_id":"ffe8519e-49a2-467b-a0ec-57d28ba8be49","shop_id":"224882570","processed":20,"updated":20,"errors":0,"api_error":null,"upsert_errors":[],"next_after_id":"549f2e56-240e-4b3f-b4e9-803deeaae207","has_more":true,"dry_run":false}
batch=462 {"success":true,"platform":"shopee","merchant_id":"ffe8519e-49a2-467b-a0ec-57d28ba8be49","shop_id":"224882570","processed":20,"updated":20,"errors":0,"api_error":null,"upsert_errors":[],"next_after_id":"54caee57-85e0-4a1a-8e9b-cddd9c7afe04","has_more":true,"dry_run":false}
batch=463 {"success":true,"platform":"shopee","merchant_id":"ffe8519e-49a2-467b-a0ec-57d28ba8be49","shop_id":"224882570","processed":20,"updated":20,"errors":0,"api_error":null,"upsert_errors":[],"next_after_id":"54eb2385-5a0a-4928-8abf-d4f386ca10d3","has_more":true,"dry_run":false}
batch=464 {"success":true,"platform":"shopee","merchant_id":"ffe8519e-49a2-467b-a0ec-57d28ba8be49","shop_id":"224882570","processed":20,"updated":20,"errors":0,"api_error":null,"upsert_errors":[],"next_after_id":"552ef1a2-6548-47e4-b44a-61f8b618a3a4","has_more":true,"dry_run":false}
batch=465 {"success":true,"platform":"shopee","merchant_id":"ffe8519e-49a2-467b-a0ec-57d28ba8be49","shop_id":"224882570","processed":20,"updated":20,"errors":0,"api_error":null,"upsert_errors":[],"next_after_id":"556bb4b1-beeb-4a67-af7e-8e0408cedf45","has_more":true,"dry_run":false}
batch=466 {"success":true,"platform":"shopee","merchant_id":"ffe8519e-49a2-467b-a0ec-57d28ba8be49","shop_id":"224882570","processed":20,"updated":20,"errors":0,"api_error":null,"upsert_errors":[],"next_after_id":"55ae0621-2349-446c-a787-6c7dd5304baa","has_more":true,"dry_run":false}
batch=467 {"success":true,"platform":"shopee","merchant_id":"ffe8519e-49a2-467b-a0ec-57d28ba8be49","shop_id":"224882570","processed":20,"updated":20,"errors":0,"api_error":null,"upsert_errors":[],"next_after_id":"55d7ff8c-b466-4334-829d-438bc6befab3","has_more":true,"dry_run":false}
batch=468 {"success":true,"platform":"shopee","merchant_id":"ffe8519e-49a2-467b-a0ec-57d28ba8be49","shop_id":"224882570","processed":20,"updated":20,"errors":0,"api_error":null,"upsert_errors":[],"next_after_id":"5607afe2-b5fb-466c-a00c-62bb8dc11011","has_more":true,"dry_run":false}
batch=469 {"success":true,"platform":"shopee","merchant_id":"ffe8519e-49a2-467b-a0ec-57d28ba8be49","shop_id":"224882570","processed":20,"updated":20,"errors":0,"api_error":null,"upsert_errors":[],"next_after_id":"56308deb-7874-4b0f-8d00-e7baef377f08","has_more":true,"dry_run":false}
batch=470 {"success":true,"platform":"shopee","merchant_id":"ffe8519e-49a2-467b-a0ec-57d28ba8be49","shop_id":"224882570","processed":20,"updated":20,"errors":0,"api_error":null,"upsert_errors":[],"next_after_id":"56632717-22db-4568-a0cf-69d733fb2dfb","has_more":true,"dry_run":false}
batch=471 {"success":true,"platform":"shopee","merchant_id":"ffe8519e-49a2-467b-a0ec-57d28ba8be49","shop_id":"224882570","processed":20,"updated":20,"errors":0,"api_error":null,"upsert_errors":[],"next_after_id":"5686da53-836e-4821-a81e-2f022774bf30","has_more":true,"dry_run":false}
batch=472 {"success":true,"platform":"shopee","merchant_id":"ffe8519e-49a2-467b-a0ec-57d28ba8be49","shop_id":"224882570","processed":20,"updated":20,"errors":0,"api_error":null,"upsert_errors":[],"next_after_id":"56c727e0-2624-4fc0-8ced-5c1b37bf4b75","has_more":true,"dry_run":false}
batch=473 {"success":true,"platform":"shopee","merchant_id":"ffe8519e-49a2-467b-a0ec-57d28ba8be49","shop_id":"224882570","processed":20,"updated":20,"errors":0,"api_error":null,"upsert_errors":[],"next_after_id":"56f265ec-0419-4ff1-ba6a-ae015bc6d977","has_more":true,"dry_run":false}
batch=474 {"success":true,"platform":"shopee","merchant_id":"ffe8519e-49a2-467b-a0ec-57d28ba8be49","shop_id":"224882570","processed":20,"updated":20,"errors":0,"api_error":null,"upsert_errors":[],"next_after_id":"5719a139-2ce6-4831-8949-16e96d9d31ca","has_more":true,"dry_run":false}
batch=475 {"success":true,"platform":"shopee","merchant_id":"ffe8519e-49a2-467b-a0ec-57d28ba8be49","shop_id":"224882570","processed":20,"updated":20,"errors":0,"api_error":null,"upsert_errors":[],"next_after_id":"5736fec8-2524-46ca-bbab-5b9082ad50cf","has_more":true,"dry_run":false}
batch=476 {"success":true,"platform":"shopee","merchant_id":"ffe8519e-49a2-467b-a0ec-57d28ba8be49","shop_id":"224882570","processed":20,"updated":20,"errors":0,"api_error":null,"upsert_errors":[],"next_after_id":"575dbb2b-ac43-40c9-8557-fa98749fc7b5","has_more":true,"dry_run":false}
batch=477 {"success":true,"platform":"shopee","merchant_id":"ffe8519e-49a2-467b-a0ec-57d28ba8be49","shop_id":"224882570","processed":20,"updated":20,"errors":0,"api_error":null,"upsert_errors":[],"next_after_id":"578d9048-f9b3-4cf2-8a58-d954258536c7","has_more":true,"dry_run":false}
batch=478 {"success":true,"platform":"shopee","merchant_id":"ffe8519e-49a2-467b-a0ec-57d28ba8be49","shop_id":"224882570","processed":20,"updated":20,"errors":0,"api_error":null,"upsert_errors":[],"next_after_id":"57b32075-748e-4cad-9e6d-d40bb6f32b68","has_more":true,"dry_run":false}
batch=479 {"success":true,"platform":"shopee","merchant_id":"ffe8519e-49a2-467b-a0ec-57d28ba8be49","shop_id":"224882570","processed":20,"updated":20,"errors":0,"api_error":null,"upsert_errors":[],"next_after_id":"57e740ef-c100-491a-a9a0-9cbc7414cb58","has_more":true,"dry_run":false}
batch=480 {"success":true,"platform":"shopee","merchant_id":"ffe8519e-49a2-467b-a0ec-57d28ba8be49","shop_id":"224882570","processed":20,"updated":20,"errors":0,"api_error":null,"upsert_errors":[],"next_after_id":"58218f6c-0a46-4c74-9599-fea85c3cd8fc","has_more":true,"dry_run":false}
batch=481 {"success":true,"platform":"shopee","merchant_id":"ffe8519e-49a2-467b-a0ec-57d28ba8be49","shop_id":"224882570","processed":20,"updated":20,"errors":0,"api_error":null,"upsert_errors":[],"next_after_id":"58511149-1f1f-4a04-927c-39d301115bee","has_more":true,"dry_run":false}
batch=482 {"success":true,"platform":"shopee","merchant_id":"ffe8519e-49a2-467b-a0ec-57d28ba8be49","shop_id":"224882570","processed":20,"updated":20,"errors":0,"api_error":null,"upsert_errors":[],"next_after_id":"5881ea90-81b4-44bf-9f64-5939d70b8826","has_more":true,"dry_run":false}
batch=483 {"success":true,"platform":"shopee","merchant_id":"ffe8519e-49a2-467b-a0ec-57d28ba8be49","shop_id":"224882570","processed":20,"updated":20,"errors":0,"api_error":null,"upsert_errors":[],"next_after_id":"58ca2954-e359-406b-8f72-3efccdc9aaf7","has_more":true,"dry_run":false}
batch=484 {"success":true,"platform":"shopee","merchant_id":"ffe8519e-49a2-467b-a0ec-57d28ba8be49","shop_id":"224882570","processed":20,"updated":20,"errors":0,"api_error":null,"upsert_errors":[],"next_after_id":"58eaf06c-fb5f-4dd8-803b-6639e7629073","has_more":true,"dry_run":false}
batch=485 {"success":true,"platform":"shopee","merchant_id":"ffe8519e-49a2-467b-a0ec-57d28ba8be49","shop_id":"224882570","processed":20,"updated":20,"errors":0,"api_error":null,"upsert_errors":[],"next_after_id":"590c82d0-cf1b-48bb-9377-e561d35d60ff","has_more":true,"dry_run":false}
batch=486 {"success":true,"platform":"shopee","merchant_id":"ffe8519e-49a2-467b-a0ec-57d28ba8be49","shop_id":"224882570","processed":20,"updated":20,"errors":0,"api_error":null,"upsert_errors":[],"next_after_id":"592add1d-e581-4002-9fb6-291d7fe8e495","has_more":true,"dry_run":false}
batch=487 {"success":true,"platform":"shopee","merchant_id":"ffe8519e-49a2-467b-a0ec-57d28ba8be49","shop_id":"224882570","processed":20,"updated":20,"errors":0,"api_error":null,"upsert_errors":[],"next_after_id":"59635816-6ac4-457b-b984-55c6218c2cc6","has_more":true,"dry_run":false}
batch=488 {"success":true,"platform":"shopee","merchant_id":"ffe8519e-49a2-467b-a0ec-57d28ba8be49","shop_id":"224882570","processed":20,"updated":20,"errors":0,"api_error":null,"upsert_errors":[],"next_after_id":"59929060-65fb-430e-81d3-f8fb7af22286","has_more":true,"dry_run":false}
batch=489 {"success":true,"platform":"shopee","merchant_id":"ffe8519e-49a2-467b-a0ec-57d28ba8be49","shop_id":"224882570","processed":20,"updated":20,"errors":0,"api_error":null,"upsert_errors":[],"next_after_id":"59aee92e-7bfd-4f53-9330-8027f945e350","has_more":true,"dry_run":false}
batch=490 {"success":true,"platform":"shopee","merchant_id":"ffe8519e-49a2-467b-a0ec-57d28ba8be49","shop_id":"224882570","processed":20,"updated":20,"errors":0,"api_error":null,"upsert_errors":[],"next_after_id":"59dc3ab3-3222-4c90-9b54-cf8b2da3da15","has_more":true,"dry_run":false}
batch=491 {"success":true,"platform":"shopee","merchant_id":"ffe8519e-49a2-467b-a0ec-57d28ba8be49","shop_id":"224882570","processed":20,"updated":20,"errors":0,"api_error":null,"upsert_errors":[],"next_after_id":"5a088b97-6e3f-4b1d-9015-6431efafbadf","has_more":true,"dry_run":false}
batch=492 {"success":true,"platform":"shopee","merchant_id":"ffe8519e-49a2-467b-a0ec-57d28ba8be49","shop_id":"224882570","processed":20,"updated":20,"errors":0,"api_error":null,"upsert_errors":[],"next_after_id":"5a2756ad-0722-4ba0-abb0-4a877e2d17f1","has_more":true,"dry_run":false}
batch=493 {"success":true,"platform":"shopee","merchant_id":"ffe8519e-49a2-467b-a0ec-57d28ba8be49","shop_id":"224882570","processed":20,"updated":20,"errors":0,"api_error":null,"upsert_errors":[],"next_after_id":"5a474f82-6973-4ee9-b9fe-8bab5e2c2781","has_more":true,"dry_run":false}
batch=494 {"success":true,"platform":"shopee","merchant_id":"ffe8519e-49a2-467b-a0ec-57d28ba8be49","shop_id":"224882570","processed":20,"updated":20,"errors":0,"api_error":null,"upsert_errors":[],"next_after_id":"5a79797d-8e13-46a0-a88c-dc35b72acf16","has_more":true,"dry_run":false}
batch=495 {"success":true,"platform":"shopee","merchant_id":"ffe8519e-49a2-467b-a0ec-57d28ba8be49","shop_id":"224882570","processed":20,"updated":20,"errors":0,"api_error":null,"upsert_errors":[],"next_after_id":"5aa61d7f-82e3-4728-9aa0-5ec3543aba21","has_more":true,"dry_run":false}
batch=496 {"success":true,"platform":"shopee","merchant_id":"ffe8519e-49a2-467b-a0ec-57d28ba8be49","shop_id":"224882570","processed":20,"updated":20,"errors":0,"api_error":null,"upsert_errors":[],"next_after_id":"5ac59f90-7f92-4d77-9542-71ac04b3fa70","has_more":true,"dry_run":false}
batch=497 {"success":true,"platform":"shopee","merchant_id":"ffe8519e-49a2-467b-a0ec-57d28ba8be49","shop_id":"224882570","processed":20,"updated":20,"errors":0,"api_error":null,"upsert_errors":[],"next_after_id":"5ae9534e-5a0c-46a3-a75f-4cf780b1713e","has_more":true,"dry_run":false}
batch=498 {"success":true,"platform":"shopee","merchant_id":"ffe8519e-49a2-467b-a0ec-57d28ba8be49","shop_id":"224882570","processed":20,"updated":20,"errors":0,"api_error":null,"upsert_errors":[],"next_after_id":"5b257c41-8cb4-4e5f-9ca5-6c560846d141","has_more":true,"dry_run":false}
batch=499 {"success":true,"platform":"shopee","merchant_id":"ffe8519e-49a2-467b-a0ec-57d28ba8be49","shop_id":"224882570","processed":20,"updated":20,"errors":0,"api_error":null,"upsert_errors":[],"next_after_id":"5b533d51-6d1b-45b9-adba-8fc3321be369","has_more":true,"dry_run":false}
batch=500 {"success":true,"platform":"shopee","merchant_id":"ffe8519e-49a2-467b-a0ec-57d28ba8be49","shop_id":"224882570","processed":20,"updated":20,"errors":0,"api_error":null,"upsert_errors":[],"next_after_id":"5b80af8f-292c-477b-be4d-cb322c834f1a","has_more":true,"dry_run":false}
batch=501 {"success":true,"platform":"shopee","merchant_id":"ffe8519e-49a2-467b-a0ec-57d28ba8be49","shop_id":"224882570","processed":20,"updated":20,"errors":0,"api_error":null,"upsert_errors":[],"next_after_id":"5bb3a32d-32a2-4cd3-9f08-b795beb6ef04","has_more":true,"dry_run":false}
batch=502 {"success":true,"platform":"shopee","merchant_id":"ffe8519e-49a2-467b-a0ec-57d28ba8be49","shop_id":"224882570","processed":20,"updated":20,"errors":0,"api_error":null,"upsert_errors":[],"next_after_id":"5bd32b38-ad89-4838-9735-422886b9e63f","has_more":true,"dry_run":false}
batch=503 {"success":true,"platform":"shopee","merchant_id":"ffe8519e-49a2-467b-a0ec-57d28ba8be49","shop_id":"224882570","processed":20,"updated":20,"errors":0,"api_error":null,"upsert_errors":[],"next_after_id":"5bf10988-9f0c-4f82-b1a4-5b008ff94a42","has_more":true,"dry_run":false}
batch=504 {"success":true,"platform":"shopee","merchant_id":"ffe8519e-49a2-467b-a0ec-57d28ba8be49","shop_id":"224882570","processed":20,"updated":20,"errors":0,"api_error":null,"upsert_errors":[],"next_after_id":"5c227951-cc13-41af-8251-6194b4b48a88","has_more":true,"dry_run":false}
batch=505 {"success":true,"platform":"shopee","merchant_id":"ffe8519e-49a2-467b-a0ec-57d28ba8be49","shop_id":"224882570","processed":20,"updated":20,"errors":0,"api_error":null,"upsert_errors":[],"next_after_id":"5c4ed059-76f4-4bfc-8565-99286143b615","has_more":true,"dry_run":false}
batch=506 {"success":true,"platform":"shopee","merchant_id":"ffe8519e-49a2-467b-a0ec-57d28ba8be49","shop_id":"224882570","processed":20,"updated":20,"errors":0,"api_error":null,"upsert_errors":[],"next_after_id":"5c7e903c-2b3b-4578-87f9-e7680e661fa4","has_more":true,"dry_run":false}
batch=507 {"success":true,"platform":"shopee","merchant_id":"ffe8519e-49a2-467b-a0ec-57d28ba8be49","shop_id":"224882570","processed":20,"updated":20,"errors":0,"api_error":null,"upsert_errors":[],"next_after_id":"5c9b6d94-6084-4802-81b9-5d471dc6245f","has_more":true,"dry_run":false}
batch=508 {"success":true,"platform":"shopee","merchant_id":"ffe8519e-49a2-467b-a0ec-57d28ba8be49","shop_id":"224882570","processed":20,"updated":20,"errors":0,"api_error":null,"upsert_errors":[],"next_after_id":"5cc48aae-7d3c-4002-8c38-36f9490c4621","has_more":true,"dry_run":false}
batch=509 {"success":true,"platform":"shopee","merchant_id":"ffe8519e-49a2-467b-a0ec-57d28ba8be49","shop_id":"224882570","processed":20,"updated":20,"errors":0,"api_error":null,"upsert_errors":[],"next_after_id":"5cf15038-8bf1-4d7e-8cbd-e25267e5ba51","has_more":true,"dry_run":false}
batch=510 {"success":true,"platform":"shopee","merchant_id":"ffe8519e-49a2-467b-a0ec-57d28ba8be49","shop_id":"224882570","processed":20,"updated":20,"errors":0,"api_error":null,"upsert_errors":[],"next_after_id":"5d15975a-59d9-4d0f-833f-49c843f3223b","has_more":true,"dry_run":false}
batch=511 {"success":true,"platform":"shopee","merchant_id":"ffe8519e-49a2-467b-a0ec-57d28ba8be49","shop_id":"224882570","processed":20,"updated":20,"errors":0,"api_error":null,"upsert_errors":[],"next_after_id":"5d41e286-acf0-4a34-a29e-239535f2f46f","has_more":true,"dry_run":false}
batch=512 {"success":true,"platform":"shopee","merchant_id":"ffe8519e-49a2-467b-a0ec-57d28ba8be49","shop_id":"224882570","processed":20,"updated":20,"errors":0,"api_error":null,"upsert_errors":[],"next_after_id":"5d68238d-2738-4304-ac90-b89e6f496457","has_more":true,"dry_run":false}
batch=513 {"success":true,"platform":"shopee","merchant_id":"ffe8519e-49a2-467b-a0ec-57d28ba8be49","shop_id":"224882570","processed":20,"updated":20,"errors":0,"api_error":null,"upsert_errors":[],"next_after_id":"5d8b788c-841b-4981-8c39-7cbb6859c8f9","has_more":true,"dry_run":false}
batch=514 {"success":true,"platform":"shopee","merchant_id":"ffe8519e-49a2-467b-a0ec-57d28ba8be49","shop_id":"224882570","processed":20,"updated":20,"errors":0,"api_error":null,"upsert_errors":[],"next_after_id":"5dbdf5f3-a11e-438d-9fe1-e14623ba2478","has_more":true,"dry_run":false}
batch=515 {"success":true,"platform":"shopee","merchant_id":"ffe8519e-49a2-467b-a0ec-57d28ba8be49","shop_id":"224882570","processed":20,"updated":20,"errors":0,"api_error":null,"upsert_errors":[],"next_after_id":"5ded2f96-46e5-4d16-a559-3b55ac216db2","has_more":true,"dry_run":false}
batch=516 {"success":true,"platform":"shopee","merchant_id":"ffe8519e-49a2-467b-a0ec-57d28ba8be49","shop_id":"224882570","processed":20,"updated":20,"errors":0,"api_error":null,"upsert_errors":[],"next_after_id":"5e2063cd-be5f-4b86-8be3-f44571c4092d","has_more":true,"dry_run":false}
batch=517 {"success":true,"platform":"shopee","merchant_id":"ffe8519e-49a2-467b-a0ec-57d28ba8be49","shop_id":"224882570","processed":20,"updated":20,"errors":0,"api_error":null,"upsert_errors":[],"next_after_id":"5e4e02f5-1fc7-4407-ab93-f8a0d995a139","has_more":true,"dry_run":false}
batch=518 {"success":true,"platform":"shopee","merchant_id":"ffe8519e-49a2-467b-a0ec-57d28ba8be49","shop_id":"224882570","processed":20,"updated":20,"errors":0,"api_error":null,"upsert_errors":[],"next_after_id":"5e73841d-3dc7-4a04-870e-2fcb134f938b","has_more":true,"dry_run":false}
batch=519 {"success":true,"platform":"shopee","merchant_id":"ffe8519e-49a2-467b-a0ec-57d28ba8be49","shop_id":"224882570","processed":20,"updated":20,"errors":0,"api_error":null,"upsert_errors":[],"next_after_id":"5e953b06-2002-4d83-969a-a3d71582dac6","has_more":true,"dry_run":false}
batch=520 {"success":true,"platform":"shopee","merchant_id":"ffe8519e-49a2-467b-a0ec-57d28ba8be49","shop_id":"224882570","processed":20,"updated":20,"errors":0,"api_error":null,"upsert_errors":[],"next_after_id":"5ec83067-403f-4ab2-b599-f3a86aea764f","has_more":true,"dry_run":false}
batch=521 {"success":true,"platform":"shopee","merchant_id":"ffe8519e-49a2-467b-a0ec-57d28ba8be49","shop_id":"224882570","processed":20,"updated":20,"errors":0,"api_error":null,"upsert_errors":[],"next_after_id":"5eeb1b07-53a9-4a6b-92d0-f4d8042ff3e7","has_more":true,"dry_run":false}
batch=522 {"success":true,"platform":"shopee","merchant_id":"ffe8519e-49a2-467b-a0ec-57d28ba8be49","shop_id":"224882570","processed":20,"updated":20,"errors":0,"api_error":null,"upsert_errors":[],"next_after_id":"5f275866-7cbb-4a38-a829-4c7972a9d798","has_more":true,"dry_run":false}
batch=523 {"success":true,"platform":"shopee","merchant_id":"ffe8519e-49a2-467b-a0ec-57d28ba8be49","shop_id":"224882570","processed":20,"updated":20,"errors":0,"api_error":null,"upsert_errors":[],"next_after_id":"5f550bc4-d253-44ad-9528-ec49930a3a1e","has_more":true,"dry_run":false}
batch=524 {"success":true,"platform":"shopee","merchant_id":"ffe8519e-49a2-467b-a0ec-57d28ba8be49","shop_id":"224882570","processed":20,"updated":20,"errors":0,"api_error":null,"upsert_errors":[],"next_after_id":"5f8810bc-d01b-403f-909c-9e53c929126a","has_more":true,"dry_run":false}
batch=525 {"success":true,"platform":"shopee","merchant_id":"ffe8519e-49a2-467b-a0ec-57d28ba8be49","shop_id":"224882570","processed":20,"updated":20,"errors":0,"api_error":null,"upsert_errors":[],"next_after_id":"5fbed4c8-3dff-4e92-89da-a4faea011413","has_more":true,"dry_run":false}
batch=526 {"success":true,"platform":"shopee","merchant_id":"ffe8519e-49a2-467b-a0ec-57d28ba8be49","shop_id":"224882570","processed":20,"updated":20,"errors":0,"api_error":null,"upsert_errors":[],"next_after_id":"5fdf2229-b777-4ba2-b843-ae3534a3ad63","has_more":true,"dry_run":false}
batch=527 {"success":true,"platform":"shopee","merchant_id":"ffe8519e-49a2-467b-a0ec-57d28ba8be49","shop_id":"224882570","processed":20,"updated":20,"errors":0,"api_error":null,"upsert_errors":[],"next_after_id":"600e2044-641b-41f4-99ce-94b60f9ac9dc","has_more":true,"dry_run":false}
batch=528 {"success":true,"platform":"shopee","merchant_id":"ffe8519e-49a2-467b-a0ec-57d28ba8be49","shop_id":"224882570","processed":20,"updated":20,"errors":0,"api_error":null,"upsert_errors":[],"next_after_id":"6030542b-913b-4a8e-a7e3-f2a1421a11ad","has_more":true,"dry_run":false}
batch=529 {"success":true,"platform":"shopee","merchant_id":"ffe8519e-49a2-467b-a0ec-57d28ba8be49","shop_id":"224882570","processed":20,"updated":20,"errors":0,"api_error":null,"upsert_errors":[],"next_after_id":"60619dbe-7982-4fc5-84d0-4ebb10958dbf","has_more":true,"dry_run":false}
batch=530 {"success":true,"platform":"shopee","merchant_id":"ffe8519e-49a2-467b-a0ec-57d28ba8be49","shop_id":"224882570","processed":20,"updated":20,"errors":0,"api_error":null,"upsert_errors":[],"next_after_id":"6081e7d7-55cc-48e4-8d7f-c62ac1058c75","has_more":true,"dry_run":false}
batch=531 {"success":true,"platform":"shopee","merchant_id":"ffe8519e-49a2-467b-a0ec-57d28ba8be49","shop_id":"224882570","processed":20,"updated":20,"errors":0,"api_error":null,"upsert_errors":[],"next_after_id":"60b73181-3c8f-4d6b-8015-12aa28fdfcc6","has_more":true,"dry_run":false}
batch=532 {"success":true,"platform":"shopee","merchant_id":"ffe8519e-49a2-467b-a0ec-57d28ba8be49","shop_id":"224882570","processed":20,"updated":20,"errors":0,"api_error":null,"upsert_errors":[],"next_after_id":"60eb9480-386c-414a-94ac-319bc1eccb22","has_more":true,"dry_run":false}
batch=533 {"success":true,"platform":"shopee","merchant_id":"ffe8519e-49a2-467b-a0ec-57d28ba8be49","shop_id":"224882570","processed":20,"updated":20,"errors":0,"api_error":null,"upsert_errors":[],"next_after_id":"610f2857-560d-4b32-a913-19310e8bba70","has_more":true,"dry_run":false}
batch=534 {"success":true,"platform":"shopee","merchant_id":"ffe8519e-49a2-467b-a0ec-57d28ba8be49","shop_id":"224882570","processed":20,"updated":20,"errors":0,"api_error":null,"upsert_errors":[],"next_after_id":"61435726-b554-4eca-a750-7478c9f71a99","has_more":true,"dry_run":false}
batch=535 {"success":true,"platform":"shopee","merchant_id":"ffe8519e-49a2-467b-a0ec-57d28ba8be49","shop_id":"224882570","processed":20,"updated":20,"errors":0,"api_error":null,"upsert_errors":[],"next_after_id":"61811f53-e1c2-4152-b605-f28a96fd9b3b","has_more":true,"dry_run":false}
batch=536 {"success":true,"platform":"shopee","merchant_id":"ffe8519e-49a2-467b-a0ec-57d28ba8be49","shop_id":"224882570","processed":20,"updated":20,"errors":0,"api_error":null,"upsert_errors":[],"next_after_id":"61a2e069-1c5a-4dfe-a721-9330dbff49af","has_more":true,"dry_run":false}
batch=537 {"success":true,"platform":"shopee","merchant_id":"ffe8519e-49a2-467b-a0ec-57d28ba8be49","shop_id":"224882570","processed":20,"updated":20,"errors":0,"api_error":null,"upsert_errors":[],"next_after_id":"61c082e5-63cb-42e5-9ad0-a9ea07e6ced9","has_more":true,"dry_run":false}
batch=538 {"success":true,"platform":"shopee","merchant_id":"ffe8519e-49a2-467b-a0ec-57d28ba8be49","shop_id":"224882570","processed":20,"updated":20,"errors":0,"api_error":null,"upsert_errors":[],"next_after_id":"61ea1a01-ceee-492d-a250-0c5a8d7038a2","has_more":true,"dry_run":false}
batch=539 {"success":true,"platform":"shopee","merchant_id":"ffe8519e-49a2-467b-a0ec-57d28ba8be49","shop_id":"224882570","processed":20,"updated":20,"errors":0,"api_error":null,"upsert_errors":[],"next_after_id":"62263b99-3f4c-41e9-8506-650f46d5cbc2","has_more":true,"dry_run":false}
batch=540 {"success":true,"platform":"shopee","merchant_id":"ffe8519e-49a2-467b-a0ec-57d28ba8be49","shop_id":"224882570","processed":20,"updated":20,"errors":0,"api_error":null,"upsert_errors":[],"next_after_id":"624b45d1-b02d-46b9-98c1-d3ebfd97549f","has_more":true,"dry_run":false}
batch=541 {"success":true,"platform":"shopee","merchant_id":"ffe8519e-49a2-467b-a0ec-57d28ba8be49","shop_id":"224882570","processed":20,"updated":20,"errors":0,"api_error":null,"upsert_errors":[],"next_after_id":"6280d580-c6fb-4e1a-8e81-cf04f3b3bf36","has_more":true,"dry_run":false}
batch=542 {"success":true,"platform":"shopee","merchant_id":"ffe8519e-49a2-467b-a0ec-57d28ba8be49","shop_id":"224882570","processed":20,"updated":20,"errors":0,"api_error":null,"upsert_errors":[],"next_after_id":"62a4d254-6ed2-41a4-98d1-e0361095e430","has_more":true,"dry_run":false}
batch=543 {"success":true,"platform":"shopee","merchant_id":"ffe8519e-49a2-467b-a0ec-57d28ba8be49","shop_id":"224882570","processed":20,"updated":20,"errors":0,"api_error":null,"upsert_errors":[],"next_after_id":"62d5b2d8-51c5-48f0-bba0-22a2123c4c16","has_more":true,"dry_run":false}
batch=544 {"success":true,"platform":"shopee","merchant_id":"ffe8519e-49a2-467b-a0ec-57d28ba8be49","shop_id":"224882570","processed":20,"updated":20,"errors":0,"api_error":null,"upsert_errors":[],"next_after_id":"6303d3fd-790d-4348-ac46-51f22d3afd06","has_more":true,"dry_run":false}
batch=545 {"success":true,"platform":"shopee","merchant_id":"ffe8519e-49a2-467b-a0ec-57d28ba8be49","shop_id":"224882570","processed":20,"updated":20,"errors":0,"api_error":null,"upsert_errors":[],"next_after_id":"632d9394-9d7d-453f-882f-625210e5c75a","has_more":true,"dry_run":false}
batch=546 {"success":true,"platform":"shopee","merchant_id":"ffe8519e-49a2-467b-a0ec-57d28ba8be49","shop_id":"224882570","processed":20,"updated":20,"errors":0,"api_error":null,"upsert_errors":[],"next_after_id":"635d4472-1baf-4630-a28a-9657fb067b93","has_more":true,"dry_run":false}
batch=547 {"success":true,"platform":"shopee","merchant_id":"ffe8519e-49a2-467b-a0ec-57d28ba8be49","shop_id":"224882570","processed":20,"updated":20,"errors":0,"api_error":null,"upsert_errors":[],"next_after_id":"63857d69-4e62-466b-b843-8746f6b02fe2","has_more":true,"dry_run":false}
batch=548 {"success":true,"platform":"shopee","merchant_id":"ffe8519e-49a2-467b-a0ec-57d28ba8be49","shop_id":"224882570","processed":20,"updated":20,"errors":0,"api_error":null,"upsert_errors":[],"next_after_id":"63ac6974-9d9c-46d0-a6f5-d463f8b05001","has_more":true,"dry_run":false}
batch=549 {"success":true,"platform":"shopee","merchant_id":"ffe8519e-49a2-467b-a0ec-57d28ba8be49","shop_id":"224882570","processed":20,"updated":20,"errors":0,"api_error":null,"upsert_errors":[],"next_after_id":"63d4ac24-d6e8-4e8f-a997-01b1a17ed763","has_more":true,"dry_run":false}
batch=550 {"success":true,"platform":"shopee","merchant_id":"ffe8519e-49a2-467b-a0ec-57d28ba8be49","shop_id":"224882570","processed":20,"updated":20,"errors":0,"api_error":null,"upsert_errors":[],"next_after_id":"640e8656-bd20-4e73-9ff7-b523ef19fd1a","has_more":true,"dry_run":false}
batch=551 {"success":true,"platform":"shopee","merchant_id":"ffe8519e-49a2-467b-a0ec-57d28ba8be49","shop_id":"224882570","processed":20,"updated":20,"errors":0,"api_error":null,"upsert_errors":[],"next_after_id":"6434f0c1-a7e4-4fdc-ab26-2e7ae8eebc0a","has_more":true,"dry_run":false}
batch=552 {"success":true,"platform":"shopee","merchant_id":"ffe8519e-49a2-467b-a0ec-57d28ba8be49","shop_id":"224882570","processed":20,"updated":20,"errors":0,"api_error":null,"upsert_errors":[],"next_after_id":"645ab491-a732-457f-98a7-7313093985f0","has_more":true,"dry_run":false}
batch=553 {"success":true,"platform":"shopee","merchant_id":"ffe8519e-49a2-467b-a0ec-57d28ba8be49","shop_id":"224882570","processed":20,"updated":20,"errors":0,"api_error":null,"upsert_errors":[],"next_after_id":"648fd3d3-db1d-44c7-a04d-df2764351550","has_more":true,"dry_run":false}
batch=554 {"success":true,"platform":"shopee","merchant_id":"ffe8519e-49a2-467b-a0ec-57d28ba8be49","shop_id":"224882570","processed":20,"updated":20,"errors":0,"api_error":null,"upsert_errors":[],"next_after_id":"64be9776-a5f4-4d7e-8a35-e410db48d1bc","has_more":true,"dry_run":false}
batch=555 {"success":true,"platform":"shopee","merchant_id":"ffe8519e-49a2-467b-a0ec-57d28ba8be49","shop_id":"224882570","processed":20,"updated":20,"errors":0,"api_error":null,"upsert_errors":[],"next_after_id":"64e38a15-0403-412a-bcf6-868bb9d91bd1","has_more":true,"dry_run":false}
batch=556 {"success":true,"platform":"shopee","merchant_id":"ffe8519e-49a2-467b-a0ec-57d28ba8be49","shop_id":"224882570","processed":20,"updated":20,"errors":0,"api_error":null,"upsert_errors":[],"next_after_id":"65067ab9-07cc-4d6a-932d-fc49e6e10207","has_more":true,"dry_run":false}
batch=557 {"success":true,"platform":"shopee","merchant_id":"ffe8519e-49a2-467b-a0ec-57d28ba8be49","shop_id":"224882570","processed":20,"updated":20,"errors":0,"api_error":null,"upsert_errors":[],"next_after_id":"6531e6f7-9f82-440f-a6f1-2ae81f5c7e85","has_more":true,"dry_run":false}
batch=558 {"success":true,"platform":"shopee","merchant_id":"ffe8519e-49a2-467b-a0ec-57d28ba8be49","shop_id":"224882570","processed":20,"updated":20,"errors":0,"api_error":null,"upsert_errors":[],"next_after_id":"655946a1-6f58-419d-94de-d24557bc63ab","has_more":true,"dry_run":false}
batch=559 {"success":true,"platform":"shopee","merchant_id":"ffe8519e-49a2-467b-a0ec-57d28ba8be49","shop_id":"224882570","processed":20,"updated":20,"errors":0,"api_error":null,"upsert_errors":[],"next_after_id":"658452c9-1ebf-4b5f-8a97-eacd1ea60b04","has_more":true,"dry_run":false}
batch=560 {"success":true,"platform":"shopee","merchant_id":"ffe8519e-49a2-467b-a0ec-57d28ba8be49","shop_id":"224882570","processed":20,"updated":20,"errors":0,"api_error":null,"upsert_errors":[],"next_after_id":"65b22608-513f-4fc7-b0ac-44b9cd048b04","has_more":true,"dry_run":false}
batch=561 {"success":true,"platform":"shopee","merchant_id":"ffe8519e-49a2-467b-a0ec-57d28ba8be49","shop_id":"224882570","processed":20,"updated":20,"errors":0,"api_error":null,"upsert_errors":[],"next_after_id":"65e1e60a-20f8-4cf4-bf85-6df9f669747a","has_more":true,"dry_run":false}
batch=562 {"success":true,"platform":"shopee","merchant_id":"ffe8519e-49a2-467b-a0ec-57d28ba8be49","shop_id":"224882570","processed":20,"updated":20,"errors":0,"api_error":null,"upsert_errors":[],"next_after_id":"65feb190-5fcb-4246-948c-122dd265af9c","has_more":true,"dry_run":false}
batch=563 {"success":true,"platform":"shopee","merchant_id":"ffe8519e-49a2-467b-a0ec-57d28ba8be49","shop_id":"224882570","processed":20,"updated":20,"errors":0,"api_error":null,"upsert_errors":[],"next_after_id":"66413f74-fbde-4b3b-b068-dbc38e5a76e9","has_more":true,"dry_run":false}
batch=564 {"success":true,"platform":"shopee","merchant_id":"ffe8519e-49a2-467b-a0ec-57d28ba8be49","shop_id":"224882570","processed":20,"updated":20,"errors":0,"api_error":null,"upsert_errors":[],"next_after_id":"665ee90d-501a-40a2-b446-b0ed9f4743ca","has_more":true,"dry_run":false}
batch=565 {"success":true,"platform":"shopee","merchant_id":"ffe8519e-49a2-467b-a0ec-57d28ba8be49","shop_id":"224882570","processed":20,"updated":20,"errors":0,"api_error":null,"upsert_errors":[],"next_after_id":"6686dd80-6889-4ab2-94de-dbe97ba2efde","has_more":true,"dry_run":false}
batch=566 {"success":true,"platform":"shopee","merchant_id":"ffe8519e-49a2-467b-a0ec-57d28ba8be49","shop_id":"224882570","processed":20,"updated":20,"errors":0,"api_error":null,"upsert_errors":[],"next_after_id":"66c35ad2-d6f0-4a39-9482-8c1f463fbb2f","has_more":true,"dry_run":false}
batch=567 {"success":true,"platform":"shopee","merchant_id":"ffe8519e-49a2-467b-a0ec-57d28ba8be49","shop_id":"224882570","processed":20,"updated":20,"errors":0,"api_error":null,"upsert_errors":[],"next_after_id":"66eed98c-4142-4e13-aac7-c19d8cfd1dad","has_more":true,"dry_run":false}
batch=568 {"success":true,"platform":"shopee","merchant_id":"ffe8519e-49a2-467b-a0ec-57d28ba8be49","shop_id":"224882570","processed":20,"updated":20,"errors":0,"api_error":null,"upsert_errors":[],"next_after_id":"6712be6c-3118-4063-9005-b626b6ca8342","has_more":true,"dry_run":false}
batch=569 {"success":true,"platform":"shopee","merchant_id":"ffe8519e-49a2-467b-a0ec-57d28ba8be49","shop_id":"224882570","processed":20,"updated":20,"errors":0,"api_error":null,"upsert_errors":[],"next_after_id":"674d3efc-1517-4098-a0e3-15a973aa2055","has_more":true,"dry_run":false}
batch=570 {"success":true,"platform":"shopee","merchant_id":"ffe8519e-49a2-467b-a0ec-57d28ba8be49","shop_id":"224882570","processed":20,"updated":20,"errors":0,"api_error":null,"upsert_errors":[],"next_after_id":"6779615e-22b8-44f7-9bbf-81c372803924","has_more":true,"dry_run":false}
batch=571 {"success":true,"platform":"shopee","merchant_id":"ffe8519e-49a2-467b-a0ec-57d28ba8be49","shop_id":"224882570","processed":20,"updated":20,"errors":0,"api_error":null,"upsert_errors":[],"next_after_id":"679f92d5-e172-4dfb-bfac-dac7ba97ba30","has_more":true,"dry_run":false}
batch=572 {"success":true,"platform":"shopee","merchant_id":"ffe8519e-49a2-467b-a0ec-57d28ba8be49","shop_id":"224882570","processed":20,"updated":20,"errors":0,"api_error":null,"upsert_errors":[],"next_after_id":"67d8de75-de33-4c45-bd33-e8928237e81c","has_more":true,"dry_run":false}
batch=573 {"success":true,"platform":"shopee","merchant_id":"ffe8519e-49a2-467b-a0ec-57d28ba8be49","shop_id":"224882570","processed":20,"updated":20,"errors":0,"api_error":null,"upsert_errors":[],"next_after_id":"680480db-5cce-4570-97fa-adbfc5b2b798","has_more":true,"dry_run":false}
batch=574 {"success":true,"platform":"shopee","merchant_id":"ffe8519e-49a2-467b-a0ec-57d28ba8be49","shop_id":"224882570","processed":20,"updated":20,"errors":0,"api_error":null,"upsert_errors":[],"next_after_id":"683dfb45-9393-4e13-b8e7-694155b6db29","has_more":true,"dry_run":false}
batch=575 {"success":true,"platform":"shopee","merchant_id":"ffe8519e-49a2-467b-a0ec-57d28ba8be49","shop_id":"224882570","processed":20,"updated":20,"errors":0,"api_error":null,"upsert_errors":[],"next_after_id":"686232d0-286f-48ea-9abc-f51042bf8c60","has_more":true,"dry_run":false}
batch=576 {"success":true,"platform":"shopee","merchant_id":"ffe8519e-49a2-467b-a0ec-57d28ba8be49","shop_id":"224882570","processed":20,"updated":20,"errors":0,"api_error":null,"upsert_errors":[],"next_after_id":"6884e88c-7e47-414a-8fd8-2f30889c9783","has_more":true,"dry_run":false}
batch=577 {"success":true,"platform":"shopee","merchant_id":"ffe8519e-49a2-467b-a0ec-57d28ba8be49","shop_id":"224882570","processed":20,"updated":20,"errors":0,"api_error":null,"upsert_errors":[],"next_after_id":"68b6a93c-805f-4b85-a44d-6d2551036e59","has_more":true,"dry_run":false}
batch=578 {"success":true,"platform":"shopee","merchant_id":"ffe8519e-49a2-467b-a0ec-57d28ba8be49","shop_id":"224882570","processed":20,"updated":20,"errors":0,"api_error":null,"upsert_errors":[],"next_after_id":"68e2918d-c0cd-449c-868f-0b1c3957c7b5","has_more":true,"dry_run":false}
batch=579 {"success":true,"platform":"shopee","merchant_id":"ffe8519e-49a2-467b-a0ec-57d28ba8be49","shop_id":"224882570","processed":20,"updated":20,"errors":0,"api_error":null,"upsert_errors":[],"next_after_id":"690e1829-d72e-4b5b-aabf-5597dc4b7160","has_more":true,"dry_run":false}
batch=580 {"success":true,"platform":"shopee","merchant_id":"ffe8519e-49a2-467b-a0ec-57d28ba8be49","shop_id":"224882570","processed":20,"updated":20,"errors":0,"api_error":null,"upsert_errors":[],"next_after_id":"6948cfca-3057-47b9-a10c-4165ba9d9af8","has_more":true,"dry_run":false}
batch=581 {"success":true,"platform":"shopee","merchant_id":"ffe8519e-49a2-467b-a0ec-57d28ba8be49","shop_id":"224882570","processed":20,"updated":20,"errors":0,"api_error":null,"upsert_errors":[],"next_after_id":"69741a87-f4ea-4d72-8c83-925a47e132a2","has_more":true,"dry_run":false}
batch=582 {"success":true,"platform":"shopee","merchant_id":"ffe8519e-49a2-467b-a0ec-57d28ba8be49","shop_id":"224882570","processed":20,"updated":20,"errors":0,"api_error":null,"upsert_errors":[],"next_after_id":"69a27f00-5dae-4085-9659-46b84b431dbd","has_more":true,"dry_run":false}
batch=583 {"success":true,"platform":"shopee","merchant_id":"ffe8519e-49a2-467b-a0ec-57d28ba8be49","shop_id":"224882570","processed":20,"updated":20,"errors":0,"api_error":null,"upsert_errors":[],"next_after_id":"69d4d76f-aaf8-482c-a8d3-db086df07b4d","has_more":true,"dry_run":false}
batch=584 {"success":true,"platform":"shopee","merchant_id":"ffe8519e-49a2-467b-a0ec-57d28ba8be49","shop_id":"224882570","processed":20,"updated":20,"errors":0,"api_error":null,"upsert_errors":[],"next_after_id":"69fb0fb9-04fe-41de-b380-139b8bf05b27","has_more":true,"dry_run":false}
batch=585 {"success":true,"platform":"shopee","merchant_id":"ffe8519e-49a2-467b-a0ec-57d28ba8be49","shop_id":"224882570","processed":20,"updated":20,"errors":0,"api_error":null,"upsert_errors":[],"next_after_id":"6a19b9e9-0445-48fe-a86a-58329e9953bd","has_more":true,"dry_run":false}
batch=586 {"success":true,"platform":"shopee","merchant_id":"ffe8519e-49a2-467b-a0ec-57d28ba8be49","shop_id":"224882570","processed":20,"updated":20,"errors":0,"api_error":null,"upsert_errors":[],"next_after_id":"6a4d65c4-44af-4501-ab9c-3f598560e4ab","has_more":true,"dry_run":false}
batch=587 {"success":true,"platform":"shopee","merchant_id":"ffe8519e-49a2-467b-a0ec-57d28ba8be49","shop_id":"224882570","processed":20,"updated":20,"errors":0,"api_error":null,"upsert_errors":[],"next_after_id":"6a7c5acd-4bea-4942-9f1d-7a0654ae5bab","has_more":true,"dry_run":false}
batch=588 {"success":true,"platform":"shopee","merchant_id":"ffe8519e-49a2-467b-a0ec-57d28ba8be49","shop_id":"224882570","processed":20,"updated":20,"errors":0,"api_error":null,"upsert_errors":[],"next_after_id":"6aab3936-c1f6-4eac-a8eb-77ff8c13a882","has_more":true,"dry_run":false}
batch=589 {"success":true,"platform":"shopee","merchant_id":"ffe8519e-49a2-467b-a0ec-57d28ba8be49","shop_id":"224882570","processed":20,"updated":20,"errors":0,"api_error":null,"upsert_errors":[],"next_after_id":"6ad52c69-4713-42d0-b5c4-4a9f940fd66b","has_more":true,"dry_run":false}
batch=590 {"success":true,"platform":"shopee","merchant_id":"ffe8519e-49a2-467b-a0ec-57d28ba8be49","shop_id":"224882570","processed":20,"updated":20,"errors":0,"api_error":null,"upsert_errors":[],"next_after_id":"6b0b9b45-4ce3-45cf-ac7c-45767ad094d2","has_more":true,"dry_run":false}
batch=591 {"success":true,"platform":"shopee","merchant_id":"ffe8519e-49a2-467b-a0ec-57d28ba8be49","shop_id":"224882570","processed":20,"updated":20,"errors":0,"api_error":null,"upsert_errors":[],"next_after_id":"6b2daa55-eea8-4ab8-9fd1-8181ea51db5c","has_more":true,"dry_run":false}
batch=592 {"success":true,"platform":"shopee","merchant_id":"ffe8519e-49a2-467b-a0ec-57d28ba8be49","shop_id":"224882570","processed":20,"updated":20,"errors":0,"api_error":null,"upsert_errors":[],"next_after_id":"6b553859-4517-4b16-aebf-bc29c0de54b0","has_more":true,"dry_run":false}
batch=593 {"success":true,"platform":"shopee","merchant_id":"ffe8519e-49a2-467b-a0ec-57d28ba8be49","shop_id":"224882570","processed":20,"updated":20,"errors":0,"api_error":null,"upsert_errors":[],"next_after_id":"6b8c740f-7b24-46a8-80aa-daab599e28f4","has_more":true,"dry_run":false}
batch=594 {"success":true,"platform":"shopee","merchant_id":"ffe8519e-49a2-467b-a0ec-57d28ba8be49","shop_id":"224882570","processed":20,"updated":20,"errors":0,"api_error":null,"upsert_errors":[],"next_after_id":"6bae8dd2-0314-489f-8ac8-e432b7502f06","has_more":true,"dry_run":false}
batch=595 {"success":true,"platform":"shopee","merchant_id":"ffe8519e-49a2-467b-a0ec-57d28ba8be49","shop_id":"224882570","processed":20,"updated":20,"errors":0,"api_error":null,"upsert_errors":[],"next_after_id":"6bdc7a8e-14e6-4221-8ac4-61431f7b8068","has_more":true,"dry_run":false}
batch=596 {"success":true,"platform":"shopee","merchant_id":"ffe8519e-49a2-467b-a0ec-57d28ba8be49","shop_id":"224882570","processed":20,"updated":20,"errors":0,"api_error":null,"upsert_errors":[],"next_after_id":"6c08334d-d1eb-4aeb-a799-966df3bad714","has_more":true,"dry_run":false}
batch=597 {"success":true,"platform":"shopee","merchant_id":"ffe8519e-49a2-467b-a0ec-57d28ba8be49","shop_id":"224882570","processed":20,"updated":20,"errors":0,"api_error":null,"upsert_errors":[],"next_after_id":"6c384960-d47e-4024-b26b-bb7a2366ff77","has_more":true,"dry_run":false}
batch=598 {"success":true,"platform":"shopee","merchant_id":"ffe8519e-49a2-467b-a0ec-57d28ba8be49","shop_id":"224882570","processed":20,"updated":20,"errors":0,"api_error":null,"upsert_errors":[],"next_after_id":"6c58124c-b7c6-45c5-a367-c2c0f0dc0b78","has_more":true,"dry_run":false}
batch=599 {"success":true,"platform":"shopee","merchant_id":"ffe8519e-49a2-467b-a0ec-57d28ba8be49","shop_id":"224882570","processed":20,"updated":20,"errors":0,"api_error":null,"upsert_errors":[],"next_after_id":"6c7904c7-0dda-4f86-af1f-4df229f49336","has_more":true,"dry_run":false}
batch=600 {"success":true,"platform":"shopee","merchant_id":"ffe8519e-49a2-467b-a0ec-57d28ba8be49","shop_id":"224882570","processed":20,"updated":20,"errors":0,"api_error":null,"upsert_errors":[],"next_after_id":"6ca625db-ff58-4380-a06a-c62b9882533b","has_more":true,"dry_run":false}
batch=601 {"success":true,"platform":"shopee","merchant_id":"ffe8519e-49a2-467b-a0ec-57d28ba8be49","shop_id":"224882570","processed":20,"updated":20,"errors":0,"api_error":null,"upsert_errors":[],"next_after_id":"6cc6a408-aab9-4904-8356-90b538489db7","has_more":true,"dry_run":false}
batch=602 {"success":true,"platform":"shopee","merchant_id":"ffe8519e-49a2-467b-a0ec-57d28ba8be49","shop_id":"224882570","processed":20,"updated":20,"errors":0,"api_error":null,"upsert_errors":[],"next_after_id":"6ce12bb4-87f8-4d3c-b007-e00be5796f43","has_more":true,"dry_run":false}
batch=603 {"success":true,"platform":"shopee","merchant_id":"ffe8519e-49a2-467b-a0ec-57d28ba8be49","shop_id":"224882570","processed":20,"updated":20,"errors":0,"api_error":null,"upsert_errors":[],"next_after_id":"6d0a36fc-22e4-476a-a325-6a538b54b55a","has_more":true,"dry_run":false}
batch=604 {"success":true,"platform":"shopee","merchant_id":"ffe8519e-49a2-467b-a0ec-57d28ba8be49","shop_id":"224882570","processed":20,"updated":20,"errors":0,"api_error":null,"upsert_errors":[],"next_after_id":"6d2c7692-2f25-4065-96c6-e1e87a9caecd","has_more":true,"dry_run":false}
batch=605 {"success":true,"platform":"shopee","merchant_id":"ffe8519e-49a2-467b-a0ec-57d28ba8be49","shop_id":"224882570","processed":20,"updated":20,"errors":0,"api_error":null,"upsert_errors":[],"next_after_id":"6d543a07-eec5-48ae-b5fa-cc17b5b9c9d4","has_more":true,"dry_run":false}
batch=606 {"success":true,"platform":"shopee","merchant_id":"ffe8519e-49a2-467b-a0ec-57d28ba8be49","shop_id":"224882570","processed":20,"updated":20,"errors":0,"api_error":null,"upsert_errors":[],"next_after_id":"6d91f840-05e0-4444-b0a3-aa35e9437f07","has_more":true,"dry_run":false}
batch=607 {"success":true,"platform":"shopee","merchant_id":"ffe8519e-49a2-467b-a0ec-57d28ba8be49","shop_id":"224882570","processed":20,"updated":20,"errors":0,"api_error":null,"upsert_errors":[],"next_after_id":"6dc84d27-4432-4141-b8ce-f06f64ad9a3a","has_more":true,"dry_run":false}
batch=608 {"success":true,"platform":"shopee","merchant_id":"ffe8519e-49a2-467b-a0ec-57d28ba8be49","shop_id":"224882570","processed":20,"updated":20,"errors":0,"api_error":null,"upsert_errors":[],"next_after_id":"6df0e2be-97d6-47c4-95cb-e8d26efbbe5c","has_more":true,"dry_run":false}
batch=609 {"success":true,"platform":"shopee","merchant_id":"ffe8519e-49a2-467b-a0ec-57d28ba8be49","shop_id":"224882570","processed":20,"updated":20,"errors":0,"api_error":null,"upsert_errors":[],"next_after_id":"6e2962b8-9c4e-45b9-92d2-37da74441be2","has_more":true,"dry_run":false}
batch=610 {"success":true,"platform":"shopee","merchant_id":"ffe8519e-49a2-467b-a0ec-57d28ba8be49","shop_id":"224882570","processed":20,"updated":20,"errors":0,"api_error":null,"upsert_errors":[],"next_after_id":"6e5116da-85c9-4745-bfc6-af2f77f2c295","has_more":true,"dry_run":false}
batch=611 {"success":true,"platform":"shopee","merchant_id":"ffe8519e-49a2-467b-a0ec-57d28ba8be49","shop_id":"224882570","processed":20,"updated":20,"errors":0,"api_error":null,"upsert_errors":[],"next_after_id":"6e80a2fc-8b6e-42f1-92ba-d1c19eb91aa3","has_more":true,"dry_run":false}
batch=612 {"success":true,"platform":"shopee","merchant_id":"ffe8519e-49a2-467b-a0ec-57d28ba8be49","shop_id":"224882570","processed":20,"updated":20,"errors":0,"api_error":null,"upsert_errors":[],"next_after_id":"6eaf6f4a-d99d-4e51-92ea-2619b6941f78","has_more":true,"dry_run":false}
batch=613 {"success":true,"platform":"shopee","merchant_id":"ffe8519e-49a2-467b-a0ec-57d28ba8be49","shop_id":"224882570","processed":20,"updated":20,"errors":0,"api_error":null,"upsert_errors":[],"next_after_id":"6ee48c16-c65e-4a92-84aa-008ae8fefe7d","has_more":true,"dry_run":false}
batch=614 {"success":true,"platform":"shopee","merchant_id":"ffe8519e-49a2-467b-a0ec-57d28ba8be49","shop_id":"224882570","processed":20,"updated":20,"errors":0,"api_error":null,"upsert_errors":[],"next_after_id":"6f185b22-35e6-4120-a6d4-5204c6f6dbd4","has_more":true,"dry_run":false}
batch=615 {"success":true,"platform":"shopee","merchant_id":"ffe8519e-49a2-467b-a0ec-57d28ba8be49","shop_id":"224882570","processed":20,"updated":20,"errors":0,"api_error":null,"upsert_errors":[],"next_after_id":"6f5f11a8-8b3c-4244-b2f5-a4c0f0c401ea","has_more":true,"dry_run":false}
batch=616 {"success":true,"platform":"shopee","merchant_id":"ffe8519e-49a2-467b-a0ec-57d28ba8be49","shop_id":"224882570","processed":20,"updated":20,"errors":0,"api_error":null,"upsert_errors":[],"next_after_id":"6f88856e-8c92-489c-b068-e7837e0b3417","has_more":true,"dry_run":false}
batch=617 {"success":true,"platform":"shopee","merchant_id":"ffe8519e-49a2-467b-a0ec-57d28ba8be49","shop_id":"224882570","processed":20,"updated":20,"errors":0,"api_error":null,"upsert_errors":[],"next_after_id":"6fafbd10-28f4-447c-af03-991d56eeefde","has_more":true,"dry_run":false}
batch=618 {"success":true,"platform":"shopee","merchant_id":"ffe8519e-49a2-467b-a0ec-57d28ba8be49","shop_id":"224882570","processed":20,"updated":20,"errors":0,"api_error":null,"upsert_errors":[],"next_after_id":"6fcf8cb8-bfb3-4649-a3ac-648385198c38","has_more":true,"dry_run":false}
batch=619 {"success":true,"platform":"shopee","merchant_id":"ffe8519e-49a2-467b-a0ec-57d28ba8be49","shop_id":"224882570","processed":20,"updated":20,"errors":0,"api_error":null,"upsert_errors":[],"next_after_id":"7006d330-82f5-4681-9e71-25ba4289ec72","has_more":true,"dry_run":false}
batch=620 {"success":true,"platform":"shopee","merchant_id":"ffe8519e-49a2-467b-a0ec-57d28ba8be49","shop_id":"224882570","processed":20,"updated":20,"errors":0,"api_error":null,"upsert_errors":[],"next_after_id":"7031d29a-8592-48db-8874-5d04ca388b06","has_more":true,"dry_run":false}
batch=621 {"success":true,"platform":"shopee","merchant_id":"ffe8519e-49a2-467b-a0ec-57d28ba8be49","shop_id":"224882570","processed":20,"updated":20,"errors":0,"api_error":null,"upsert_errors":[],"next_after_id":"705af219-704a-4f8b-9459-47d915cdee4f","has_more":true,"dry_run":false}
batch=622 {"success":true,"platform":"shopee","merchant_id":"ffe8519e-49a2-467b-a0ec-57d28ba8be49","shop_id":"224882570","processed":20,"updated":20,"errors":0,"api_error":null,"upsert_errors":[],"next_after_id":"70a23b45-a517-472d-be41-8c824632de51","has_more":true,"dry_run":false}
batch=623 {"success":true,"platform":"shopee","merchant_id":"ffe8519e-49a2-467b-a0ec-57d28ba8be49","shop_id":"224882570","processed":20,"updated":20,"errors":0,"api_error":null,"upsert_errors":[],"next_after_id":"70c4c46b-2251-4d9c-b2c1-9f4f03805572","has_more":true,"dry_run":false}
batch=624 {"success":true,"platform":"shopee","merchant_id":"ffe8519e-49a2-467b-a0ec-57d28ba8be49","shop_id":"224882570","processed":20,"updated":20,"errors":0,"api_error":null,"upsert_errors":[],"next_after_id":"70f99083-7ba9-49a8-bf81-176da5bf9853","has_more":true,"dry_run":false}
batch=625 {"success":true,"platform":"shopee","merchant_id":"ffe8519e-49a2-467b-a0ec-57d28ba8be49","shop_id":"224882570","processed":20,"updated":20,"errors":0,"api_error":null,"upsert_errors":[],"next_after_id":"7122ae06-bff5-4742-8886-065a3959797e","has_more":true,"dry_run":false}
batch=626 {"success":true,"platform":"shopee","merchant_id":"ffe8519e-49a2-467b-a0ec-57d28ba8be49","shop_id":"224882570","processed":20,"updated":20,"errors":0,"api_error":null,"upsert_errors":[],"next_after_id":"715617f3-7cea-4a28-ab7c-cb5fcf707548","has_more":true,"dry_run":false}
batch=627 {"success":true,"platform":"shopee","merchant_id":"ffe8519e-49a2-467b-a0ec-57d28ba8be49","shop_id":"224882570","processed":20,"updated":20,"errors":0,"api_error":null,"upsert_errors":[],"next_after_id":"717446db-9fed-406f-a519-c9bfce4b9e12","has_more":true,"dry_run":false}
batch=628 {"success":true,"platform":"shopee","merchant_id":"ffe8519e-49a2-467b-a0ec-57d28ba8be49","shop_id":"224882570","processed":20,"updated":20,"errors":0,"api_error":null,"upsert_errors":[],"next_after_id":"71a9b476-1470-4f8c-90ce-0a1314f92668","has_more":true,"dry_run":false}
batch=629 {"success":true,"platform":"shopee","merchant_id":"ffe8519e-49a2-467b-a0ec-57d28ba8be49","shop_id":"224882570","processed":20,"updated":20,"errors":0,"api_error":null,"upsert_errors":[],"next_after_id":"71ea88a7-f1ff-4b38-a419-1bad8528ba0b","has_more":true,"dry_run":false}
batch=630 {"success":true,"platform":"shopee","merchant_id":"ffe8519e-49a2-467b-a0ec-57d28ba8be49","shop_id":"224882570","processed":20,"updated":20,"errors":0,"api_error":null,"upsert_errors":[],"next_after_id":"7208360b-28cf-4464-9811-86d67ea84e56","has_more":true,"dry_run":false}
batch=631 {"success":true,"platform":"shopee","merchant_id":"ffe8519e-49a2-467b-a0ec-57d28ba8be49","shop_id":"224882570","processed":20,"updated":20,"errors":0,"api_error":null,"upsert_errors":[],"next_after_id":"722a3e57-4ba1-4d97-a39e-d179a33cf1eb","has_more":true,"dry_run":false}
batch=632 {"success":true,"platform":"shopee","merchant_id":"ffe8519e-49a2-467b-a0ec-57d28ba8be49","shop_id":"224882570","processed":20,"updated":20,"errors":0,"api_error":null,"upsert_errors":[],"next_after_id":"725ce53d-e34f-4949-ac48-72f9d78fbbf2","has_more":true,"dry_run":false}
batch=633 {"success":true,"platform":"shopee","merchant_id":"ffe8519e-49a2-467b-a0ec-57d28ba8be49","shop_id":"224882570","processed":20,"updated":20,"errors":0,"api_error":null,"upsert_errors":[],"next_after_id":"7283df51-f9b1-4150-80ef-f8eda643d4de","has_more":true,"dry_run":false}
batch=634 {"success":true,"platform":"shopee","merchant_id":"ffe8519e-49a2-467b-a0ec-57d28ba8be49","shop_id":"224882570","processed":20,"updated":20,"errors":0,"api_error":null,"upsert_errors":[],"next_after_id":"72aac03a-184a-4002-82f7-1116561baa2d","has_more":true,"dry_run":false}
batch=635 {"success":true,"platform":"shopee","merchant_id":"ffe8519e-49a2-467b-a0ec-57d28ba8be49","shop_id":"224882570","processed":20,"updated":20,"errors":0,"api_error":null,"upsert_errors":[],"next_after_id":"72dae5e8-cb51-4f5a-b22e-5cecda3aea68","has_more":true,"dry_run":false}
batch=636 {"success":true,"platform":"shopee","merchant_id":"ffe8519e-49a2-467b-a0ec-57d28ba8be49","shop_id":"224882570","processed":20,"updated":20,"errors":0,"api_error":null,"upsert_errors":[],"next_after_id":"73013f80-9aae-495d-8689-8f594e365465","has_more":true,"dry_run":false}
batch=637 {"success":true,"platform":"shopee","merchant_id":"ffe8519e-49a2-467b-a0ec-57d28ba8be49","shop_id":"224882570","processed":20,"updated":20,"errors":0,"api_error":null,"upsert_errors":[],"next_after_id":"73273ac3-a3d5-46d0-ba65-2d576fe11d05","has_more":true,"dry_run":false}
batch=638 {"success":true,"platform":"shopee","merchant_id":"ffe8519e-49a2-467b-a0ec-57d28ba8be49","shop_id":"224882570","processed":20,"updated":20,"errors":0,"api_error":null,"upsert_errors":[],"next_after_id":"73498e24-545e-44bb-a0bf-349d410a9ae5","has_more":true,"dry_run":false}
batch=639 {"success":true,"platform":"shopee","merchant_id":"ffe8519e-49a2-467b-a0ec-57d28ba8be49","shop_id":"224882570","processed":20,"updated":20,"errors":0,"api_error":null,"upsert_errors":[],"next_after_id":"73835b58-51de-46a4-9652-f69840fe56ac","has_more":true,"dry_run":false}
batch=640 {"success":true,"platform":"shopee","merchant_id":"ffe8519e-49a2-467b-a0ec-57d28ba8be49","shop_id":"224882570","processed":20,"updated":20,"errors":0,"api_error":null,"upsert_errors":[],"next_after_id":"73b2293e-d1f4-4f7a-8007-18db979688a4","has_more":true,"dry_run":false}
batch=641 {"success":true,"platform":"shopee","merchant_id":"ffe8519e-49a2-467b-a0ec-57d28ba8be49","shop_id":"224882570","processed":20,"updated":20,"errors":0,"api_error":null,"upsert_errors":[],"next_after_id":"73dfddf3-a54e-4012-9f7f-b632e87607c1","has_more":true,"dry_run":false}
batch=642 {"success":true,"platform":"shopee","merchant_id":"ffe8519e-49a2-467b-a0ec-57d28ba8be49","shop_id":"224882570","processed":20,"updated":20,"errors":0,"api_error":null,"upsert_errors":[],"next_after_id":"740f9e64-6a39-4d69-bc89-05f536a7a458","has_more":true,"dry_run":false}
batch=643 {"success":true,"platform":"shopee","merchant_id":"ffe8519e-49a2-467b-a0ec-57d28ba8be49","shop_id":"224882570","processed":20,"updated":20,"errors":0,"api_error":null,"upsert_errors":[],"next_after_id":"743fc732-7255-4108-af1e-39b50c11723e","has_more":true,"dry_run":false}
batch=644 {"success":true,"platform":"shopee","merchant_id":"ffe8519e-49a2-467b-a0ec-57d28ba8be49","shop_id":"224882570","processed":20,"updated":20,"errors":0,"api_error":null,"upsert_errors":[],"next_after_id":"7465a967-0f02-48f0-b54d-c14ea8119cf6","has_more":true,"dry_run":false}
batch=645 {"success":true,"platform":"shopee","merchant_id":"ffe8519e-49a2-467b-a0ec-57d28ba8be49","shop_id":"224882570","processed":20,"updated":20,"errors":0,"api_error":null,"upsert_errors":[],"next_after_id":"7491fef7-4f9a-4874-b13b-6609703eaf8a","has_more":true,"dry_run":false}
batch=646 {"success":true,"platform":"shopee","merchant_id":"ffe8519e-49a2-467b-a0ec-57d28ba8be49","shop_id":"224882570","processed":20,"updated":20,"errors":0,"api_error":null,"upsert_errors":[],"next_after_id":"74c01732-4431-4f27-8955-d613eb47c1f0","has_more":true,"dry_run":false}
batch=647 {"success":true,"platform":"shopee","merchant_id":"ffe8519e-49a2-467b-a0ec-57d28ba8be49","shop_id":"224882570","processed":20,"updated":20,"errors":0,"api_error":null,"upsert_errors":[],"next_after_id":"74efad72-e772-4901-8ab9-47bcc452a9d6","has_more":true,"dry_run":false}
batch=648 {"success":true,"platform":"shopee","merchant_id":"ffe8519e-49a2-467b-a0ec-57d28ba8be49","shop_id":"224882570","processed":20,"updated":20,"errors":0,"api_error":null,"upsert_errors":[],"next_after_id":"7511d2a1-a99c-4ad7-b18b-e0dd739efc84","has_more":true,"dry_run":false}
batch=649 {"success":true,"platform":"shopee","merchant_id":"ffe8519e-49a2-467b-a0ec-57d28ba8be49","shop_id":"224882570","processed":20,"updated":20,"errors":0,"api_error":null,"upsert_errors":[],"next_after_id":"753cc516-48bb-4d14-9fa4-ab92d7d47891","has_more":true,"dry_run":false}
batch=650 {"success":true,"platform":"shopee","merchant_id":"ffe8519e-49a2-467b-a0ec-57d28ba8be49","shop_id":"224882570","processed":20,"updated":20,"errors":0,"api_error":null,"upsert_errors":[],"next_after_id":"755d845d-56b1-4530-8d47-88cc35744c87","has_more":true,"dry_run":false}
batch=651 {"success":true,"platform":"shopee","merchant_id":"ffe8519e-49a2-467b-a0ec-57d28ba8be49","shop_id":"224882570","processed":20,"updated":20,"errors":0,"api_error":null,"upsert_errors":[],"next_after_id":"758d46b9-2574-44e9-b60c-93702f8decc2","has_more":true,"dry_run":false}
batch=652 {"success":true,"platform":"shopee","merchant_id":"ffe8519e-49a2-467b-a0ec-57d28ba8be49","shop_id":"224882570","processed":20,"updated":20,"errors":0,"api_error":null,"upsert_errors":[],"next_after_id":"75c00913-1d2a-4316-8430-2b7dc6f8ab44","has_more":true,"dry_run":false}
batch=653 {"success":true,"platform":"shopee","merchant_id":"ffe8519e-49a2-467b-a0ec-57d28ba8be49","shop_id":"224882570","processed":20,"updated":20,"errors":0,"api_error":null,"upsert_errors":[],"next_after_id":"75f93eee-7367-44d1-9f5c-7dddb3f509a4","has_more":true,"dry_run":false}
batch=654 {"success":true,"platform":"shopee","merchant_id":"ffe8519e-49a2-467b-a0ec-57d28ba8be49","shop_id":"224882570","processed":20,"updated":20,"errors":0,"api_error":null,"upsert_errors":[],"next_after_id":"7642ed19-a424-4c55-b264-49ef56237ad6","has_more":true,"dry_run":false}
batch=655 {"success":true,"platform":"shopee","merchant_id":"ffe8519e-49a2-467b-a0ec-57d28ba8be49","shop_id":"224882570","processed":20,"updated":20,"errors":0,"api_error":null,"upsert_errors":[],"next_after_id":"7673d150-a265-46cd-947c-067c3cdb0533","has_more":true,"dry_run":false}
batch=656 {"success":true,"platform":"shopee","merchant_id":"ffe8519e-49a2-467b-a0ec-57d28ba8be49","shop_id":"224882570","processed":20,"updated":20,"errors":0,"api_error":null,"upsert_errors":[],"next_after_id":"76a7ab68-1f68-4bdc-83bc-a3e75e441b9d","has_more":true,"dry_run":false}
batch=657 {"success":true,"platform":"shopee","merchant_id":"ffe8519e-49a2-467b-a0ec-57d28ba8be49","shop_id":"224882570","processed":20,"updated":20,"errors":0,"api_error":null,"upsert_errors":[],"next_after_id":"76cb94c1-155e-4090-b5b0-8007a37c6247","has_more":true,"dry_run":false}
batch=658 {"success":true,"platform":"shopee","merchant_id":"ffe8519e-49a2-467b-a0ec-57d28ba8be49","shop_id":"224882570","processed":20,"updated":20,"errors":0,"api_error":null,"upsert_errors":[],"next_after_id":"76f6b341-1956-4514-b53b-8536694c3d78","has_more":true,"dry_run":false}
batch=659 {"success":true,"platform":"shopee","merchant_id":"ffe8519e-49a2-467b-a0ec-57d28ba8be49","shop_id":"224882570","processed":20,"updated":20,"errors":0,"api_error":null,"upsert_errors":[],"next_after_id":"771fbd57-f5e2-41b7-a97a-728a8b08df62","has_more":true,"dry_run":false}
batch=660 {"success":true,"platform":"shopee","merchant_id":"ffe8519e-49a2-467b-a0ec-57d28ba8be49","shop_id":"224882570","processed":20,"updated":20,"errors":0,"api_error":null,"upsert_errors":[],"next_after_id":"774edeae-bc0e-4953-8618-f14a9d913f8a","has_more":true,"dry_run":false}
batch=661 {"success":true,"platform":"shopee","merchant_id":"ffe8519e-49a2-467b-a0ec-57d28ba8be49","shop_id":"224882570","processed":20,"updated":20,"errors":0,"api_error":null,"upsert_errors":[],"next_after_id":"7790c549-cdc0-43bc-94ae-43ad891a126c","has_more":true,"dry_run":false}
batch=662 {"success":true,"platform":"shopee","merchant_id":"ffe8519e-49a2-467b-a0ec-57d28ba8be49","shop_id":"224882570","processed":20,"updated":20,"errors":0,"api_error":null,"upsert_errors":[],"next_after_id":"77b21955-fc57-48c6-81be-e90db76e45dd","has_more":true,"dry_run":false}
batch=663 {"success":true,"platform":"shopee","merchant_id":"ffe8519e-49a2-467b-a0ec-57d28ba8be49","shop_id":"224882570","processed":20,"updated":20,"errors":0,"api_error":null,"upsert_errors":[],"next_after_id":"77cff33b-56bd-4d6f-bde2-e23e3c162fd9","has_more":true,"dry_run":false}
batch=664 {"success":true,"platform":"shopee","merchant_id":"ffe8519e-49a2-467b-a0ec-57d28ba8be49","shop_id":"224882570","processed":20,"updated":20,"errors":0,"api_error":null,"upsert_errors":[],"next_after_id":"77fdbb24-85e2-400c-a0a5-7565c850c547","has_more":true,"dry_run":false}
batch=665 {"success":true,"platform":"shopee","merchant_id":"ffe8519e-49a2-467b-a0ec-57d28ba8be49","shop_id":"224882570","processed":20,"updated":20,"errors":0,"api_error":null,"upsert_errors":[],"next_after_id":"782f5b0e-5166-424e-8722-d39899b075c0","has_more":true,"dry_run":false}
batch=666 {"success":true,"platform":"shopee","merchant_id":"ffe8519e-49a2-467b-a0ec-57d28ba8be49","shop_id":"224882570","processed":20,"updated":20,"errors":0,"api_error":null,"upsert_errors":[],"next_after_id":"7868705f-42ea-4ce4-a9a8-e3a682b246f1","has_more":true,"dry_run":false}
batch=667 {"success":true,"platform":"shopee","merchant_id":"ffe8519e-49a2-467b-a0ec-57d28ba8be49","shop_id":"224882570","processed":20,"updated":20,"errors":0,"api_error":null,"upsert_errors":[],"next_after_id":"78985d6d-8144-459e-9fe8-d09288a7d6c4","has_more":true,"dry_run":false}
batch=668 {"success":true,"platform":"shopee","merchant_id":"ffe8519e-49a2-467b-a0ec-57d28ba8be49","shop_id":"224882570","processed":20,"updated":20,"errors":0,"api_error":null,"upsert_errors":[],"next_after_id":"78cb4434-348b-42ae-8f87-73896e30af1c","has_more":true,"dry_run":false}
batch=669 {"success":true,"platform":"shopee","merchant_id":"ffe8519e-49a2-467b-a0ec-57d28ba8be49","shop_id":"224882570","processed":20,"updated":20,"errors":0,"api_error":null,"upsert_errors":[],"next_after_id":"78f03b99-1f4e-4432-806c-3a6ac9ce9729","has_more":true,"dry_run":false}
batch=670 {"success":true,"platform":"shopee","merchant_id":"ffe8519e-49a2-467b-a0ec-57d28ba8be49","shop_id":"224882570","processed":20,"updated":20,"errors":0,"api_error":null,"upsert_errors":[],"next_after_id":"791a517b-4dd6-4801-8e4b-ce70f9cd0998","has_more":true,"dry_run":false}
batch=671 {"success":true,"platform":"shopee","merchant_id":"ffe8519e-49a2-467b-a0ec-57d28ba8be49","shop_id":"224882570","processed":20,"updated":20,"errors":0,"api_error":null,"upsert_errors":[],"next_after_id":"79518888-4a54-4a0a-aa0d-a9554225ecc6","has_more":true,"dry_run":false}
batch=672 {"success":true,"platform":"shopee","merchant_id":"ffe8519e-49a2-467b-a0ec-57d28ba8be49","shop_id":"224882570","processed":20,"updated":20,"errors":0,"api_error":null,"upsert_errors":[],"next_after_id":"797741db-1c74-4f32-850b-367455c78a07","has_more":true,"dry_run":false}
batch=673 {"success":true,"platform":"shopee","merchant_id":"ffe8519e-49a2-467b-a0ec-57d28ba8be49","shop_id":"224882570","processed":20,"updated":20,"errors":0,"api_error":null,"upsert_errors":[],"next_after_id":"79a836cf-97b8-493a-893b-5db3091c8ba9","has_more":true,"dry_run":false}
batch=674 {"success":true,"platform":"shopee","merchant_id":"ffe8519e-49a2-467b-a0ec-57d28ba8be49","shop_id":"224882570","processed":20,"updated":20,"errors":0,"api_error":null,"upsert_errors":[],"next_after_id":"79d3a5ea-c811-47d4-912c-52222f0f0f30","has_more":true,"dry_run":false}
batch=675 {"success":true,"platform":"shopee","merchant_id":"ffe8519e-49a2-467b-a0ec-57d28ba8be49","shop_id":"224882570","processed":20,"updated":20,"errors":0,"api_error":null,"upsert_errors":[],"next_after_id":"79fce977-e8cd-4ffb-9053-1dbafb152d68","has_more":true,"dry_run":false}
batch=676 {"success":true,"platform":"shopee","merchant_id":"ffe8519e-49a2-467b-a0ec-57d28ba8be49","shop_id":"224882570","processed":20,"updated":20,"errors":0,"api_error":null,"upsert_errors":[],"next_after_id":"7a1c3768-3331-41a0-bc0e-cdc63703d627","has_more":true,"dry_run":false}
batch=677 {"success":true,"platform":"shopee","merchant_id":"ffe8519e-49a2-467b-a0ec-57d28ba8be49","shop_id":"224882570","processed":20,"updated":20,"errors":0,"api_error":null,"upsert_errors":[],"next_after_id":"7a413445-a620-4991-a3ec-b9d1c7c8afcc","has_more":true,"dry_run":false}
batch=678 {"success":true,"platform":"shopee","merchant_id":"ffe8519e-49a2-467b-a0ec-57d28ba8be49","shop_id":"224882570","processed":20,"updated":20,"errors":0,"api_error":null,"upsert_errors":[],"next_after_id":"7a73cc4f-ba38-4e7d-b1b3-65925a70d1a8","has_more":true,"dry_run":false}
batch=679 {"success":true,"platform":"shopee","merchant_id":"ffe8519e-49a2-467b-a0ec-57d28ba8be49","shop_id":"224882570","processed":20,"updated":20,"errors":0,"api_error":null,"upsert_errors":[],"next_after_id":"7a9e8302-25d9-4c4a-b3f0-c632fdfe37e5","has_more":true,"dry_run":false}
batch=680 {"success":true,"platform":"shopee","merchant_id":"ffe8519e-49a2-467b-a0ec-57d28ba8be49","shop_id":"224882570","processed":20,"updated":20,"errors":0,"api_error":null,"upsert_errors":[],"next_after_id":"7acbdf55-7f3f-4974-a7bc-2c15d6e6683e","has_more":true,"dry_run":false}
batch=681 {"success":true,"platform":"shopee","merchant_id":"ffe8519e-49a2-467b-a0ec-57d28ba8be49","shop_id":"224882570","processed":20,"updated":20,"errors":0,"api_error":null,"upsert_errors":[],"next_after_id":"7aedfb30-0969-438e-bd45-2b09e2c52a98","has_more":true,"dry_run":false}
batch=682 {"success":true,"platform":"shopee","merchant_id":"ffe8519e-49a2-467b-a0ec-57d28ba8be49","shop_id":"224882570","processed":20,"updated":20,"errors":0,"api_error":null,"upsert_errors":[],"next_after_id":"7b2a8e61-d988-4a36-8b76-7b7c7ebad523","has_more":true,"dry_run":false}
batch=683 {"success":true,"platform":"shopee","merchant_id":"ffe8519e-49a2-467b-a0ec-57d28ba8be49","shop_id":"224882570","processed":20,"updated":20,"errors":0,"api_error":null,"upsert_errors":[],"next_after_id":"7b5b6868-fc2e-4ab0-8259-2c2d32a03403","has_more":true,"dry_run":false}
batch=684 {"success":true,"platform":"shopee","merchant_id":"ffe8519e-49a2-467b-a0ec-57d28ba8be49","shop_id":"224882570","processed":20,"updated":20,"errors":0,"api_error":null,"upsert_errors":[],"next_after_id":"7b8e5edc-fa4a-41ef-aced-00228fced45d","has_more":true,"dry_run":false}
batch=685 {"success":true,"platform":"shopee","merchant_id":"ffe8519e-49a2-467b-a0ec-57d28ba8be49","shop_id":"224882570","processed":20,"updated":20,"errors":0,"api_error":null,"upsert_errors":[],"next_after_id":"7bb3ca52-3da3-4edf-bd85-47b233114eed","has_more":true,"dry_run":false}
batch=686 {"success":true,"platform":"shopee","merchant_id":"ffe8519e-49a2-467b-a0ec-57d28ba8be49","shop_id":"224882570","processed":20,"updated":20,"errors":0,"api_error":null,"upsert_errors":[],"next_after_id":"7be6b68b-e0c5-48d1-869b-797596988b76","has_more":true,"dry_run":false}
batch=687 {"success":true,"platform":"shopee","merchant_id":"ffe8519e-49a2-467b-a0ec-57d28ba8be49","shop_id":"224882570","processed":20,"updated":20,"errors":0,"api_error":null,"upsert_errors":[],"next_after_id":"7c117b2a-77c7-4bfe-aedb-cd30e270eca3","has_more":true,"dry_run":false}
batch=688 {"success":true,"platform":"shopee","merchant_id":"ffe8519e-49a2-467b-a0ec-57d28ba8be49","shop_id":"224882570","processed":20,"updated":20,"errors":0,"api_error":null,"upsert_errors":[],"next_after_id":"7c33dfb0-47fa-4777-bc20-85268d01ae02","has_more":true,"dry_run":false}
batch=689 {"success":true,"platform":"shopee","merchant_id":"ffe8519e-49a2-467b-a0ec-57d28ba8be49","shop_id":"224882570","processed":20,"updated":20,"errors":0,"api_error":null,"upsert_errors":[],"next_after_id":"7c55ca2a-6d0a-4d7d-a0a1-493e420a5d54","has_more":true,"dry_run":false}
batch=690 {"success":true,"platform":"shopee","merchant_id":"ffe8519e-49a2-467b-a0ec-57d28ba8be49","shop_id":"224882570","processed":20,"updated":20,"errors":0,"api_error":null,"upsert_errors":[],"next_after_id":"7c7baec9-8134-448c-84a1-ca84e40e52ec","has_more":true,"dry_run":false}
batch=691 {"success":true,"platform":"shopee","merchant_id":"ffe8519e-49a2-467b-a0ec-57d28ba8be49","shop_id":"224882570","processed":20,"updated":20,"errors":0,"api_error":null,"upsert_errors":[],"next_after_id":"7c96e5b9-68bc-42c9-8e0a-eac3dd0a4e05","has_more":true,"dry_run":false}
batch=692 {"success":true,"platform":"shopee","merchant_id":"ffe8519e-49a2-467b-a0ec-57d28ba8be49","shop_id":"224882570","processed":20,"updated":20,"errors":0,"api_error":null,"upsert_errors":[],"next_after_id":"7cdca04b-33ff-42e8-9cab-1f7282bbbb53","has_more":true,"dry_run":false}
batch=693 {"success":true,"platform":"shopee","merchant_id":"ffe8519e-49a2-467b-a0ec-57d28ba8be49","shop_id":"224882570","processed":20,"updated":20,"errors":0,"api_error":null,"upsert_errors":[],"next_after_id":"7d09d344-3424-41a3-ac29-6c1589b377e0","has_more":true,"dry_run":false}
batch=694 {"success":true,"platform":"shopee","merchant_id":"ffe8519e-49a2-467b-a0ec-57d28ba8be49","shop_id":"224882570","processed":20,"updated":20,"errors":0,"api_error":null,"upsert_errors":[],"next_after_id":"7d34037e-0e06-44e0-bc88-46268677557d","has_more":true,"dry_run":false}
batch=695 {"success":true,"platform":"shopee","merchant_id":"ffe8519e-49a2-467b-a0ec-57d28ba8be49","shop_id":"224882570","processed":20,"updated":20,"errors":0,"api_error":null,"upsert_errors":[],"next_after_id":"7d5b4ced-cb2c-4460-bc4b-6e6a0afb45d1","has_more":true,"dry_run":false}
batch=696 {"success":true,"platform":"shopee","merchant_id":"ffe8519e-49a2-467b-a0ec-57d28ba8be49","shop_id":"224882570","processed":20,"updated":20,"errors":0,"api_error":null,"upsert_errors":[],"next_after_id":"7d927de8-d78f-4923-b992-87be3fa1be4a","has_more":true,"dry_run":false}
batch=697 {"success":true,"platform":"shopee","merchant_id":"ffe8519e-49a2-467b-a0ec-57d28ba8be49","shop_id":"224882570","processed":20,"updated":20,"errors":0,"api_error":null,"upsert_errors":[],"next_after_id":"7dc82ce1-2c6e-45be-8879-4c2f4f8fd334","has_more":true,"dry_run":false}
batch=698 {"success":true,"platform":"shopee","merchant_id":"ffe8519e-49a2-467b-a0ec-57d28ba8be49","shop_id":"224882570","processed":20,"updated":20,"errors":0,"api_error":null,"upsert_errors":[],"next_after_id":"7e0b569b-4e51-42de-affa-85a7bbd16e61","has_more":true,"dry_run":false}
batch=699 {"success":true,"platform":"shopee","merchant_id":"ffe8519e-49a2-467b-a0ec-57d28ba8be49","shop_id":"224882570","processed":20,"updated":20,"errors":0,"api_error":null,"upsert_errors":[],"next_after_id":"7e2dd1a7-4b3f-4bca-820d-7219801bfa20","has_more":true,"dry_run":false}
batch=700 {"success":true,"platform":"shopee","merchant_id":"ffe8519e-49a2-467b-a0ec-57d28ba8be49","shop_id":"224882570","processed":20,"updated":20,"errors":0,"api_error":null,"upsert_errors":[],"next_after_id":"7e5369e9-69ca-4d2f-8694-938242bdaeb5","has_more":true,"dry_run":false}
batch=701 {"success":true,"platform":"shopee","merchant_id":"ffe8519e-49a2-467b-a0ec-57d28ba8be49","shop_id":"224882570","processed":20,"updated":20,"errors":0,"api_error":null,"upsert_errors":[],"next_after_id":"7e85e786-5584-4564-b2d0-5865ee66beb7","has_more":true,"dry_run":false}
batch=702 {"success":true,"platform":"shopee","merchant_id":"ffe8519e-49a2-467b-a0ec-57d28ba8be49","shop_id":"224882570","processed":20,"updated":20,"errors":0,"api_error":null,"upsert_errors":[],"next_after_id":"7ea02d60-eca1-49dd-b5c4-b4ec83c869bd","has_more":true,"dry_run":false}
batch=703 {"success":true,"platform":"shopee","merchant_id":"ffe8519e-49a2-467b-a0ec-57d28ba8be49","shop_id":"224882570","processed":20,"updated":20,"errors":0,"api_error":null,"upsert_errors":[],"next_after_id":"7ec20286-d635-46e9-99dd-0826303851bc","has_more":true,"dry_run":false}
batch=704 {"success":true,"platform":"shopee","merchant_id":"ffe8519e-49a2-467b-a0ec-57d28ba8be49","shop_id":"224882570","processed":20,"updated":20,"errors":0,"api_error":null,"upsert_errors":[],"next_after_id":"7efccaa3-17a8-4036-9b82-362699367256","has_more":true,"dry_run":false}
batch=705 {"success":true,"platform":"shopee","merchant_id":"ffe8519e-49a2-467b-a0ec-57d28ba8be49","shop_id":"224882570","processed":20,"updated":20,"errors":0,"api_error":null,"upsert_errors":[],"next_after_id":"7f1a3418-3db3-4e58-8d57-a5eae4bb82af","has_more":true,"dry_run":false}
batch=706 {"success":true,"platform":"shopee","merchant_id":"ffe8519e-49a2-467b-a0ec-57d28ba8be49","shop_id":"224882570","processed":20,"updated":20,"errors":0,"api_error":null,"upsert_errors":[],"next_after_id":"7f474028-3e04-42d1-9bd9-6b36c56fff19","has_more":true,"dry_run":false}
batch=707 {"success":true,"platform":"shopee","merchant_id":"ffe8519e-49a2-467b-a0ec-57d28ba8be49","shop_id":"224882570","processed":20,"updated":20,"errors":0,"api_error":null,"upsert_errors":[],"next_after_id":"7f833865-d205-4e01-87b1-4f16de64ee3b","has_more":true,"dry_run":false}
batch=708 {"success":true,"platform":"shopee","merchant_id":"ffe8519e-49a2-467b-a0ec-57d28ba8be49","shop_id":"224882570","processed":20,"updated":20,"errors":0,"api_error":null,"upsert_errors":[],"next_after_id":"7fb10831-dece-48b4-b696-2788cbfc1cf7","has_more":true,"dry_run":false}
batch=709 {"success":true,"platform":"shopee","merchant_id":"ffe8519e-49a2-467b-a0ec-57d28ba8be49","shop_id":"224882570","processed":20,"updated":20,"errors":0,"api_error":null,"upsert_errors":[],"next_after_id":"7fdd14a6-8ffb-43ff-94e2-46add53b0fe2","has_more":true,"dry_run":false}
batch=710 {"success":true,"platform":"shopee","merchant_id":"ffe8519e-49a2-467b-a0ec-57d28ba8be49","shop_id":"224882570","processed":20,"updated":20,"errors":0,"api_error":null,"upsert_errors":[],"next_after_id":"8007787e-4cdd-456b-992c-ccc700441ae6","has_more":true,"dry_run":false}
batch=711 {"success":true,"platform":"shopee","merchant_id":"ffe8519e-49a2-467b-a0ec-57d28ba8be49","shop_id":"224882570","processed":20,"updated":20,"errors":0,"api_error":null,"upsert_errors":[],"next_after_id":"8034378d-41bd-4498-be47-3cadd5797f0b","has_more":true,"dry_run":false}
batch=712 {"success":true,"platform":"shopee","merchant_id":"ffe8519e-49a2-467b-a0ec-57d28ba8be49","shop_id":"224882570","processed":20,"updated":20,"errors":0,"api_error":null,"upsert_errors":[],"next_after_id":"806b788e-c765-4848-abc2-6c6d7aaf67f1","has_more":true,"dry_run":false}
batch=713 {"success":true,"platform":"shopee","merchant_id":"ffe8519e-49a2-467b-a0ec-57d28ba8be49","shop_id":"224882570","processed":20,"updated":20,"errors":0,"api_error":null,"upsert_errors":[],"next_after_id":"8092d3a9-74db-45c9-b0f4-f98e4e0417fd","has_more":true,"dry_run":false}
batch=714 {"success":true,"platform":"shopee","merchant_id":"ffe8519e-49a2-467b-a0ec-57d28ba8be49","shop_id":"224882570","processed":20,"updated":20,"errors":0,"api_error":null,"upsert_errors":[],"next_after_id":"80b502aa-f940-40b6-ac8d-0d65e0418640","has_more":true,"dry_run":false}
batch=715 {"success":true,"platform":"shopee","merchant_id":"ffe8519e-49a2-467b-a0ec-57d28ba8be49","shop_id":"224882570","processed":20,"updated":20,"errors":0,"api_error":null,"upsert_errors":[],"next_after_id":"80d275b4-afc4-44e7-a4d1-ed3507531a2f","has_more":true,"dry_run":false}
batch=716 {"success":true,"platform":"shopee","merchant_id":"ffe8519e-49a2-467b-a0ec-57d28ba8be49","shop_id":"224882570","processed":20,"updated":20,"errors":0,"api_error":null,"upsert_errors":[],"next_after_id":"80f53030-37f5-4fd2-ab4b-50c52a81245e","has_more":true,"dry_run":false}
batch=717 {"success":true,"platform":"shopee","merchant_id":"ffe8519e-49a2-467b-a0ec-57d28ba8be49","shop_id":"224882570","processed":20,"updated":20,"errors":0,"api_error":null,"upsert_errors":[],"next_after_id":"81223388-99c1-4e63-abc5-7ada1f84feb6","has_more":true,"dry_run":false}
batch=718 {"success":true,"platform":"shopee","merchant_id":"ffe8519e-49a2-467b-a0ec-57d28ba8be49","shop_id":"224882570","processed":20,"updated":20,"errors":0,"api_error":null,"upsert_errors":[],"next_after_id":"8148491d-bc90-41bf-a800-30d557735f91","has_more":true,"dry_run":false}
batch=719 {"success":true,"platform":"shopee","merchant_id":"ffe8519e-49a2-467b-a0ec-57d28ba8be49","shop_id":"224882570","processed":20,"updated":20,"errors":0,"api_error":null,"upsert_errors":[],"next_after_id":"8165c040-8590-414f-9db5-1ed342dcd796","has_more":true,"dry_run":false}
batch=720 {"success":true,"platform":"shopee","merchant_id":"ffe8519e-49a2-467b-a0ec-57d28ba8be49","shop_id":"224882570","processed":20,"updated":20,"errors":0,"api_error":null,"upsert_errors":[],"next_after_id":"81a00335-06ee-4ead-9386-7061491edf45","has_more":true,"dry_run":false}
batch=721 {"success":true,"platform":"shopee","merchant_id":"ffe8519e-49a2-467b-a0ec-57d28ba8be49","shop_id":"224882570","processed":20,"updated":20,"errors":0,"api_error":null,"upsert_errors":[],"next_after_id":"81d8dbb7-2dab-485b-bf0f-39fcb65f876c","has_more":true,"dry_run":false}
batch=722 {"success":true,"platform":"shopee","merchant_id":"ffe8519e-49a2-467b-a0ec-57d28ba8be49","shop_id":"224882570","processed":20,"updated":20,"errors":0,"api_error":null,"upsert_errors":[],"next_after_id":"820fea2a-83f0-4700-93a7-f558a6802e76","has_more":true,"dry_run":false}
batch=723 {"success":true,"platform":"shopee","merchant_id":"ffe8519e-49a2-467b-a0ec-57d28ba8be49","shop_id":"224882570","processed":20,"updated":20,"errors":0,"api_error":null,"upsert_errors":[],"next_after_id":"822e880e-2ad1-457b-962e-642fd66dadf6","has_more":true,"dry_run":false}
batch=724 {"success":true,"platform":"shopee","merchant_id":"ffe8519e-49a2-467b-a0ec-57d28ba8be49","shop_id":"224882570","processed":20,"updated":20,"errors":0,"api_error":null,"upsert_errors":[],"next_after_id":"825ee452-051f-4262-bfc1-1d1532884fc0","has_more":true,"dry_run":false}
batch=725 {"success":true,"platform":"shopee","merchant_id":"ffe8519e-49a2-467b-a0ec-57d28ba8be49","shop_id":"224882570","processed":20,"updated":20,"errors":0,"api_error":null,"upsert_errors":[],"next_after_id":"828787ff-eb01-4e17-b8cc-88198c35442d","has_more":true,"dry_run":false}
batch=726 {"success":true,"platform":"shopee","merchant_id":"ffe8519e-49a2-467b-a0ec-57d28ba8be49","shop_id":"224882570","processed":20,"updated":20,"errors":0,"api_error":null,"upsert_errors":[],"next_after_id":"82b7b4be-5d3d-46c2-9f83-b26c875fd158","has_more":true,"dry_run":false}
batch=727 {"success":true,"platform":"shopee","merchant_id":"ffe8519e-49a2-467b-a0ec-57d28ba8be49","shop_id":"224882570","processed":20,"updated":20,"errors":0,"api_error":null,"upsert_errors":[],"next_after_id":"82d4e2c6-ba27-49be-93d7-867488d13def","has_more":true,"dry_run":false}
batch=728 {"success":true,"platform":"shopee","merchant_id":"ffe8519e-49a2-467b-a0ec-57d28ba8be49","shop_id":"224882570","processed":20,"updated":20,"errors":0,"api_error":null,"upsert_errors":[],"next_after_id":"82f65492-2ba5-4659-8bb2-36c3cbae6c9d","has_more":true,"dry_run":false}
batch=729 {"success":true,"platform":"shopee","merchant_id":"ffe8519e-49a2-467b-a0ec-57d28ba8be49","shop_id":"224882570","processed":20,"updated":20,"errors":0,"api_error":null,"upsert_errors":[],"next_after_id":"831805a5-ddba-49a0-873f-e398b6919008","has_more":true,"dry_run":false}
batch=730 {"success":true,"platform":"shopee","merchant_id":"ffe8519e-49a2-467b-a0ec-57d28ba8be49","shop_id":"224882570","processed":20,"updated":20,"errors":0,"api_error":null,"upsert_errors":[],"next_after_id":"83383c6b-52d1-4247-a261-1549f1c07425","has_more":true,"dry_run":false}
batch=731 {"success":true,"platform":"shopee","merchant_id":"ffe8519e-49a2-467b-a0ec-57d28ba8be49","shop_id":"224882570","processed":20,"updated":20,"errors":0,"api_error":null,"upsert_errors":[],"next_after_id":"83692864-90eb-4098-aa77-8e960cd38bdc","has_more":true,"dry_run":false}
batch=732 {"success":true,"platform":"shopee","merchant_id":"ffe8519e-49a2-467b-a0ec-57d28ba8be49","shop_id":"224882570","processed":20,"updated":20,"errors":0,"api_error":null,"upsert_errors":[],"next_after_id":"8394d295-810c-4551-9dd2-89dd63f62255","has_more":true,"dry_run":false}
batch=733 {"success":true,"platform":"shopee","merchant_id":"ffe8519e-49a2-467b-a0ec-57d28ba8be49","shop_id":"224882570","processed":20,"updated":20,"errors":0,"api_error":null,"upsert_errors":[],"next_after_id":"83c563d7-226e-4895-b870-0432b96e40ce","has_more":true,"dry_run":false}
batch=734 {"success":true,"platform":"shopee","merchant_id":"ffe8519e-49a2-467b-a0ec-57d28ba8be49","shop_id":"224882570","processed":20,"updated":20,"errors":0,"api_error":null,"upsert_errors":[],"next_after_id":"83eaf1e6-4a29-4317-9b83-a3513aa99251","has_more":true,"dry_run":false}
batch=735 {"success":true,"platform":"shopee","merchant_id":"ffe8519e-49a2-467b-a0ec-57d28ba8be49","shop_id":"224882570","processed":20,"updated":20,"errors":0,"api_error":null,"upsert_errors":[],"next_after_id":"8418fb44-1b18-40f2-a4bd-5378f6e6a02a","has_more":true,"dry_run":false}
batch=736 {"success":true,"platform":"shopee","merchant_id":"ffe8519e-49a2-467b-a0ec-57d28ba8be49","shop_id":"224882570","processed":20,"updated":20,"errors":0,"api_error":null,"upsert_errors":[],"next_after_id":"844837f7-378b-4bb6-9413-99d28417ad8c","has_more":true,"dry_run":false}
batch=737 {"success":true,"platform":"shopee","merchant_id":"ffe8519e-49a2-467b-a0ec-57d28ba8be49","shop_id":"224882570","processed":20,"updated":20,"errors":0,"api_error":null,"upsert_errors":[],"next_after_id":"84746c86-49f1-483f-a05c-0100d0dd5357","has_more":true,"dry_run":false}
batch=738 {"success":true,"platform":"shopee","merchant_id":"ffe8519e-49a2-467b-a0ec-57d28ba8be49","shop_id":"224882570","processed":20,"updated":20,"errors":0,"api_error":null,"upsert_errors":[],"next_after_id":"849c83f1-f8a9-493e-ac15-8ba11d4a75ce","has_more":true,"dry_run":false}
batch=739 {"success":true,"platform":"shopee","merchant_id":"ffe8519e-49a2-467b-a0ec-57d28ba8be49","shop_id":"224882570","processed":20,"updated":20,"errors":0,"api_error":null,"upsert_errors":[],"next_after_id":"84e21f73-99dc-4ef3-a70a-b80bdb988f0a","has_more":true,"dry_run":false}
batch=740 {"success":true,"platform":"shopee","merchant_id":"ffe8519e-49a2-467b-a0ec-57d28ba8be49","shop_id":"224882570","processed":20,"updated":20,"errors":0,"api_error":null,"upsert_errors":[],"next_after_id":"850cc60c-cb6f-45a5-947a-5f0c872e3603","has_more":true,"dry_run":false}
batch=741 {"success":true,"platform":"shopee","merchant_id":"ffe8519e-49a2-467b-a0ec-57d28ba8be49","shop_id":"224882570","processed":20,"updated":20,"errors":0,"api_error":null,"upsert_errors":[],"next_after_id":"8533e39e-3555-46db-a116-9418af97b173","has_more":true,"dry_run":false}
batch=742 {"success":true,"platform":"shopee","merchant_id":"ffe8519e-49a2-467b-a0ec-57d28ba8be49","shop_id":"224882570","processed":20,"updated":20,"errors":0,"api_error":null,"upsert_errors":[],"next_after_id":"8560806b-5254-462e-bd04-af10f9c2aea3","has_more":true,"dry_run":false}
batch=743 {"success":true,"platform":"shopee","merchant_id":"ffe8519e-49a2-467b-a0ec-57d28ba8be49","shop_id":"224882570","processed":20,"updated":20,"errors":0,"api_error":null,"upsert_errors":[],"next_after_id":"858c4b3d-837b-48fb-8966-9d568c7733d7","has_more":true,"dry_run":false}
batch=744 {"success":true,"platform":"shopee","merchant_id":"ffe8519e-49a2-467b-a0ec-57d28ba8be49","shop_id":"224882570","processed":20,"updated":20,"errors":0,"api_error":null,"upsert_errors":[],"next_after_id":"85bb24ab-67e1-4d81-9114-e26b3a4be625","has_more":true,"dry_run":false}
batch=745 {"success":true,"platform":"shopee","merchant_id":"ffe8519e-49a2-467b-a0ec-57d28ba8be49","shop_id":"224882570","processed":20,"updated":20,"errors":0,"api_error":null,"upsert_errors":[],"next_after_id":"85e73931-8c2b-4467-8c23-2eab5a50f45f","has_more":true,"dry_run":false}
batch=746 {"success":true,"platform":"shopee","merchant_id":"ffe8519e-49a2-467b-a0ec-57d28ba8be49","shop_id":"224882570","processed":20,"updated":20,"errors":0,"api_error":null,"upsert_errors":[],"next_after_id":"8615fdd7-835b-4fbb-a162-90684bb3db0c","has_more":true,"dry_run":false}
batch=747 {"success":true,"platform":"shopee","merchant_id":"ffe8519e-49a2-467b-a0ec-57d28ba8be49","shop_id":"224882570","processed":20,"updated":20,"errors":0,"api_error":null,"upsert_errors":[],"next_after_id":"863bf5af-fe9d-4a8d-94e5-ea5b87b381c4","has_more":true,"dry_run":false}
batch=748 {"success":true,"platform":"shopee","merchant_id":"ffe8519e-49a2-467b-a0ec-57d28ba8be49","shop_id":"224882570","processed":20,"updated":20,"errors":0,"api_error":null,"upsert_errors":[],"next_after_id":"86656ea5-0f76-480a-af4b-9aa39d352125","has_more":true,"dry_run":false}
batch=749 {"success":true,"platform":"shopee","merchant_id":"ffe8519e-49a2-467b-a0ec-57d28ba8be49","shop_id":"224882570","processed":20,"updated":20,"errors":0,"api_error":null,"upsert_errors":[],"next_after_id":"86903007-fb9e-4ba8-aadd-544f65cc1d25","has_more":true,"dry_run":false}
batch=750 {"success":true,"platform":"shopee","merchant_id":"ffe8519e-49a2-467b-a0ec-57d28ba8be49","shop_id":"224882570","processed":20,"updated":20,"errors":0,"api_error":null,"upsert_errors":[],"next_after_id":"86be8be7-3fbc-419f-8fc7-198a75eaaec0","has_more":true,"dry_run":false}
batch=751 {"success":true,"platform":"shopee","merchant_id":"ffe8519e-49a2-467b-a0ec-57d28ba8be49","shop_id":"224882570","processed":20,"updated":20,"errors":0,"api_error":null,"upsert_errors":[],"next_after_id":"86f9c51e-7f44-470c-b809-f488f4b11fcd","has_more":true,"dry_run":false}
batch=752 {"success":true,"platform":"shopee","merchant_id":"ffe8519e-49a2-467b-a0ec-57d28ba8be49","shop_id":"224882570","processed":20,"updated":20,"errors":0,"api_error":null,"upsert_errors":[],"next_after_id":"871eaa93-fe44-40a2-8098-66383a70d1ae","has_more":true,"dry_run":false}
batch=753 {"success":true,"platform":"shopee","merchant_id":"ffe8519e-49a2-467b-a0ec-57d28ba8be49","shop_id":"224882570","processed":20,"updated":20,"errors":0,"api_error":null,"upsert_errors":[],"next_after_id":"874545da-fb21-4a1e-9fa6-37aea46ce20f","has_more":true,"dry_run":false}
batch=754 {"success":true,"platform":"shopee","merchant_id":"ffe8519e-49a2-467b-a0ec-57d28ba8be49","shop_id":"224882570","processed":20,"updated":20,"errors":0,"api_error":null,"upsert_errors":[],"next_after_id":"876aea11-b40f-4b31-8e84-1ad40c2b17f6","has_more":true,"dry_run":false}
batch=755 {"success":true,"platform":"shopee","merchant_id":"ffe8519e-49a2-467b-a0ec-57d28ba8be49","shop_id":"224882570","processed":20,"updated":20,"errors":0,"api_error":null,"upsert_errors":[],"next_after_id":"878d2932-2dc3-4f7f-a219-c9af9f6a3b59","has_more":true,"dry_run":false}
batch=756 {"success":true,"platform":"shopee","merchant_id":"ffe8519e-49a2-467b-a0ec-57d28ba8be49","shop_id":"224882570","processed":20,"updated":20,"errors":0,"api_error":null,"upsert_errors":[],"next_after_id":"87bbf132-79dc-465e-892c-ece2aa425619","has_more":true,"dry_run":false}
batch=757 {"success":true,"platform":"shopee","merchant_id":"ffe8519e-49a2-467b-a0ec-57d28ba8be49","shop_id":"224882570","processed":20,"updated":20,"errors":0,"api_error":null,"upsert_errors":[],"next_after_id":"87e48873-21d0-4de0-9186-0ff2d491f686","has_more":true,"dry_run":false}
batch=758 {"success":true,"platform":"shopee","merchant_id":"ffe8519e-49a2-467b-a0ec-57d28ba8be49","shop_id":"224882570","processed":20,"updated":20,"errors":0,"api_error":null,"upsert_errors":[],"next_after_id":"881dd4ab-42c4-4c77-a199-f9ed0dcd0bd9","has_more":true,"dry_run":false}
batch=759 {"success":true,"platform":"shopee","merchant_id":"ffe8519e-49a2-467b-a0ec-57d28ba8be49","shop_id":"224882570","processed":20,"updated":20,"errors":0,"api_error":null,"upsert_errors":[],"next_after_id":"8844259b-8e1c-4359-90d5-c034caae3e2d","has_more":true,"dry_run":false}
batch=760 {"success":true,"platform":"shopee","merchant_id":"ffe8519e-49a2-467b-a0ec-57d28ba8be49","shop_id":"224882570","processed":20,"updated":20,"errors":0,"api_error":null,"upsert_errors":[],"next_after_id":"88760e51-cda4-4528-997d-46d24d19c74a","has_more":true,"dry_run":false}
batch=761 {"success":true,"platform":"shopee","merchant_id":"ffe8519e-49a2-467b-a0ec-57d28ba8be49","shop_id":"224882570","processed":20,"updated":20,"errors":0,"api_error":null,"upsert_errors":[],"next_after_id":"889cc20c-e3d9-44b1-b563-99132219f8c1","has_more":true,"dry_run":false}
batch=762 {"success":true,"platform":"shopee","merchant_id":"ffe8519e-49a2-467b-a0ec-57d28ba8be49","shop_id":"224882570","processed":20,"updated":20,"errors":0,"api_error":null,"upsert_errors":[],"next_after_id":"88cb405c-d1d4-470f-89c7-5a2e5a7280fb","has_more":true,"dry_run":false}
batch=763 {"success":true,"platform":"shopee","merchant_id":"ffe8519e-49a2-467b-a0ec-57d28ba8be49","shop_id":"224882570","processed":20,"updated":20,"errors":0,"api_error":null,"upsert_errors":[],"next_after_id":"89095747-f510-40ac-b6ba-113811f70988","has_more":true,"dry_run":false}
batch=764 {"success":true,"platform":"shopee","merchant_id":"ffe8519e-49a2-467b-a0ec-57d28ba8be49","shop_id":"224882570","processed":20,"updated":20,"errors":0,"api_error":null,"upsert_errors":[],"next_after_id":"892929e1-ada5-41b2-88bf-8644231db2b6","has_more":true,"dry_run":false}
batch=765 {"success":true,"platform":"shopee","merchant_id":"ffe8519e-49a2-467b-a0ec-57d28ba8be49","shop_id":"224882570","processed":20,"updated":20,"errors":0,"api_error":null,"upsert_errors":[],"next_after_id":"8958179b-b6d7-48d5-afe4-ece780b696a9","has_more":true,"dry_run":false}
batch=766 {"success":true,"platform":"shopee","merchant_id":"ffe8519e-49a2-467b-a0ec-57d28ba8be49","shop_id":"224882570","processed":20,"updated":20,"errors":0,"api_error":null,"upsert_errors":[],"next_after_id":"898ea7ab-ccd9-4455-88db-90500a4d5a75","has_more":true,"dry_run":false}
batch=767 {"success":true,"platform":"shopee","merchant_id":"ffe8519e-49a2-467b-a0ec-57d28ba8be49","shop_id":"224882570","processed":20,"updated":20,"errors":0,"api_error":null,"upsert_errors":[],"next_after_id":"89cf272c-63ae-42da-9702-46d1acf1e44e","has_more":true,"dry_run":false}
batch=768 {"success":true,"platform":"shopee","merchant_id":"ffe8519e-49a2-467b-a0ec-57d28ba8be49","shop_id":"224882570","processed":20,"updated":20,"errors":0,"api_error":null,"upsert_errors":[],"next_after_id":"8a00370f-48e2-4818-9d5d-b1e1a10d4021","has_more":true,"dry_run":false}
batch=769 {"success":true,"platform":"shopee","merchant_id":"ffe8519e-49a2-467b-a0ec-57d28ba8be49","shop_id":"224882570","processed":20,"updated":20,"errors":0,"api_error":null,"upsert_errors":[],"next_after_id":"8a204c2f-50f2-4072-9618-2671a629f2f2","has_more":true,"dry_run":false}
batch=770 {"success":true,"platform":"shopee","merchant_id":"ffe8519e-49a2-467b-a0ec-57d28ba8be49","shop_id":"224882570","processed":20,"updated":20,"errors":0,"api_error":null,"upsert_errors":[],"next_after_id":"8a55324b-9889-4c1c-90ba-dc9b7a46a6c2","has_more":true,"dry_run":false}
batch=771 {"success":true,"platform":"shopee","merchant_id":"ffe8519e-49a2-467b-a0ec-57d28ba8be49","shop_id":"224882570","processed":20,"updated":20,"errors":0,"api_error":null,"upsert_errors":[],"next_after_id":"8a84d73a-659f-48d7-a7e1-c099f2588d01","has_more":true,"dry_run":false}
batch=772 {"success":true,"platform":"shopee","merchant_id":"ffe8519e-49a2-467b-a0ec-57d28ba8be49","shop_id":"224882570","processed":20,"updated":20,"errors":0,"api_error":null,"upsert_errors":[],"next_after_id":"8ac14918-173e-42f3-8109-8d357d6721a1","has_more":true,"dry_run":false}
batch=773 {"success":true,"platform":"shopee","merchant_id":"ffe8519e-49a2-467b-a0ec-57d28ba8be49","shop_id":"224882570","processed":20,"updated":20,"errors":0,"api_error":null,"upsert_errors":[],"next_after_id":"8aef53c2-5263-4128-b723-35701e81f7c1","has_more":true,"dry_run":false}
batch=774 {"success":true,"platform":"shopee","merchant_id":"ffe8519e-49a2-467b-a0ec-57d28ba8be49","shop_id":"224882570","processed":20,"updated":20,"errors":0,"api_error":null,"upsert_errors":[],"next_after_id":"8b185889-b930-49f9-815e-3f3b164c7338","has_more":true,"dry_run":false}
batch=775 {"success":true,"platform":"shopee","merchant_id":"ffe8519e-49a2-467b-a0ec-57d28ba8be49","shop_id":"224882570","processed":20,"updated":20,"errors":0,"api_error":null,"upsert_errors":[],"next_after_id":"8b60545e-a1f8-4d51-a9c4-b56b1e5ef2e7","has_more":true,"dry_run":false}
batch=776 {"success":true,"platform":"shopee","merchant_id":"ffe8519e-49a2-467b-a0ec-57d28ba8be49","shop_id":"224882570","processed":20,"updated":20,"errors":0,"api_error":null,"upsert_errors":[],"next_after_id":"8b8df0c5-340a-4a46-85e4-4cb331152adf","has_more":true,"dry_run":false}
batch=777 {"success":true,"platform":"shopee","merchant_id":"ffe8519e-49a2-467b-a0ec-57d28ba8be49","shop_id":"224882570","processed":20,"updated":20,"errors":0,"api_error":null,"upsert_errors":[],"next_after_id":"8bbb6b51-bd6c-4bb9-ba4b-8cb69398e3ec","has_more":true,"dry_run":false}
batch=778 {"success":true,"platform":"shopee","merchant_id":"ffe8519e-49a2-467b-a0ec-57d28ba8be49","shop_id":"224882570","processed":20,"updated":20,"errors":0,"api_error":null,"upsert_errors":[],"next_after_id":"8c01aa56-98b4-4103-85ad-a82ba7baf3d0","has_more":true,"dry_run":false}
batch=779 {"success":true,"platform":"shopee","merchant_id":"ffe8519e-49a2-467b-a0ec-57d28ba8be49","shop_id":"224882570","processed":20,"updated":20,"errors":0,"api_error":null,"upsert_errors":[],"next_after_id":"8c3042ac-fe35-4dd8-9b61-cb5ee6447e12","has_more":true,"dry_run":false}
batch=780 {"success":true,"platform":"shopee","merchant_id":"ffe8519e-49a2-467b-a0ec-57d28ba8be49","shop_id":"224882570","processed":20,"updated":20,"errors":0,"api_error":null,"upsert_errors":[],"next_after_id":"8c5dcd4e-83d7-428d-a589-b45de3a7925b","has_more":true,"dry_run":false}
batch=781 {"success":true,"platform":"shopee","merchant_id":"ffe8519e-49a2-467b-a0ec-57d28ba8be49","shop_id":"224882570","processed":20,"updated":20,"errors":0,"api_error":null,"upsert_errors":[],"next_after_id":"8c85da3a-acaa-40a6-a307-9c9f302ccbbb","has_more":true,"dry_run":false}
batch=782 {"success":true,"platform":"shopee","merchant_id":"ffe8519e-49a2-467b-a0ec-57d28ba8be49","shop_id":"224882570","processed":20,"updated":20,"errors":0,"api_error":null,"upsert_errors":[],"next_after_id":"8cb6356f-f1f3-4118-9984-03b2cb31458a","has_more":true,"dry_run":false}
batch=783 {"success":true,"platform":"shopee","merchant_id":"ffe8519e-49a2-467b-a0ec-57d28ba8be49","shop_id":"224882570","processed":20,"updated":20,"errors":0,"api_error":null,"upsert_errors":[],"next_after_id":"8ce9ca7f-6844-4d69-a257-6a9b97a9d87e","has_more":true,"dry_run":false}
batch=784 {"code":"SUPABASE_EDGE_RUNTIME_SERVICE_DEGRADED","message":"Service is temporarily unavailable"}
done platform=shopee updated=15659 batches=784
