batch=1 {"success":true,"platform":"tiktok","merchant_id":"ffe8519e-49a2-467b-a0ec-57d28ba8be49","shop_id":"7495127669839399750","processed":20,"updated":20,"errors":0,"api_error":null,"upsert_errors":[],"next_after_id":"08c86da1-0774-4c9a-b477-c3273e89a5aa","has_more":true,"dry_run":false}
batch=2 {"success":true,"platform":"tiktok","merchant_id":"ffe8519e-49a2-467b-a0ec-57d28ba8be49","shop_id":"7495127669839399750","processed":20,"updated":20,"errors":0,"api_error":null,"upsert_errors":[],"next_after_id":"08f1680f-2a42-422a-a1df-4e9e0f7dc2cc","has_more":true,"dry_run":false}
batch=3 {"success":true,"platform":"tiktok","merchant_id":"ffe8519e-49a2-467b-a0ec-57d28ba8be49","shop_id":"7495127669839399750","processed":20,"updated":20,"errors":0,"api_error":null,"upsert_errors":[],"next_after_id":"092929f7-e7b3-4b6f-8cf1-c29118033670","has_more":true,"dry_run":false}
batch=4 {"success":true,"platform":"tiktok","merchant_id":"ffe8519e-49a2-467b-a0ec-57d28ba8be49","shop_id":"7495127669839399750","processed":20,"updated":20,"errors":0,"api_error":null,"upsert_errors":[],"next_after_id":"094dc808-694b-43fc-9ac6-08fcf57e3a08","has_more":true,"dry_run":false}
batch=5 {"success":true,"platform":"tiktok","merchant_id":"ffe8519e-49a2-467b-a0ec-57d28ba8be49","shop_id":"7495127669839399750","processed":20,"updated":20,"errors":0,"api_error":null,"upsert_errors":[],"next_after_id":"09788040-0e4d-4a9e-9fd1-e3a0a02910f3","has_more":true,"dry_run":false}
batch=6 {"success":true,"platform":"tiktok","merchant_id":"ffe8519e-49a2-467b-a0ec-57d28ba8be49","shop_id":"7495127669839399750","processed":20,"updated":20,"errors":0,"api_error":null,"upsert_errors":[],"next_after_id":"0992e058-e015-4e81-9ba4-9d895d091f50","has_more":true,"dry_run":false}
batch=7 {"success":true,"platform":"tiktok","merchant_id":"ffe8519e-49a2-467b-a0ec-57d28ba8be49","shop_id":"7495127669839399750","processed":20,"updated":20,"errors":0,"api_error":null,"upsert_errors":[],"next_after_id":"09bbe159-b236-4fc3-b04c-2af1b8456b59","has_more":true,"dry_run":false}
batch=8 {"success":true,"platform":"tiktok","merchant_id":"ffe8519e-49a2-467b-a0ec-57d28ba8be49","shop_id":"7495127669839399750","processed":20,"updated":20,"errors":0,"api_error":null,"upsert_errors":[],"next_after_id":"09ebce19-f4cf-4de6-9a8b-069672975dfe","has_more":true,"dry_run":false}
batch=9 {"success":true,"platform":"tiktok","merchant_id":"ffe8519e-49a2-467b-a0ec-57d28ba8be49","shop_id":"7495127669839399750","processed":20,"updated":20,"errors":0,"api_error":null,"upsert_errors":[],"next_after_id":"0a1270df-814c-48fb-bb8b-4e951e27b837","has_more":true,"dry_run":false}
batch=10 {"success":true,"platform":"tiktok","merchant_id":"ffe8519e-49a2-467b-a0ec-57d28ba8be49","shop_id":"7495127669839399750","processed":20,"updated":20,"errors":0,"api_error":null,"upsert_errors":[],"next_after_id":"0a3508bc-eaa2-4b8f-b08e-3cbff7e79e69","has_more":true,"dry_run":false}
batch=11 {"success":true,"platform":"tiktok","merchant_id":"ffe8519e-49a2-467b-a0ec-57d28ba8be49","shop_id":"7495127669839399750","processed":20,"updated":20,"errors":0,"api_error":null,"upsert_errors":[],"next_after_id":"0a5999b3-b8ea-4dd7-98d9-266cb0d84a6e","has_more":true,"dry_run":false}
batch=12 {"success":true,"platform":"tiktok","merchant_id":"ffe8519e-49a2-467b-a0ec-57d28ba8be49","shop_id":"7495127669839399750","processed":20,"updated":20,"errors":0,"api_error":null,"upsert_errors":[],"next_after_id":"0a7c5ac4-37f2-4039-965c-393d9dee866c","has_more":true,"dry_run":false}
batch=13 {"success":true,"platform":"tiktok","merchant_id":"ffe8519e-49a2-467b-a0ec-57d28ba8be49","shop_id":"7495127669839399750","processed":20,"updated":20,"errors":0,"api_error":null,"upsert_errors":[],"next_after_id":"0aa127a8-7ce2-430d-aa6c-e5dd434e616d","has_more":true,"dry_run":false}
batch=14 {"success":true,"platform":"tiktok","merchant_id":"ffe8519e-49a2-467b-a0ec-57d28ba8be49","shop_id":"7495127669839399750","processed":20,"updated":20,"errors":0,"api_error":null,"upsert_errors":[],"next_after_id":"0ac3dc60-dc6e-4162-9ae1-19cd8efc2fa1","has_more":true,"dry_run":false}
batch=15 {"success":true,"platform":"tiktok","merchant_id":"ffe8519e-49a2-467b-a0ec-57d28ba8be49","shop_id":"7495127669839399750","processed":20,"updated":20,"errors":0,"api_error":null,"upsert_errors":[],"next_after_id":"0af0bf4b-0295-4512-97ff-bfb5e7dccd92","has_more":true,"dry_run":false}
batch=16 {"success":true,"platform":"tiktok","merchant_id":"ffe8519e-49a2-467b-a0ec-57d28ba8be49","shop_id":"7495127669839399750","processed":20,"updated":20,"errors":0,"api_error":null,"upsert_errors":[],"next_after_id":"0b1f620c-4dd3-46ae-a5e7-7935af257a86","has_more":true,"dry_run":false}
batch=17 {"success":true,"platform":"tiktok","merchant_id":"ffe8519e-49a2-467b-a0ec-57d28ba8be49","shop_id":"7495127669839399750","processed":20,"updated":20,"errors":0,"api_error":null,"upsert_errors":[],"next_after_id":"0b44d57a-76d0-424e-bdde-e917d08e0dad","has_more":true,"dry_run":false}
batch=18 {"success":true,"platform":"tiktok","merchant_id":"ffe8519e-49a2-467b-a0ec-57d28ba8be49","shop_id":"7495127669839399750","processed":20,"updated":20,"errors":0,"api_error":null,"upsert_errors":[],"next_after_id":"0b61d29b-18a5-4fec-a3b4-2a8982985e07","has_more":true,"dry_run":false}
batch=19 {"success":true,"platform":"tiktok","merchant_id":"ffe8519e-49a2-467b-a0ec-57d28ba8be49","shop_id":"7495127669839399750","processed":20,"updated":20,"errors":0,"api_error":null,"upsert_errors":[],"next_after_id":"0b83ef08-dd01-4569-a458-2c6c61360cf8","has_more":true,"dry_run":false}
batch=20 {"success":true,"platform":"tiktok","merchant_id":"ffe8519e-49a2-467b-a0ec-57d28ba8be49","shop_id":"7495127669839399750","processed":20,"updated":20,"errors":0,"api_error":null,"upsert_errors":[],"next_after_id":"0baf4982-0a49-47b3-a57a-0fbcdec63aec","has_more":true,"dry_run":false}
batch=21 {"success":true,"platform":"tiktok","merchant_id":"ffe8519e-49a2-467b-a0ec-57d28ba8be49","shop_id":"7495127669839399750","processed":20,"updated":20,"errors":0,"api_error":null,"upsert_errors":[],"next_after_id":"0bd82238-00af-4042-b6fb-5e2835098770","has_more":true,"dry_run":false}
batch=22 {"success":true,"platform":"tiktok","merchant_id":"ffe8519e-49a2-467b-a0ec-57d28ba8be49","shop_id":"7495127669839399750","processed":20,"updated":20,"errors":0,"api_error":null,"upsert_errors":[],"next_after_id":"0c02137f-63df-463c-8cd8-99bbbab4c9c9","has_more":true,"dry_run":false}
batch=23 {"success":true,"platform":"tiktok","merchant_id":"ffe8519e-49a2-467b-a0ec-57d28ba8be49","shop_id":"7495127669839399750","processed":20,"updated":20,"errors":0,"api_error":null,"upsert_errors":[],"next_after_id":"0c3dcb67-f668-41bf-9763-c0443dda30e0","has_more":true,"dry_run":false}
batch=24 {"success":true,"platform":"tiktok","merchant_id":"ffe8519e-49a2-467b-a0ec-57d28ba8be49","shop_id":"7495127669839399750","processed":20,"updated":20,"errors":0,"api_error":null,"upsert_errors":[],"next_after_id":"0c70f575-9d66-4138-b859-29b64b82e852","has_more":true,"dry_run":false}
batch=25 {"success":true,"platform":"tiktok","merchant_id":"ffe8519e-49a2-467b-a0ec-57d28ba8be49","shop_id":"7495127669839399750","processed":20,"updated":20,"errors":0,"api_error":null,"upsert_errors":[],"next_after_id":"0c9b6a94-e278-4ecf-aa69-271e161b5e52","has_more":true,"dry_run":false}
batch=26 {"success":true,"platform":"tiktok","merchant_id":"ffe8519e-49a2-467b-a0ec-57d28ba8be49","shop_id":"7495127669839399750","processed":20,"updated":20,"errors":0,"api_error":null,"upsert_errors":[],"next_after_id":"0cc634b6-b7fb-4013-99f5-055b1e624f93","has_more":true,"dry_run":false}
batch=27 {"success":true,"platform":"tiktok","merchant_id":"ffe8519e-49a2-467b-a0ec-57d28ba8be49","shop_id":"7495127669839399750","processed":20,"updated":20,"errors":0,"api_error":null,"upsert_errors":[],"next_after_id":"0d0826f3-6118-4425-9245-b541ca03ce11","has_more":true,"dry_run":false}
batch=28 {"success":true,"platform":"tiktok","merchant_id":"ffe8519e-49a2-467b-a0ec-57d28ba8be49","shop_id":"7495127669839399750","processed":20,"updated":20,"errors":0,"api_error":null,"upsert_errors":[],"next_after_id":"0d382042-c1dc-443f-b60d-d6ff7fadd2e9","has_more":true,"dry_run":false}
batch=29 {"success":true,"platform":"tiktok","merchant_id":"ffe8519e-49a2-467b-a0ec-57d28ba8be49","shop_id":"7495127669839399750","processed":20,"updated":20,"errors":0,"api_error":null,"upsert_errors":[],"next_after_id":"0d60c30f-f3b7-4fef-80f6-3943d947b93b","has_more":true,"dry_run":false}
batch=30 {"success":true,"platform":"tiktok","merchant_id":"ffe8519e-49a2-467b-a0ec-57d28ba8be49","shop_id":"7495127669839399750","processed":20,"updated":20,"errors":0,"api_error":null,"upsert_errors":[],"next_after_id":"0d79869f-4136-4494-a734-888ad039a518","has_more":true,"dry_run":false}
batch=31 {"success":true,"platform":"tiktok","merchant_id":"ffe8519e-49a2-467b-a0ec-57d28ba8be49","shop_id":"7495127669839399750","processed":20,"updated":20,"errors":0,"api_error":null,"upsert_errors":[],"next_after_id":"0da11ae7-8b15-4a32-b71a-c6fc323d2e13","has_more":true,"dry_run":false}
batch=32 {"success":true,"platform":"tiktok","merchant_id":"ffe8519e-49a2-467b-a0ec-57d28ba8be49","shop_id":"7495127669839399750","processed":20,"updated":20,"errors":0,"api_error":null,"upsert_errors":[],"next_after_id":"0dd46a37-c6c4-41a5-ae34-c9d23241056a","has_more":true,"dry_run":false}
batch=33 {"success":true,"platform":"tiktok","merchant_id":"ffe8519e-49a2-467b-a0ec-57d28ba8be49","shop_id":"7495127669839399750","processed":20,"updated":20,"errors":0,"api_error":null,"upsert_errors":[],"next_after_id":"0e0cd187-87cb-43f6-a5ff-6fda2d96454e","has_more":true,"dry_run":false}
batch=34 {"success":true,"platform":"tiktok","merchant_id":"ffe8519e-49a2-467b-a0ec-57d28ba8be49","shop_id":"7495127669839399750","processed":20,"updated":20,"errors":0,"api_error":null,"upsert_errors":[],"next_after_id":"0e3e6720-8fd6-462d-9029-4d8253bec373","has_more":true,"dry_run":false}
batch=35 {"success":true,"platform":"tiktok","merchant_id":"ffe8519e-49a2-467b-a0ec-57d28ba8be49","shop_id":"7495127669839399750","processed":20,"updated":20,"errors":0,"api_error":null,"upsert_errors":[],"next_after_id":"0e811684-c429-4a37-90ed-a3bdae59046a","has_more":true,"dry_run":false}
batch=36 {"success":true,"platform":"tiktok","merchant_id":"ffe8519e-49a2-467b-a0ec-57d28ba8be49","shop_id":"7495127669839399750","processed":20,"updated":20,"errors":0,"api_error":null,"upsert_errors":[],"next_after_id":"0ebcb6fd-7c78-42dc-819b-383cd3996332","has_more":true,"dry_run":false}
batch=37 {"success":true,"platform":"tiktok","merchant_id":"ffe8519e-49a2-467b-a0ec-57d28ba8be49","shop_id":"7495127669839399750","processed":20,"updated":20,"errors":0,"api_error":null,"upsert_errors":[],"next_after_id":"0ee2f5ed-661e-409d-8c9c-098e452725ef","has_more":true,"dry_run":false}
batch=38 {"success":true,"platform":"tiktok","merchant_id":"ffe8519e-49a2-467b-a0ec-57d28ba8be49","shop_id":"7495127669839399750","processed":20,"updated":20,"errors":0,"api_error":null,"upsert_errors":[],"next_after_id":"0f1a1ea2-c5fd-4c48-ae01-e174274c7302","has_more":true,"dry_run":false}
batch=39 {"success":true,"platform":"tiktok","merchant_id":"ffe8519e-49a2-467b-a0ec-57d28ba8be49","shop_id":"7495127669839399750","processed":20,"updated":20,"errors":0,"api_error":null,"upsert_errors":[],"next_after_id":"0f4b34a6-6bda-46f9-86f7-1ddf301ee2c1","has_more":true,"dry_run":false}
batch=40 {"success":true,"platform":"tiktok","merchant_id":"ffe8519e-49a2-467b-a0ec-57d28ba8be49","shop_id":"7495127669839399750","processed":20,"updated":20,"errors":0,"api_error":null,"upsert_errors":[],"next_after_id":"0f70a03a-9c45-44fc-8448-d65c71a2b7f7","has_more":true,"dry_run":false}
batch=41 {"success":true,"platform":"tiktok","merchant_id":"ffe8519e-49a2-467b-a0ec-57d28ba8be49","shop_id":"7495127669839399750","processed":20,"updated":20,"errors":0,"api_error":null,"upsert_errors":[],"next_after_id":"0fa78678-a651-4832-ba5c-507ca0037f20","has_more":true,"dry_run":false}
batch=42 {"success":true,"platform":"tiktok","merchant_id":"ffe8519e-49a2-467b-a0ec-57d28ba8be49","shop_id":"7495127669839399750","processed":20,"updated":20,"errors":0,"api_error":null,"upsert_errors":[],"next_after_id":"0fce1c1a-3376-44a8-aca4-4122624e6407","has_more":true,"dry_run":false}
batch=43 {"success":true,"platform":"tiktok","merchant_id":"ffe8519e-49a2-467b-a0ec-57d28ba8be49","shop_id":"7495127669839399750","processed":20,"updated":20,"errors":0,"api_error":null,"upsert_errors":[],"next_after_id":"0ffb049a-9aca-4277-b110-91c8e57db1fa","has_more":true,"dry_run":false}
batch=44 {"success":true,"platform":"tiktok","merchant_id":"ffe8519e-49a2-467b-a0ec-57d28ba8be49","shop_id":"7495127669839399750","processed":20,"updated":20,"errors":0,"api_error":null,"upsert_errors":[],"next_after_id":"102f8a1f-5869-4e44-b819-d560c9b8ad40","has_more":true,"dry_run":false}
batch=45 {"success":true,"platform":"tiktok","merchant_id":"ffe8519e-49a2-467b-a0ec-57d28ba8be49","shop_id":"7495127669839399750","processed":20,"updated":20,"errors":0,"api_error":null,"upsert_errors":[],"next_after_id":"105de315-cc2e-4865-958e-eff638e15595","has_more":true,"dry_run":false}
batch=46 {"success":true,"platform":"tiktok","merchant_id":"ffe8519e-49a2-467b-a0ec-57d28ba8be49","shop_id":"7495127669839399750","processed":20,"updated":20,"errors":0,"api_error":null,"upsert_errors":[],"next_after_id":"1080c91f-992d-430d-9cf7-52529ab66d1e","has_more":true,"dry_run":false}
batch=47 {"success":true,"platform":"tiktok","merchant_id":"ffe8519e-49a2-467b-a0ec-57d28ba8be49","shop_id":"7495127669839399750","processed":20,"updated":20,"errors":0,"api_error":null,"upsert_errors":[],"next_after_id":"10a75f06-e8ad-45c7-baac-5c8784367865","has_more":true,"dry_run":false}
batch=48 {"success":true,"platform":"tiktok","merchant_id":"ffe8519e-49a2-467b-a0ec-57d28ba8be49","shop_id":"7495127669839399750","processed":20,"updated":20,"errors":0,"api_error":null,"upsert_errors":[],"next_after_id":"10d3a8bb-b741-4768-b7c6-81411b4905f0","has_more":true,"dry_run":false}
batch=49 {"success":true,"platform":"tiktok","merchant_id":"ffe8519e-49a2-467b-a0ec-57d28ba8be49","shop_id":"7495127669839399750","processed":20,"updated":20,"errors":0,"api_error":null,"upsert_errors":[],"next_after_id":"11146c5d-78b1-479a-b41e-e08b2bba1dc8","has_more":true,"dry_run":false}
batch=50 {"success":true,"platform":"tiktok","merchant_id":"ffe8519e-49a2-467b-a0ec-57d28ba8be49","shop_id":"7495127669839399750","processed":20,"updated":20,"errors":0,"api_error":null,"upsert_errors":[],"next_after_id":"113950c1-bccc-4780-9368-ebe78214006b","has_more":true,"dry_run":false}
batch=51 {"success":true,"platform":"tiktok","merchant_id":"ffe8519e-49a2-467b-a0ec-57d28ba8be49","shop_id":"7495127669839399750","processed":20,"updated":20,"errors":0,"api_error":null,"upsert_errors":[],"next_after_id":"1168f1ff-9f25-420d-b5fb-e2b65804e979","has_more":true,"dry_run":false}
batch=52 {"success":true,"platform":"tiktok","merchant_id":"ffe8519e-49a2-467b-a0ec-57d28ba8be49","shop_id":"7495127669839399750","processed":20,"updated":20,"errors":0,"api_error":null,"upsert_errors":[],"next_after_id":"119451ae-f742-48e5-afca-8978c20f0122","has_more":true,"dry_run":false}
batch=53 {"success":true,"platform":"tiktok","merchant_id":"ffe8519e-49a2-467b-a0ec-57d28ba8be49","shop_id":"7495127669839399750","processed":20,"updated":20,"errors":0,"api_error":null,"upsert_errors":[],"next_after_id":"11c4dd8f-195d-440b-bc34-f703a273252c","has_more":true,"dry_run":false}
batch=54 {"success":true,"platform":"tiktok","merchant_id":"ffe8519e-49a2-467b-a0ec-57d28ba8be49","shop_id":"7495127669839399750","processed":20,"updated":20,"errors":0,"api_error":null,"upsert_errors":[],"next_after_id":"11f05f65-7178-4dd3-91dd-380e33eda8e3","has_more":true,"dry_run":false}
batch=55 {"success":true,"platform":"tiktok","merchant_id":"ffe8519e-49a2-467b-a0ec-57d28ba8be49","shop_id":"7495127669839399750","processed":20,"updated":20,"errors":0,"api_error":null,"upsert_errors":[],"next_after_id":"122409c8-1bc6-4144-86e0-778ee140c963","has_more":true,"dry_run":false}
batch=56 {"success":true,"platform":"tiktok","merchant_id":"ffe8519e-49a2-467b-a0ec-57d28ba8be49","shop_id":"7495127669839399750","processed":20,"updated":20,"errors":0,"api_error":null,"upsert_errors":[],"next_after_id":"123ea6de-a3fe-4063-a95b-746ce1c44b04","has_more":true,"dry_run":false}
batch=57 {"success":true,"platform":"tiktok","merchant_id":"ffe8519e-49a2-467b-a0ec-57d28ba8be49","shop_id":"7495127669839399750","processed":20,"updated":20,"errors":0,"api_error":null,"upsert_errors":[],"next_after_id":"1274eea7-b655-4ed5-aecc-b2caed3355fa","has_more":true,"dry_run":false}
batch=58 {"success":true,"platform":"tiktok","merchant_id":"ffe8519e-49a2-467b-a0ec-57d28ba8be49","shop_id":"7495127669839399750","processed":20,"updated":20,"errors":0,"api_error":null,"upsert_errors":[],"next_after_id":"129ccc05-108c-4365-8423-8ccdb2eacc2c","has_more":true,"dry_run":false}
batch=59 {"success":true,"platform":"tiktok","merchant_id":"ffe8519e-49a2-467b-a0ec-57d28ba8be49","shop_id":"7495127669839399750","processed":20,"updated":20,"errors":0,"api_error":null,"upsert_errors":[],"next_after_id":"12c15ac7-234b-418d-ae5d-a3baac4f4379","has_more":true,"dry_run":false}
batch=60 {"success":true,"platform":"tiktok","merchant_id":"ffe8519e-49a2-467b-a0ec-57d28ba8be49","shop_id":"7495127669839399750","processed":20,"updated":20,"errors":0,"api_error":null,"upsert_errors":[],"next_after_id":"12e9908a-2ffb-461c-8729-4ab18db3c493","has_more":true,"dry_run":false}
batch=61 {"success":true,"platform":"tiktok","merchant_id":"ffe8519e-49a2-467b-a0ec-57d28ba8be49","shop_id":"7495127669839399750","processed":20,"updated":20,"errors":0,"api_error":null,"upsert_errors":[],"next_after_id":"132cb546-c328-4604-b049-df4178cf5847","has_more":true,"dry_run":false}
batch=62 {"success":true,"platform":"tiktok","merchant_id":"ffe8519e-49a2-467b-a0ec-57d28ba8be49","shop_id":"7495127669839399750","processed":20,"updated":20,"errors":0,"api_error":null,"upsert_errors":[],"next_after_id":"1360fae8-a5e8-48cf-91d8-67f2e631a83b","has_more":true,"dry_run":false}
batch=63 {"success":true,"platform":"tiktok","merchant_id":"ffe8519e-49a2-467b-a0ec-57d28ba8be49","shop_id":"7495127669839399750","processed":20,"updated":20,"errors":0,"api_error":null,"upsert_errors":[],"next_after_id":"139d0c58-9325-4f5b-b3e3-bc1b3934d84d","has_more":true,"dry_run":false}
batch=64 {"success":true,"platform":"tiktok","merchant_id":"ffe8519e-49a2-467b-a0ec-57d28ba8be49","shop_id":"7495127669839399750","processed":20,"updated":20,"errors":0,"api_error":null,"upsert_errors":[],"next_after_id":"13d0d7f4-cb99-462c-9aef-0cfe722adfa6","has_more":true,"dry_run":false}
batch=65 {"success":true,"platform":"tiktok","merchant_id":"ffe8519e-49a2-467b-a0ec-57d28ba8be49","shop_id":"7495127669839399750","processed":20,"updated":20,"errors":0,"api_error":null,"upsert_errors":[],"next_after_id":"14030e5a-18c3-406e-898c-fb61b16a3f5b","has_more":true,"dry_run":false}
batch=66 {"success":true,"platform":"tiktok","merchant_id":"ffe8519e-49a2-467b-a0ec-57d28ba8be49","shop_id":"7495127669839399750","processed":20,"updated":20,"errors":0,"api_error":null,"upsert_errors":[],"next_after_id":"141ee483-d1be-4a27-9778-04cfc6711156","has_more":true,"dry_run":false}
batch=67 {"success":true,"platform":"tiktok","merchant_id":"ffe8519e-49a2-467b-a0ec-57d28ba8be49","shop_id":"7495127669839399750","processed":20,"updated":20,"errors":0,"api_error":null,"upsert_errors":[],"next_after_id":"1463eace-645f-460a-89f1-d83ac8d1deff","has_more":true,"dry_run":false}
batch=68 {"success":true,"platform":"tiktok","merchant_id":"ffe8519e-49a2-467b-a0ec-57d28ba8be49","shop_id":"7495127669839399750","processed":20,"updated":20,"errors":0,"api_error":null,"upsert_errors":[],"next_after_id":"14862854-f83f-45f6-812c-29002aa66871","has_more":true,"dry_run":false}
batch=69 {"success":true,"platform":"tiktok","merchant_id":"ffe8519e-49a2-467b-a0ec-57d28ba8be49","shop_id":"7495127669839399750","processed":20,"updated":20,"errors":0,"api_error":null,"upsert_errors":[],"next_after_id":"14b1cb85-be4e-4f14-bc7a-fdb36203d95f","has_more":true,"dry_run":false}
batch=70 {"success":true,"platform":"tiktok","merchant_id":"ffe8519e-49a2-467b-a0ec-57d28ba8be49","shop_id":"7495127669839399750","processed":20,"updated":20,"errors":0,"api_error":null,"upsert_errors":[],"next_after_id":"14d11cc0-2145-4851-9c81-6c2f054f9ea7","has_more":true,"dry_run":false}
batch=71 {"success":true,"platform":"tiktok","merchant_id":"ffe8519e-49a2-467b-a0ec-57d28ba8be49","shop_id":"7495127669839399750","processed":20,"updated":20,"errors":0,"api_error":null,"upsert_errors":[],"next_after_id":"14f3ad5e-ea48-432c-bdd0-377ab7e6da99","has_more":true,"dry_run":false}
batch=72 {"success":true,"platform":"tiktok","merchant_id":"ffe8519e-49a2-467b-a0ec-57d28ba8be49","shop_id":"7495127669839399750","processed":20,"updated":20,"errors":0,"api_error":null,"upsert_errors":[],"next_after_id":"15171aab-7fe1-478a-a64d-aeef62d44e62","has_more":true,"dry_run":false}
batch=73 {"success":true,"platform":"tiktok","merchant_id":"ffe8519e-49a2-467b-a0ec-57d28ba8be49","shop_id":"7495127669839399750","processed":20,"updated":20,"errors":0,"api_error":null,"upsert_errors":[],"next_after_id":"153ecb9c-4912-43dd-be64-eef5f5278a5d","has_more":true,"dry_run":false}
batch=74 {"success":true,"platform":"tiktok","merchant_id":"ffe8519e-49a2-467b-a0ec-57d28ba8be49","shop_id":"7495127669839399750","processed":20,"updated":20,"errors":0,"api_error":null,"upsert_errors":[],"next_after_id":"1568e7ee-5ef2-4858-b634-6f775e156097","has_more":true,"dry_run":false}
batch=75 {"success":true,"platform":"tiktok","merchant_id":"ffe8519e-49a2-467b-a0ec-57d28ba8be49","shop_id":"7495127669839399750","processed":20,"updated":20,"errors":0,"api_error":null,"upsert_errors":[],"next_after_id":"158c32a3-8077-410a-a3cb-5d25ee0dfa67","has_more":true,"dry_run":false}
batch=76 {"success":true,"platform":"tiktok","merchant_id":"ffe8519e-49a2-467b-a0ec-57d28ba8be49","shop_id":"7495127669839399750","processed":20,"updated":20,"errors":0,"api_error":null,"upsert_errors":[],"next_after_id":"15b49621-c98c-468d-b52c-00179b7af67b","has_more":true,"dry_run":false}
batch=77 {"success":true,"platform":"tiktok","merchant_id":"ffe8519e-49a2-467b-a0ec-57d28ba8be49","shop_id":"7495127669839399750","processed":20,"updated":20,"errors":0,"api_error":null,"upsert_errors":[],"next_after_id":"15d58a3a-ed8d-441e-b924-a0943e22d1fd","has_more":true,"dry_run":false}
batch=78 {"success":true,"platform":"tiktok","merchant_id":"ffe8519e-49a2-467b-a0ec-57d28ba8be49","shop_id":"7495127669839399750","processed":20,"updated":20,"errors":0,"api_error":null,"upsert_errors":[],"next_after_id":"1606c4cd-224e-4930-9e04-58f348aefb9f","has_more":true,"dry_run":false}
batch=79 {"success":true,"platform":"tiktok","merchant_id":"ffe8519e-49a2-467b-a0ec-57d28ba8be49","shop_id":"7495127669839399750","processed":20,"updated":20,"errors":0,"api_error":null,"upsert_errors":[],"next_after_id":"16343842-a2b3-4ed5-9486-607fcdbe4262","has_more":true,"dry_run":false}
batch=80 {"success":true,"platform":"tiktok","merchant_id":"ffe8519e-49a2-467b-a0ec-57d28ba8be49","shop_id":"7495127669839399750","processed":20,"updated":20,"errors":0,"api_error":null,"upsert_errors":[],"next_after_id":"165f28f1-e694-451d-883b-0a01d637dd14","has_more":true,"dry_run":false}
batch=81 {"success":true,"platform":"tiktok","merchant_id":"ffe8519e-49a2-467b-a0ec-57d28ba8be49","shop_id":"7495127669839399750","processed":20,"updated":20,"errors":0,"api_error":null,"upsert_errors":[],"next_after_id":"1690992c-2aa7-409f-b640-b4ba52bd52aa","has_more":true,"dry_run":false}
batch=82 {"success":true,"platform":"tiktok","merchant_id":"ffe8519e-49a2-467b-a0ec-57d28ba8be49","shop_id":"7495127669839399750","processed":20,"updated":20,"errors":0,"api_error":null,"upsert_errors":[],"next_after_id":"16cbc56c-8ceb-4e11-8c70-f73c3694c3b1","has_more":true,"dry_run":false}
batch=83 {"success":true,"platform":"tiktok","merchant_id":"ffe8519e-49a2-467b-a0ec-57d28ba8be49","shop_id":"7495127669839399750","processed":20,"updated":20,"errors":0,"api_error":null,"upsert_errors":[],"next_after_id":"16fc4887-6e5c-4961-86c3-72639748b67a","has_more":true,"dry_run":false}
batch=84 {"success":true,"platform":"tiktok","merchant_id":"ffe8519e-49a2-467b-a0ec-57d28ba8be49","shop_id":"7495127669839399750","processed":20,"updated":20,"errors":0,"api_error":null,"upsert_errors":[],"next_after_id":"17262a8a-4e9f-44a8-b60e-334f5e850077","has_more":true,"dry_run":false}
batch=85 {"success":true,"platform":"tiktok","merchant_id":"ffe8519e-49a2-467b-a0ec-57d28ba8be49","shop_id":"7495127669839399750","processed":20,"updated":20,"errors":0,"api_error":null,"upsert_errors":[],"next_after_id":"174be7f9-d4a6-4555-a4a5-3b0a42673a68","has_more":true,"dry_run":false}
batch=86 {"success":true,"platform":"tiktok","merchant_id":"ffe8519e-49a2-467b-a0ec-57d28ba8be49","shop_id":"7495127669839399750","processed":20,"updated":20,"errors":0,"api_error":null,"upsert_errors":[],"next_after_id":"176c52ed-7894-41f2-9bf0-12cfb2b14e77","has_more":true,"dry_run":false}
batch=87 {"success":true,"platform":"tiktok","merchant_id":"ffe8519e-49a2-467b-a0ec-57d28ba8be49","shop_id":"7495127669839399750","processed":20,"updated":20,"errors":0,"api_error":null,"upsert_errors":[],"next_after_id":"179b618d-0718-49ac-ab72-8f50a1dc2fa4","has_more":true,"dry_run":false}
batch=88 {"success":true,"platform":"tiktok","merchant_id":"ffe8519e-49a2-467b-a0ec-57d28ba8be49","shop_id":"7495127669839399750","processed":20,"updated":20,"errors":0,"api_error":null,"upsert_errors":[],"next_after_id":"17dc182e-0a75-4285-b1d1-bcd9e184a891","has_more":true,"dry_run":false}
batch=89 {"success":true,"platform":"tiktok","merchant_id":"ffe8519e-49a2-467b-a0ec-57d28ba8be49","shop_id":"7495127669839399750","processed":20,"updated":20,"errors":0,"api_error":null,"upsert_errors":[],"next_after_id":"180ea1e5-1307-4981-b480-107443a063b4","has_more":true,"dry_run":false}
batch=90 {"success":true,"platform":"tiktok","merchant_id":"ffe8519e-49a2-467b-a0ec-57d28ba8be49","shop_id":"7495127669839399750","processed":20,"updated":20,"errors":0,"api_error":null,"upsert_errors":[],"next_after_id":"183500ec-57d4-40c0-8654-2890ec0ffd7f","has_more":true,"dry_run":false}
batch=91 {"success":true,"platform":"tiktok","merchant_id":"ffe8519e-49a2-467b-a0ec-57d28ba8be49","shop_id":"7495127669839399750","processed":20,"updated":20,"errors":0,"api_error":null,"upsert_errors":[],"next_after_id":"185f99c5-1fe7-4840-9cad-1c226fc1024e","has_more":true,"dry_run":false}
batch=92 {"success":true,"platform":"tiktok","merchant_id":"ffe8519e-49a2-467b-a0ec-57d28ba8be49","shop_id":"7495127669839399750","processed":20,"updated":20,"errors":0,"api_error":null,"upsert_errors":[],"next_after_id":"18912871-0f47-4cc1-87b1-5c68d39fa1f2","has_more":true,"dry_run":false}
batch=93 {"success":true,"platform":"tiktok","merchant_id":"ffe8519e-49a2-467b-a0ec-57d28ba8be49","shop_id":"7495127669839399750","processed":20,"updated":20,"errors":0,"api_error":null,"upsert_errors":[],"next_after_id":"18b4db8e-078a-49c5-8ba7-f9576a78dbaa","has_more":true,"dry_run":false}
batch=94 {"success":true,"platform":"tiktok","merchant_id":"ffe8519e-49a2-467b-a0ec-57d28ba8be49","shop_id":"7495127669839399750","processed":20,"updated":20,"errors":0,"api_error":null,"upsert_errors":[],"next_after_id":"18e28f3e-2224-4e41-a714-c225af2e43d9","has_more":true,"dry_run":false}
batch=95 {"success":true,"platform":"tiktok","merchant_id":"ffe8519e-49a2-467b-a0ec-57d28ba8be49","shop_id":"7495127669839399750","processed":20,"updated":20,"errors":0,"api_error":null,"upsert_errors":[],"next_after_id":"190f5550-db06-4fd1-a690-d61bf2ef709f","has_more":true,"dry_run":false}
batch=96 {"success":true,"platform":"tiktok","merchant_id":"ffe8519e-49a2-467b-a0ec-57d28ba8be49","shop_id":"7495127669839399750","processed":20,"updated":20,"errors":0,"api_error":null,"upsert_errors":[],"next_after_id":"1949f7d7-1b73-4774-a62c-6dea7b2db63d","has_more":true,"dry_run":false}
batch=97 {"success":true,"platform":"tiktok","merchant_id":"ffe8519e-49a2-467b-a0ec-57d28ba8be49","shop_id":"7495127669839399750","processed":20,"updated":20,"errors":0,"api_error":null,"upsert_errors":[],"next_after_id":"197173e4-f9f1-48bd-8e6f-b6fa605c47d5","has_more":true,"dry_run":false}
batch=98 {"success":true,"platform":"tiktok","merchant_id":"ffe8519e-49a2-467b-a0ec-57d28ba8be49","shop_id":"7495127669839399750","processed":20,"updated":20,"errors":0,"api_error":null,"upsert_errors":[],"next_after_id":"199a6abf-41ec-4db2-b9a0-95de9d13c4c5","has_more":true,"dry_run":false}
batch=99 {"success":true,"platform":"tiktok","merchant_id":"ffe8519e-49a2-467b-a0ec-57d28ba8be49","shop_id":"7495127669839399750","processed":20,"updated":20,"errors":0,"api_error":null,"upsert_errors":[],"next_after_id":"19d14762-f8e8-4d51-89fc-f551ebda0638","has_more":true,"dry_run":false}
batch=100 {"success":true,"platform":"tiktok","merchant_id":"ffe8519e-49a2-467b-a0ec-57d28ba8be49","shop_id":"7495127669839399750","processed":20,"updated":20,"errors":0,"api_error":null,"upsert_errors":[],"next_after_id":"1a06b2c2-5e27-4f46-84e2-ef7157d7d96e","has_more":true,"dry_run":false}
batch=101 {"success":true,"platform":"tiktok","merchant_id":"ffe8519e-49a2-467b-a0ec-57d28ba8be49","shop_id":"7495127669839399750","processed":20,"updated":20,"errors":0,"api_error":null,"upsert_errors":[],"next_after_id":"1a2b0919-9864-4c8b-abb5-3c7a022c66e3","has_more":true,"dry_run":false}
batch=102 {"success":true,"platform":"tiktok","merchant_id":"ffe8519e-49a2-467b-a0ec-57d28ba8be49","shop_id":"7495127669839399750","processed":20,"updated":20,"errors":0,"api_error":null,"upsert_errors":[],"next_after_id":"1a6547c9-0174-443f-91d0-bcfa1b988187","has_more":true,"dry_run":false}
batch=103 {"success":true,"platform":"tiktok","merchant_id":"ffe8519e-49a2-467b-a0ec-57d28ba8be49","shop_id":"7495127669839399750","processed":20,"updated":20,"errors":0,"api_error":null,"upsert_errors":[],"next_after_id":"1a976728-c04a-419e-98bd-f38600fc6aea","has_more":true,"dry_run":false}
batch=104 {"success":true,"platform":"tiktok","merchant_id":"ffe8519e-49a2-467b-a0ec-57d28ba8be49","shop_id":"7495127669839399750","processed":20,"updated":20,"errors":0,"api_error":null,"upsert_errors":[],"next_after_id":"1ab6ad83-e1d5-4433-a0a6-bdb501d4c4df","has_more":true,"dry_run":false}
batch=105 {"success":true,"platform":"tiktok","merchant_id":"ffe8519e-49a2-467b-a0ec-57d28ba8be49","shop_id":"7495127669839399750","processed":20,"updated":20,"errors":0,"api_error":null,"upsert_errors":[],"next_after_id":"1aeb8cff-df9d-465f-9452-461d7a0c9cc1","has_more":true,"dry_run":false}
batch=106 {"success":true,"platform":"tiktok","merchant_id":"ffe8519e-49a2-467b-a0ec-57d28ba8be49","shop_id":"7495127669839399750","processed":20,"updated":20,"errors":0,"api_error":null,"upsert_errors":[],"next_after_id":"1b163d8f-b303-4708-93bc-e53c79f51e2c","has_more":true,"dry_run":false}
batch=107 {"success":true,"platform":"tiktok","merchant_id":"ffe8519e-49a2-467b-a0ec-57d28ba8be49","shop_id":"7495127669839399750","processed":20,"updated":20,"errors":0,"api_error":null,"upsert_errors":[],"next_after_id":"1b49d437-a9be-42c4-84a1-920295c9450d","has_more":true,"dry_run":false}
batch=108 {"success":true,"platform":"tiktok","merchant_id":"ffe8519e-49a2-467b-a0ec-57d28ba8be49","shop_id":"7495127669839399750","processed":20,"updated":20,"errors":0,"api_error":null,"upsert_errors":[],"next_after_id":"1b865f3f-6f59-49f1-bda5-99953729557e","has_more":true,"dry_run":false}
batch=109 {"success":true,"platform":"tiktok","merchant_id":"ffe8519e-49a2-467b-a0ec-57d28ba8be49","shop_id":"7495127669839399750","processed":20,"updated":20,"errors":0,"api_error":null,"upsert_errors":[],"next_after_id":"1ba664b4-ec0c-4a66-bbe9-61dd49364fc3","has_more":true,"dry_run":false}
batch=110 {"success":true,"platform":"tiktok","merchant_id":"ffe8519e-49a2-467b-a0ec-57d28ba8be49","shop_id":"7495127669839399750","processed":20,"updated":20,"errors":0,"api_error":null,"upsert_errors":[],"next_after_id":"1bcf618f-6929-4f40-a7a6-daac3dd330cf","has_more":true,"dry_run":false}
batch=111 {"success":true,"platform":"tiktok","merchant_id":"ffe8519e-49a2-467b-a0ec-57d28ba8be49","shop_id":"7495127669839399750","processed":20,"updated":20,"errors":0,"api_error":null,"upsert_errors":[],"next_after_id":"1bf6dc43-6100-4ede-ac17-53e93eb61279","has_more":true,"dry_run":false}
batch=112 {"success":true,"platform":"tiktok","merchant_id":"ffe8519e-49a2-467b-a0ec-57d28ba8be49","shop_id":"7495127669839399750","processed":20,"updated":20,"errors":0,"api_error":null,"upsert_errors":[],"next_after_id":"1c1fcdd4-bce3-4da1-9bd6-0dfd106c3cdb","has_more":true,"dry_run":false}
batch=113 {"success":true,"platform":"tiktok","merchant_id":"ffe8519e-49a2-467b-a0ec-57d28ba8be49","shop_id":"7495127669839399750","processed":20,"updated":20,"errors":0,"api_error":null,"upsert_errors":[],"next_after_id":"1c559c32-078f-40dc-aa9f-d7e6eab59bfa","has_more":true,"dry_run":false}
batch=114 {"success":true,"platform":"tiktok","merchant_id":"ffe8519e-49a2-467b-a0ec-57d28ba8be49","shop_id":"7495127669839399750","processed":20,"updated":20,"errors":0,"api_error":null,"upsert_errors":[],"next_after_id":"1c6e1a89-440e-4f74-a313-b73fc2c295d5","has_more":true,"dry_run":false}
batch=115 {"success":true,"platform":"tiktok","merchant_id":"ffe8519e-49a2-467b-a0ec-57d28ba8be49","shop_id":"7495127669839399750","processed":20,"updated":20,"errors":0,"api_error":null,"upsert_errors":[],"next_after_id":"1c9589e3-ea53-4c40-bad6-7074ed775cea","has_more":true,"dry_run":false}
batch=116 {"success":true,"platform":"tiktok","merchant_id":"ffe8519e-49a2-467b-a0ec-57d28ba8be49","shop_id":"7495127669839399750","processed":20,"updated":20,"errors":0,"api_error":null,"upsert_errors":[],"next_after_id":"1cb29b6c-e040-4855-ad27-2adea487a814","has_more":true,"dry_run":false}
batch=117 {"success":true,"platform":"tiktok","merchant_id":"ffe8519e-49a2-467b-a0ec-57d28ba8be49","shop_id":"7495127669839399750","processed":20,"updated":20,"errors":0,"api_error":null,"upsert_errors":[],"next_after_id":"1cd0cbcc-2727-46b6-acb0-2ae917955f01","has_more":true,"dry_run":false}
batch=118 {"success":true,"platform":"tiktok","merchant_id":"ffe8519e-49a2-467b-a0ec-57d28ba8be49","shop_id":"7495127669839399750","processed":20,"updated":20,"errors":0,"api_error":null,"upsert_errors":[],"next_after_id":"1d0d3af8-d680-4357-8baf-400c80dc8624","has_more":true,"dry_run":false}
batch=119 {"success":true,"platform":"tiktok","merchant_id":"ffe8519e-49a2-467b-a0ec-57d28ba8be49","shop_id":"7495127669839399750","processed":20,"updated":20,"errors":0,"api_error":null,"upsert_errors":[],"next_after_id":"1d370dc1-ec62-4a16-9cde-990b24254ba7","has_more":true,"dry_run":false}
batch=120 {"success":true,"platform":"tiktok","merchant_id":"ffe8519e-49a2-467b-a0ec-57d28ba8be49","shop_id":"7495127669839399750","processed":20,"updated":20,"errors":0,"api_error":null,"upsert_errors":[],"next_after_id":"1d5af412-fae6-443b-ad17-49b9b8073f9b","has_more":true,"dry_run":false}
batch=121 {"success":true,"platform":"tiktok","merchant_id":"ffe8519e-49a2-467b-a0ec-57d28ba8be49","shop_id":"7495127669839399750","processed":20,"updated":20,"errors":0,"api_error":null,"upsert_errors":[],"next_after_id":"1d8c0d41-f0bf-4466-8de6-61c2272ebfb2","has_more":true,"dry_run":false}
batch=122 {"success":true,"platform":"tiktok","merchant_id":"ffe8519e-49a2-467b-a0ec-57d28ba8be49","shop_id":"7495127669839399750","processed":20,"updated":20,"errors":0,"api_error":null,"upsert_errors":[],"next_after_id":"1db6dcfd-4873-4656-993c-9943b07df8f4","has_more":true,"dry_run":false}
batch=123 {"success":true,"platform":"tiktok","merchant_id":"ffe8519e-49a2-467b-a0ec-57d28ba8be49","shop_id":"7495127669839399750","processed":20,"updated":20,"errors":0,"api_error":null,"upsert_errors":[],"next_after_id":"1de838f7-79e1-4787-80ec-5e6feadf3c4d","has_more":true,"dry_run":false}
batch=124 {"success":true,"platform":"tiktok","merchant_id":"ffe8519e-49a2-467b-a0ec-57d28ba8be49","shop_id":"7495127669839399750","processed":20,"updated":20,"errors":0,"api_error":null,"upsert_errors":[],"next_after_id":"1e0e7e67-c1f1-4999-9ae7-54c2e6b87415","has_more":true,"dry_run":false}
batch=125 {"success":true,"platform":"tiktok","merchant_id":"ffe8519e-49a2-467b-a0ec-57d28ba8be49","shop_id":"7495127669839399750","processed":20,"updated":20,"errors":0,"api_error":null,"upsert_errors":[],"next_after_id":"1e4428d1-c2f0-4c08-914c-e3e8fdb107c5","has_more":true,"dry_run":false}
batch=126 {"success":true,"platform":"tiktok","merchant_id":"ffe8519e-49a2-467b-a0ec-57d28ba8be49","shop_id":"7495127669839399750","processed":20,"updated":20,"errors":0,"api_error":null,"upsert_errors":[],"next_after_id":"1e649d38-fae3-4bfb-8c4a-c80d75d971b9","has_more":true,"dry_run":false}
batch=127 {"success":true,"platform":"tiktok","merchant_id":"ffe8519e-49a2-467b-a0ec-57d28ba8be49","shop_id":"7495127669839399750","processed":20,"updated":20,"errors":0,"api_error":null,"upsert_errors":[],"next_after_id":"1e8533e8-581d-4601-b5ec-c24acf22d7c1","has_more":true,"dry_run":false}
batch=128 {"success":true,"platform":"tiktok","merchant_id":"ffe8519e-49a2-467b-a0ec-57d28ba8be49","shop_id":"7495127669839399750","processed":20,"updated":20,"errors":0,"api_error":null,"upsert_errors":[],"next_after_id":"1ebe0589-a3d9-454d-b4a7-6d442755bcaf","has_more":true,"dry_run":false}
batch=129 {"success":true,"platform":"tiktok","merchant_id":"ffe8519e-49a2-467b-a0ec-57d28ba8be49","shop_id":"7495127669839399750","processed":20,"updated":20,"errors":0,"api_error":null,"upsert_errors":[],"next_after_id":"1ee2fc65-4317-4cfa-9142-859718c2d7ef","has_more":true,"dry_run":false}
batch=130 {"success":true,"platform":"tiktok","merchant_id":"ffe8519e-49a2-467b-a0ec-57d28ba8be49","shop_id":"7495127669839399750","processed":20,"updated":20,"errors":0,"api_error":null,"upsert_errors":[],"next_after_id":"1f315047-020e-4d52-a870-a174a001064f","has_more":true,"dry_run":false}
batch=131 {"success":true,"platform":"tiktok","merchant_id":"ffe8519e-49a2-467b-a0ec-57d28ba8be49","shop_id":"7495127669839399750","processed":20,"updated":20,"errors":0,"api_error":null,"upsert_errors":[],"next_after_id":"1f5d283d-7e58-4009-85aa-4bd88ceff852","has_more":true,"dry_run":false}
batch=132 {"success":true,"platform":"tiktok","merchant_id":"ffe8519e-49a2-467b-a0ec-57d28ba8be49","shop_id":"7495127669839399750","processed":20,"updated":20,"errors":0,"api_error":null,"upsert_errors":[],"next_after_id":"1f8f8f79-0f7e-4274-a61f-5b6403efa7c6","has_more":true,"dry_run":false}
batch=133 {"success":true,"platform":"tiktok","merchant_id":"ffe8519e-49a2-467b-a0ec-57d28ba8be49","shop_id":"7495127669839399750","processed":20,"updated":20,"errors":0,"api_error":null,"upsert_errors":[],"next_after_id":"1fbc9b7f-55d1-4b1d-9efc-e8482146e99a","has_more":true,"dry_run":false}
batch=134 {"success":true,"platform":"tiktok","merchant_id":"ffe8519e-49a2-467b-a0ec-57d28ba8be49","shop_id":"7495127669839399750","processed":20,"updated":20,"errors":0,"api_error":null,"upsert_errors":[],"next_after_id":"1fe26bdc-c26a-4fe0-b613-e15754f052a4","has_more":true,"dry_run":false}
batch=135 {"success":true,"platform":"tiktok","merchant_id":"ffe8519e-49a2-467b-a0ec-57d28ba8be49","shop_id":"7495127669839399750","processed":20,"updated":20,"errors":0,"api_error":null,"upsert_errors":[],"next_after_id":"200c32d6-c151-4549-841c-287ac6b952bf","has_more":true,"dry_run":false}
batch=136 {"success":true,"platform":"tiktok","merchant_id":"ffe8519e-49a2-467b-a0ec-57d28ba8be49","shop_id":"7495127669839399750","processed":20,"updated":20,"errors":0,"api_error":null,"upsert_errors":[],"next_after_id":"202ea403-05eb-461a-84c0-7956b4aaed8c","has_more":true,"dry_run":false}
batch=137 {"success":true,"platform":"tiktok","merchant_id":"ffe8519e-49a2-467b-a0ec-57d28ba8be49","shop_id":"7495127669839399750","processed":20,"updated":20,"errors":0,"api_error":null,"upsert_errors":[],"next_after_id":"20602195-b6c0-41fe-9eec-c1eafbccc111","has_more":true,"dry_run":false}
batch=138 {"success":true,"platform":"tiktok","merchant_id":"ffe8519e-49a2-467b-a0ec-57d28ba8be49","shop_id":"7495127669839399750","processed":20,"updated":20,"errors":0,"api_error":null,"upsert_errors":[],"next_after_id":"207eef05-4c77-4d62-9124-069499d784c4","has_more":true,"dry_run":false}
batch=139 {"success":true,"platform":"tiktok","merchant_id":"ffe8519e-49a2-467b-a0ec-57d28ba8be49","shop_id":"7495127669839399750","processed":20,"updated":20,"errors":0,"api_error":null,"upsert_errors":[],"next_after_id":"20a34352-5fb3-4182-a287-573ed57b39c1","has_more":true,"dry_run":false}
batch=140 {"success":true,"platform":"tiktok","merchant_id":"ffe8519e-49a2-467b-a0ec-57d28ba8be49","shop_id":"7495127669839399750","processed":20,"updated":20,"errors":0,"api_error":null,"upsert_errors":[],"next_after_id":"20cd74cd-50da-4896-9a6c-a9e6cc7ecac4","has_more":true,"dry_run":false}
batch=141 {"success":true,"platform":"tiktok","merchant_id":"ffe8519e-49a2-467b-a0ec-57d28ba8be49","shop_id":"7495127669839399750","processed":20,"updated":20,"errors":0,"api_error":null,"upsert_errors":[],"next_after_id":"20f696bf-a262-4bf5-ba91-0ea44170855e","has_more":true,"dry_run":false}
batch=142 {"success":true,"platform":"tiktok","merchant_id":"ffe8519e-49a2-467b-a0ec-57d28ba8be49","shop_id":"7495127669839399750","processed":20,"updated":20,"errors":0,"api_error":null,"upsert_errors":[],"next_after_id":"21170359-0425-4cf6-a01b-19b3839b5371","has_more":true,"dry_run":false}
batch=143 {"success":true,"platform":"tiktok","merchant_id":"ffe8519e-49a2-467b-a0ec-57d28ba8be49","shop_id":"7495127669839399750","processed":20,"updated":20,"errors":0,"api_error":null,"upsert_errors":[],"next_after_id":"21433801-4992-4ebb-ac13-11a9f26c809b","has_more":true,"dry_run":false}
batch=144 {"success":true,"platform":"tiktok","merchant_id":"ffe8519e-49a2-467b-a0ec-57d28ba8be49","shop_id":"7495127669839399750","processed":20,"updated":20,"errors":0,"api_error":null,"upsert_errors":[],"next_after_id":"2162fc98-bc3c-4957-85df-b45b2fae981f","has_more":true,"dry_run":false}
batch=145 {"success":true,"platform":"tiktok","merchant_id":"ffe8519e-49a2-467b-a0ec-57d28ba8be49","shop_id":"7495127669839399750","processed":20,"updated":20,"errors":0,"api_error":null,"upsert_errors":[],"next_after_id":"2190c295-b042-4749-b219-20a5d2fa2d7c","has_more":true,"dry_run":false}
batch=146 {"success":true,"platform":"tiktok","merchant_id":"ffe8519e-49a2-467b-a0ec-57d28ba8be49","shop_id":"7495127669839399750","processed":20,"updated":20,"errors":0,"api_error":null,"upsert_errors":[],"next_after_id":"21bf0fed-3160-4aab-a8d2-c1af3a17cf1f","has_more":true,"dry_run":false}
batch=147 {"success":true,"platform":"tiktok","merchant_id":"ffe8519e-49a2-467b-a0ec-57d28ba8be49","shop_id":"7495127669839399750","processed":20,"updated":20,"errors":0,"api_error":null,"upsert_errors":[],"next_after_id":"21f6a7bf-67e3-4aac-bff6-3b7fcafbaa48","has_more":true,"dry_run":false}
batch=148 {"success":true,"platform":"tiktok","merchant_id":"ffe8519e-49a2-467b-a0ec-57d28ba8be49","shop_id":"7495127669839399750","processed":20,"updated":20,"errors":0,"api_error":null,"upsert_errors":[],"next_after_id":"22238538-5185-4a06-b27a-8bfd254e89f9","has_more":true,"dry_run":false}
batch=149 {"success":true,"platform":"tiktok","merchant_id":"ffe8519e-49a2-467b-a0ec-57d28ba8be49","shop_id":"7495127669839399750","processed":20,"updated":20,"errors":0,"api_error":null,"upsert_errors":[],"next_after_id":"224ffb58-1d8b-4130-84bc-adc5b6794eba","has_more":true,"dry_run":false}
batch=150 {"success":true,"platform":"tiktok","merchant_id":"ffe8519e-49a2-467b-a0ec-57d28ba8be49","shop_id":"7495127669839399750","processed":20,"updated":20,"errors":0,"api_error":null,"upsert_errors":[],"next_after_id":"22728f78-ac63-450c-b4a1-d1773c2d311e","has_more":true,"dry_run":false}
batch=151 {"success":true,"platform":"tiktok","merchant_id":"ffe8519e-49a2-467b-a0ec-57d28ba8be49","shop_id":"7495127669839399750","processed":20,"updated":20,"errors":0,"api_error":null,"upsert_errors":[],"next_after_id":"229812f8-e1cd-4319-aaa7-78702dbe9ec4","has_more":true,"dry_run":false}
batch=152 {"success":true,"platform":"tiktok","merchant_id":"ffe8519e-49a2-467b-a0ec-57d28ba8be49","shop_id":"7495127669839399750","processed":20,"updated":20,"errors":0,"api_error":null,"upsert_errors":[],"next_after_id":"22c633f3-c276-4312-9224-43a68c9ecedf","has_more":true,"dry_run":false}
batch=153 {"success":true,"platform":"tiktok","merchant_id":"ffe8519e-49a2-467b-a0ec-57d28ba8be49","shop_id":"7495127669839399750","processed":20,"updated":20,"errors":0,"api_error":null,"upsert_errors":[],"next_after_id":"230c2f56-9836-492a-b874-09eb07d1e522","has_more":true,"dry_run":false}
batch=154 {"success":true,"platform":"tiktok","merchant_id":"ffe8519e-49a2-467b-a0ec-57d28ba8be49","shop_id":"7495127669839399750","processed":20,"updated":20,"errors":0,"api_error":null,"upsert_errors":[],"next_after_id":"233db1da-27de-4b89-aa28-261284547c1a","has_more":true,"dry_run":false}
batch=155 {"success":true,"platform":"tiktok","merchant_id":"ffe8519e-49a2-467b-a0ec-57d28ba8be49","shop_id":"7495127669839399750","processed":20,"updated":20,"errors":0,"api_error":null,"upsert_errors":[],"next_after_id":"237314af-1219-4df9-bbdb-da66f6c63a95","has_more":true,"dry_run":false}
batch=156 {"success":true,"platform":"tiktok","merchant_id":"ffe8519e-49a2-467b-a0ec-57d28ba8be49","shop_id":"7495127669839399750","processed":20,"updated":20,"errors":0,"api_error":null,"upsert_errors":[],"next_after_id":"239c85bc-24f5-4e10-8697-ddb43112839d","has_more":true,"dry_run":false}
batch=157 {"success":true,"platform":"tiktok","merchant_id":"ffe8519e-49a2-467b-a0ec-57d28ba8be49","shop_id":"7495127669839399750","processed":20,"updated":20,"errors":0,"api_error":null,"upsert_errors":[],"next_after_id":"23cb107e-9ec1-4cea-baa3-b9eeb0ce173e","has_more":true,"dry_run":false}
batch=158 {"success":true,"platform":"tiktok","merchant_id":"ffe8519e-49a2-467b-a0ec-57d28ba8be49","shop_id":"7495127669839399750","processed":20,"updated":20,"errors":0,"api_error":null,"upsert_errors":[],"next_after_id":"23ea18f3-3839-414b-a148-34b0a72c7413","has_more":true,"dry_run":false}
batch=159 {"success":true,"platform":"tiktok","merchant_id":"ffe8519e-49a2-467b-a0ec-57d28ba8be49","shop_id":"7495127669839399750","processed":20,"updated":20,"errors":0,"api_error":null,"upsert_errors":[],"next_after_id":"2414534a-216a-49b8-8d3f-deee48c63111","has_more":true,"dry_run":false}
batch=160 {"success":true,"platform":"tiktok","merchant_id":"ffe8519e-49a2-467b-a0ec-57d28ba8be49","shop_id":"7495127669839399750","processed":20,"updated":20,"errors":0,"api_error":null,"upsert_errors":[],"next_after_id":"243e9f86-230e-4c5b-ab53-d254b51edc73","has_more":true,"dry_run":false}
batch=161 {"success":true,"platform":"tiktok","merchant_id":"ffe8519e-49a2-467b-a0ec-57d28ba8be49","shop_id":"7495127669839399750","processed":20,"updated":20,"errors":0,"api_error":null,"upsert_errors":[],"next_after_id":"245dadd9-4d55-4847-9c1d-147116088067","has_more":true,"dry_run":false}
batch=162 {"success":true,"platform":"tiktok","merchant_id":"ffe8519e-49a2-467b-a0ec-57d28ba8be49","shop_id":"7495127669839399750","processed":20,"updated":20,"errors":0,"api_error":null,"upsert_errors":[],"next_after_id":"248bf1f4-231f-4dee-999c-2edb93ea8945","has_more":true,"dry_run":false}
batch=163 {"success":true,"platform":"tiktok","merchant_id":"ffe8519e-49a2-467b-a0ec-57d28ba8be49","shop_id":"7495127669839399750","processed":20,"updated":20,"errors":0,"api_error":null,"upsert_errors":[],"next_after_id":"24a82dc2-3598-4384-b4ec-0ecd93352eb2","has_more":true,"dry_run":false}
batch=164 {"success":true,"platform":"tiktok","merchant_id":"ffe8519e-49a2-467b-a0ec-57d28ba8be49","shop_id":"7495127669839399750","processed":20,"updated":20,"errors":0,"api_error":null,"upsert_errors":[],"next_after_id":"24cce803-45e3-49a4-af96-60f3d8f21e06","has_more":true,"dry_run":false}
batch=165 {"success":true,"platform":"tiktok","merchant_id":"ffe8519e-49a2-467b-a0ec-57d28ba8be49","shop_id":"7495127669839399750","processed":20,"updated":20,"errors":0,"api_error":null,"upsert_errors":[],"next_after_id":"24fd5634-e357-4b3c-8bf3-c75bbb119ce5","has_more":true,"dry_run":false}
batch=166 {"success":true,"platform":"tiktok","merchant_id":"ffe8519e-49a2-467b-a0ec-57d28ba8be49","shop_id":"7495127669839399750","processed":20,"updated":20,"errors":0,"api_error":null,"upsert_errors":[],"next_after_id":"25132e29-5164-49a3-b733-81da496fc38b","has_more":true,"dry_run":false}
batch=167 {"success":true,"platform":"tiktok","merchant_id":"ffe8519e-49a2-467b-a0ec-57d28ba8be49","shop_id":"7495127669839399750","processed":20,"updated":20,"errors":0,"api_error":null,"upsert_errors":[],"next_after_id":"252f4d9d-7f8f-4ad7-b025-b92cf9a7e0ef","has_more":true,"dry_run":false}
batch=168 {"success":true,"platform":"tiktok","merchant_id":"ffe8519e-49a2-467b-a0ec-57d28ba8be49","shop_id":"7495127669839399750","processed":20,"updated":20,"errors":0,"api_error":null,"upsert_errors":[],"next_after_id":"255b9fdd-6707-4908-8772-d690f496ef6d","has_more":true,"dry_run":false}
batch=169 {"success":true,"platform":"tiktok","merchant_id":"ffe8519e-49a2-467b-a0ec-57d28ba8be49","shop_id":"7495127669839399750","processed":20,"updated":20,"errors":0,"api_error":null,"upsert_errors":[],"next_after_id":"2574882a-3298-4838-ac09-1fe4091d37c5","has_more":true,"dry_run":false}
batch=170 {"success":true,"platform":"tiktok","merchant_id":"ffe8519e-49a2-467b-a0ec-57d28ba8be49","shop_id":"7495127669839399750","processed":20,"updated":20,"errors":0,"api_error":null,"upsert_errors":[],"next_after_id":"2599147c-11da-47cd-a14e-22ddff0ac990","has_more":true,"dry_run":false}
batch=171 {"success":true,"platform":"tiktok","merchant_id":"ffe8519e-49a2-467b-a0ec-57d28ba8be49","shop_id":"7495127669839399750","processed":20,"updated":20,"errors":0,"api_error":null,"upsert_errors":[],"next_after_id":"25be5db8-f5aa-4506-92f5-352280270a03","has_more":true,"dry_run":false}
batch=172 {"success":true,"platform":"tiktok","merchant_id":"ffe8519e-49a2-467b-a0ec-57d28ba8be49","shop_id":"7495127669839399750","processed":20,"updated":20,"errors":0,"api_error":null,"upsert_errors":[],"next_after_id":"25f90f7c-fc8b-4de4-8013-71219a71ff07","has_more":true,"dry_run":false}
batch=173 {"success":true,"platform":"tiktok","merchant_id":"ffe8519e-49a2-467b-a0ec-57d28ba8be49","shop_id":"7495127669839399750","processed":20,"updated":20,"errors":0,"api_error":null,"upsert_errors":[],"next_after_id":"2611773b-cc41-49bf-a3a7-c1d7bf2643da","has_more":true,"dry_run":false}
batch=174 {"success":true,"platform":"tiktok","merchant_id":"ffe8519e-49a2-467b-a0ec-57d28ba8be49","shop_id":"7495127669839399750","processed":20,"updated":20,"errors":0,"api_error":null,"upsert_errors":[],"next_after_id":"26560013-4b1d-4433-b890-760a6dacb03f","has_more":true,"dry_run":false}
batch=175 {"success":true,"platform":"tiktok","merchant_id":"ffe8519e-49a2-467b-a0ec-57d28ba8be49","shop_id":"7495127669839399750","processed":20,"updated":20,"errors":0,"api_error":null,"upsert_errors":[],"next_after_id":"268327aa-b100-4be2-9738-cf20038bb5a8","has_more":true,"dry_run":false}
batch=176 {"success":true,"platform":"tiktok","merchant_id":"ffe8519e-49a2-467b-a0ec-57d28ba8be49","shop_id":"7495127669839399750","processed":20,"updated":20,"errors":0,"api_error":null,"upsert_errors":[],"next_after_id":"26b4c3b7-463a-40fc-9a0e-800990ebabd2","has_more":true,"dry_run":false}
batch=177 {"success":true,"platform":"tiktok","merchant_id":"ffe8519e-49a2-467b-a0ec-57d28ba8be49","shop_id":"7495127669839399750","processed":20,"updated":20,"errors":0,"api_error":null,"upsert_errors":[],"next_after_id":"26e56f33-998a-4502-a52e-3200e9a45a6e","has_more":true,"dry_run":false}
batch=178 {"success":true,"platform":"tiktok","merchant_id":"ffe8519e-49a2-467b-a0ec-57d28ba8be49","shop_id":"7495127669839399750","processed":20,"updated":20,"errors":0,"api_error":null,"upsert_errors":[],"next_after_id":"26fe6439-c2d9-462d-b008-aed49f5125be","has_more":true,"dry_run":false}
batch=179 {"success":true,"platform":"tiktok","merchant_id":"ffe8519e-49a2-467b-a0ec-57d28ba8be49","shop_id":"7495127669839399750","processed":20,"updated":20,"errors":0,"api_error":null,"upsert_errors":[],"next_after_id":"2734febb-0a7e-41d2-b319-990c7cf38818","has_more":true,"dry_run":false}
batch=180 {"success":true,"platform":"tiktok","merchant_id":"ffe8519e-49a2-467b-a0ec-57d28ba8be49","shop_id":"7495127669839399750","processed":20,"updated":20,"errors":0,"api_error":null,"upsert_errors":[],"next_after_id":"275eca62-9118-489a-b15a-dd53d199657f","has_more":true,"dry_run":false}
batch=181 {"success":true,"platform":"tiktok","merchant_id":"ffe8519e-49a2-467b-a0ec-57d28ba8be49","shop_id":"7495127669839399750","processed":20,"updated":20,"errors":0,"api_error":null,"upsert_errors":[],"next_after_id":"2780356f-2640-473d-9625-33d522ae0357","has_more":true,"dry_run":false}
batch=182 {"success":true,"platform":"tiktok","merchant_id":"ffe8519e-49a2-467b-a0ec-57d28ba8be49","shop_id":"7495127669839399750","processed":20,"updated":20,"errors":0,"api_error":null,"upsert_errors":[],"next_after_id":"279d8df3-c281-4b19-bc18-edfab3781d83","has_more":true,"dry_run":false}
batch=183 {"success":true,"platform":"tiktok","merchant_id":"ffe8519e-49a2-467b-a0ec-57d28ba8be49","shop_id":"7495127669839399750","processed":20,"updated":20,"errors":0,"api_error":null,"upsert_errors":[],"next_after_id":"27d2c994-35d0-4f36-9c28-37d819a5eab4","has_more":true,"dry_run":false}
batch=184 {"success":true,"platform":"tiktok","merchant_id":"ffe8519e-49a2-467b-a0ec-57d28ba8be49","shop_id":"7495127669839399750","processed":20,"updated":20,"errors":0,"api_error":null,"upsert_errors":[],"next_after_id":"27f94148-b3ea-45b3-b686-738cc3be9332","has_more":true,"dry_run":false}
batch=185 {"success":true,"platform":"tiktok","merchant_id":"ffe8519e-49a2-467b-a0ec-57d28ba8be49","shop_id":"7495127669839399750","processed":20,"updated":20,"errors":0,"api_error":null,"upsert_errors":[],"next_after_id":"281fed59-09a8-429f-b784-c8c9bdc99d81","has_more":true,"dry_run":false}
batch=186 {"success":true,"platform":"tiktok","merchant_id":"ffe8519e-49a2-467b-a0ec-57d28ba8be49","shop_id":"7495127669839399750","processed":20,"updated":20,"errors":0,"api_error":null,"upsert_errors":[],"next_after_id":"2847c275-d569-44d2-b763-750d038b2828","has_more":true,"dry_run":false}
batch=187 {"success":true,"platform":"tiktok","merchant_id":"ffe8519e-49a2-467b-a0ec-57d28ba8be49","shop_id":"7495127669839399750","processed":20,"updated":20,"errors":0,"api_error":null,"upsert_errors":[],"next_after_id":"287857e3-8820-4523-b8de-185b9d6ebc86","has_more":true,"dry_run":false}
batch=188 {"success":true,"platform":"tiktok","merchant_id":"ffe8519e-49a2-467b-a0ec-57d28ba8be49","shop_id":"7495127669839399750","processed":20,"updated":20,"errors":0,"api_error":null,"upsert_errors":[],"next_after_id":"289db6b4-2b0b-462a-9bb1-32cfaa6c2820","has_more":true,"dry_run":false}
batch=189 {"success":true,"platform":"tiktok","merchant_id":"ffe8519e-49a2-467b-a0ec-57d28ba8be49","shop_id":"7495127669839399750","processed":20,"updated":20,"errors":0,"api_error":null,"upsert_errors":[],"next_after_id":"28ccda33-39d3-4b64-9392-6ddd468db484","has_more":true,"dry_run":false}
batch=190 {"success":true,"platform":"tiktok","merchant_id":"ffe8519e-49a2-467b-a0ec-57d28ba8be49","shop_id":"7495127669839399750","processed":20,"updated":20,"errors":0,"api_error":null,"upsert_errors":[],"next_after_id":"28ead91b-4ebe-4954-a6bf-94b310e47254","has_more":true,"dry_run":false}
batch=191 {"success":true,"platform":"tiktok","merchant_id":"ffe8519e-49a2-467b-a0ec-57d28ba8be49","shop_id":"7495127669839399750","processed":20,"updated":20,"errors":0,"api_error":null,"upsert_errors":[],"next_after_id":"29092d5f-58a4-4b77-b246-a51dd773b629","has_more":true,"dry_run":false}
batch=192 {"success":true,"platform":"tiktok","merchant_id":"ffe8519e-49a2-467b-a0ec-57d28ba8be49","shop_id":"7495127669839399750","processed":20,"updated":20,"errors":0,"api_error":null,"upsert_errors":[],"next_after_id":"292fef74-b0ae-41c6-89cb-6898712d735e","has_more":true,"dry_run":false}
batch=193 {"success":true,"platform":"tiktok","merchant_id":"ffe8519e-49a2-467b-a0ec-57d28ba8be49","shop_id":"7495127669839399750","processed":20,"updated":20,"errors":0,"api_error":null,"upsert_errors":[],"next_after_id":"2950ffbf-9a1b-45a8-bafc-ef72e93668b6","has_more":true,"dry_run":false}
batch=194 {"success":true,"platform":"tiktok","merchant_id":"ffe8519e-49a2-467b-a0ec-57d28ba8be49","shop_id":"7495127669839399750","processed":20,"updated":20,"errors":0,"api_error":null,"upsert_errors":[],"next_after_id":"297f4378-bf00-483b-9663-d2a91d470de0","has_more":true,"dry_run":false}
batch=195 {"success":true,"platform":"tiktok","merchant_id":"ffe8519e-49a2-467b-a0ec-57d28ba8be49","shop_id":"7495127669839399750","processed":20,"updated":20,"errors":0,"api_error":null,"upsert_errors":[],"next_after_id":"29ab2539-98ac-44d5-b49f-4860208e98e1","has_more":true,"dry_run":false}
batch=196 {"success":true,"platform":"tiktok","merchant_id":"ffe8519e-49a2-467b-a0ec-57d28ba8be49","shop_id":"7495127669839399750","processed":20,"updated":20,"errors":0,"api_error":null,"upsert_errors":[],"next_after_id":"29d92d52-50b2-40e3-91c5-b23bdb4a5dac","has_more":true,"dry_run":false}
batch=197 {"success":true,"platform":"tiktok","merchant_id":"ffe8519e-49a2-467b-a0ec-57d28ba8be49","shop_id":"7495127669839399750","processed":20,"updated":20,"errors":0,"api_error":null,"upsert_errors":[],"next_after_id":"2a04917e-4fc3-461a-a579-f4adbd0aa0fb","has_more":true,"dry_run":false}
batch=198 {"success":true,"platform":"tiktok","merchant_id":"ffe8519e-49a2-467b-a0ec-57d28ba8be49","shop_id":"7495127669839399750","processed":20,"updated":20,"errors":0,"api_error":null,"upsert_errors":[],"next_after_id":"2a357f80-9c70-427c-8fd9-93ef250bab7a","has_more":true,"dry_run":false}
batch=199 {"success":true,"platform":"tiktok","merchant_id":"ffe8519e-49a2-467b-a0ec-57d28ba8be49","shop_id":"7495127669839399750","processed":20,"updated":20,"errors":0,"api_error":null,"upsert_errors":[],"next_after_id":"2a76ac25-a182-415e-99ab-dd4082e5e2ca","has_more":true,"dry_run":false}
batch=200 {"success":true,"platform":"tiktok","merchant_id":"ffe8519e-49a2-467b-a0ec-57d28ba8be49","shop_id":"7495127669839399750","processed":20,"updated":20,"errors":0,"api_error":null,"upsert_errors":[],"next_after_id":"2a9e095a-7bb6-4542-94f8-3807acc5a09a","has_more":true,"dry_run":false}
batch=201 {"success":true,"platform":"tiktok","merchant_id":"ffe8519e-49a2-467b-a0ec-57d28ba8be49","shop_id":"7495127669839399750","processed":20,"updated":20,"errors":0,"api_error":null,"upsert_errors":[],"next_after_id":"2ab76e2c-2a70-450a-8816-3039cfbc54e3","has_more":true,"dry_run":false}
batch=202 {"success":true,"platform":"tiktok","merchant_id":"ffe8519e-49a2-467b-a0ec-57d28ba8be49","shop_id":"7495127669839399750","processed":20,"updated":20,"errors":0,"api_error":null,"upsert_errors":[],"next_after_id":"2ad93b4b-f47c-4604-9742-d2ac4aa4e3d1","has_more":true,"dry_run":false}
batch=203 {"success":true,"platform":"tiktok","merchant_id":"ffe8519e-49a2-467b-a0ec-57d28ba8be49","shop_id":"7495127669839399750","processed":20,"updated":20,"errors":0,"api_error":null,"upsert_errors":[],"next_after_id":"2b0287be-d1bd-4268-b7c5-5427c8877faf","has_more":true,"dry_run":false}
batch=204 {"success":true,"platform":"tiktok","merchant_id":"ffe8519e-49a2-467b-a0ec-57d28ba8be49","shop_id":"7495127669839399750","processed":20,"updated":20,"errors":0,"api_error":null,"upsert_errors":[],"next_after_id":"2b32028b-b90d-4f5c-9837-045111e97b4a","has_more":true,"dry_run":false}
batch=205 {"success":true,"platform":"tiktok","merchant_id":"ffe8519e-49a2-467b-a0ec-57d28ba8be49","shop_id":"7495127669839399750","processed":20,"updated":20,"errors":0,"api_error":null,"upsert_errors":[],"next_after_id":"2b4edd62-e8f2-48f7-818e-d287be6f4980","has_more":true,"dry_run":false}
batch=206 {"success":true,"platform":"tiktok","merchant_id":"ffe8519e-49a2-467b-a0ec-57d28ba8be49","shop_id":"7495127669839399750","processed":20,"updated":20,"errors":0,"api_error":null,"upsert_errors":[],"next_after_id":"2b7b6480-8055-4a5c-84b7-1002a2fd9b12","has_more":true,"dry_run":false}
batch=207 {"success":true,"platform":"tiktok","merchant_id":"ffe8519e-49a2-467b-a0ec-57d28ba8be49","shop_id":"7495127669839399750","processed":20,"updated":20,"errors":0,"api_error":null,"upsert_errors":[],"next_after_id":"2ba2efda-e3ce-4958-a18f-87c52c7a056e","has_more":true,"dry_run":false}
batch=208 {"success":true,"platform":"tiktok","merchant_id":"ffe8519e-49a2-467b-a0ec-57d28ba8be49","shop_id":"7495127669839399750","processed":20,"updated":20,"errors":0,"api_error":null,"upsert_errors":[],"next_after_id":"2bbec1b6-48e9-48bb-8c11-b03beb033b26","has_more":true,"dry_run":false}
batch=209 {"success":true,"platform":"tiktok","merchant_id":"ffe8519e-49a2-467b-a0ec-57d28ba8be49","shop_id":"7495127669839399750","processed":20,"updated":20,"errors":0,"api_error":null,"upsert_errors":[],"next_after_id":"2bf20c66-cd5a-4aef-922e-e00bfc482be5","has_more":true,"dry_run":false}
batch=210 {"success":true,"platform":"tiktok","merchant_id":"ffe8519e-49a2-467b-a0ec-57d28ba8be49","shop_id":"7495127669839399750","processed":20,"updated":20,"errors":0,"api_error":null,"upsert_errors":[],"next_after_id":"2c0a1653-55d3-496a-b12a-554e0aab7acb","has_more":true,"dry_run":false}
batch=211 {"success":true,"platform":"tiktok","merchant_id":"ffe8519e-49a2-467b-a0ec-57d28ba8be49","shop_id":"7495127669839399750","processed":20,"updated":20,"errors":0,"api_error":null,"upsert_errors":[],"next_after_id":"2c2c56b7-8a1b-40f4-b897-aed56e0bb466","has_more":true,"dry_run":false}
batch=212 {"success":true,"platform":"tiktok","merchant_id":"ffe8519e-49a2-467b-a0ec-57d28ba8be49","shop_id":"7495127669839399750","processed":20,"updated":20,"errors":0,"api_error":null,"upsert_errors":[],"next_after_id":"2c435d10-dbaf-4791-9fd3-a512ed5051fc","has_more":true,"dry_run":false}
batch=213 {"success":true,"platform":"tiktok","merchant_id":"ffe8519e-49a2-467b-a0ec-57d28ba8be49","shop_id":"7495127669839399750","processed":20,"updated":20,"errors":0,"api_error":null,"upsert_errors":[],"next_after_id":"2c6e1fd0-ae68-4b57-9023-a8954014b183","has_more":true,"dry_run":false}
batch=214 {"success":true,"platform":"tiktok","merchant_id":"ffe8519e-49a2-467b-a0ec-57d28ba8be49","shop_id":"7495127669839399750","processed":20,"updated":20,"errors":0,"api_error":null,"upsert_errors":[],"next_after_id":"2c950b42-63f9-46ed-b686-8fd95a534ac0","has_more":true,"dry_run":false}
batch=215 {"success":true,"platform":"tiktok","merchant_id":"ffe8519e-49a2-467b-a0ec-57d28ba8be49","shop_id":"7495127669839399750","processed":20,"updated":20,"errors":0,"api_error":null,"upsert_errors":[],"next_after_id":"2cc7207b-beee-4957-ab91-3bc79fd338fe","has_more":true,"dry_run":false}
batch=216 {"success":true,"platform":"tiktok","merchant_id":"ffe8519e-49a2-467b-a0ec-57d28ba8be49","shop_id":"7495127669839399750","processed":20,"updated":20,"errors":0,"api_error":null,"upsert_errors":[],"next_after_id":"2cfd85c5-44cb-4c52-b257-3a46c9ebf2f7","has_more":true,"dry_run":false}
batch=217 {"success":true,"platform":"tiktok","merchant_id":"ffe8519e-49a2-467b-a0ec-57d28ba8be49","shop_id":"7495127669839399750","processed":20,"updated":20,"errors":0,"api_error":null,"upsert_errors":[],"next_after_id":"2d2b3524-a8f9-46dd-a46c-f65e7df0e19b","has_more":true,"dry_run":false}
batch=218 {"success":true,"platform":"tiktok","merchant_id":"ffe8519e-49a2-467b-a0ec-57d28ba8be49","shop_id":"7495127669839399750","processed":20,"updated":20,"errors":0,"api_error":null,"upsert_errors":[],"next_after_id":"2d561676-598f-4d5f-af54-94103d612d60","has_more":true,"dry_run":false}
batch=219 {"success":true,"platform":"tiktok","merchant_id":"ffe8519e-49a2-467b-a0ec-57d28ba8be49","shop_id":"7495127669839399750","processed":20,"updated":20,"errors":0,"api_error":null,"upsert_errors":[],"next_after_id":"2d811249-c5a4-4c55-9580-417099bf7a3d","has_more":true,"dry_run":false}
batch=220 {"success":true,"platform":"tiktok","merchant_id":"ffe8519e-49a2-467b-a0ec-57d28ba8be49","shop_id":"7495127669839399750","processed":20,"updated":20,"errors":0,"api_error":null,"upsert_errors":[],"next_after_id":"2da1afeb-fa00-40f0-8238-ce55d65ad046","has_more":true,"dry_run":false}
batch=221 {"success":true,"platform":"tiktok","merchant_id":"ffe8519e-49a2-467b-a0ec-57d28ba8be49","shop_id":"7495127669839399750","processed":20,"updated":20,"errors":0,"api_error":null,"upsert_errors":[],"next_after_id":"2db8f555-246f-4b38-99a0-57437241f412","has_more":true,"dry_run":false}
batch=222 {"success":true,"platform":"tiktok","merchant_id":"ffe8519e-49a2-467b-a0ec-57d28ba8be49","shop_id":"7495127669839399750","processed":20,"updated":20,"errors":0,"api_error":null,"upsert_errors":[],"next_after_id":"2de4c70e-1823-44cf-b4aa-aae5513cb8a9","has_more":true,"dry_run":false}
batch=223 {"success":true,"platform":"tiktok","merchant_id":"ffe8519e-49a2-467b-a0ec-57d28ba8be49","shop_id":"7495127669839399750","processed":20,"updated":20,"errors":0,"api_error":null,"upsert_errors":[],"next_after_id":"2e0b6b75-f2a9-4523-a996-b674c51785d4","has_more":true,"dry_run":false}
batch=224 {"success":true,"platform":"tiktok","merchant_id":"ffe8519e-49a2-467b-a0ec-57d28ba8be49","shop_id":"7495127669839399750","processed":20,"updated":20,"errors":0,"api_error":null,"upsert_errors":[],"next_after_id":"2e4327e5-e895-47c3-8991-7833d9b205a2","has_more":true,"dry_run":false}
batch=225 {"success":true,"platform":"tiktok","merchant_id":"ffe8519e-49a2-467b-a0ec-57d28ba8be49","shop_id":"7495127669839399750","processed":20,"updated":20,"errors":0,"api_error":null,"upsert_errors":[],"next_after_id":"2e6cf560-b13b-48c8-96ca-cc01e867233b","has_more":true,"dry_run":false}
batch=226 {"success":true,"platform":"tiktok","merchant_id":"ffe8519e-49a2-467b-a0ec-57d28ba8be49","shop_id":"7495127669839399750","processed":20,"updated":20,"errors":0,"api_error":null,"upsert_errors":[],"next_after_id":"2e918300-882a-4280-a094-654450ecca32","has_more":true,"dry_run":false}
batch=227 {"success":true,"platform":"tiktok","merchant_id":"ffe8519e-49a2-467b-a0ec-57d28ba8be49","shop_id":"7495127669839399750","processed":20,"updated":20,"errors":0,"api_error":null,"upsert_errors":[],"next_after_id":"2eba8452-e520-4520-a8fa-5064dba1783b","has_more":true,"dry_run":false}
batch=228 {"success":true,"platform":"tiktok","merchant_id":"ffe8519e-49a2-467b-a0ec-57d28ba8be49","shop_id":"7495127669839399750","processed":20,"updated":20,"errors":0,"api_error":null,"upsert_errors":[],"next_after_id":"2ee5aa28-e840-4b12-bf91-9c89c11c68a9","has_more":true,"dry_run":false}
batch=229 {"success":true,"platform":"tiktok","merchant_id":"ffe8519e-49a2-467b-a0ec-57d28ba8be49","shop_id":"7495127669839399750","processed":20,"updated":20,"errors":0,"api_error":null,"upsert_errors":[],"next_after_id":"2f15168a-47a8-4d9c-966b-dcb3a2c9335a","has_more":true,"dry_run":false}
batch=230 {"success":true,"platform":"tiktok","merchant_id":"ffe8519e-49a2-467b-a0ec-57d28ba8be49","shop_id":"7495127669839399750","processed":20,"updated":20,"errors":0,"api_error":null,"upsert_errors":[],"next_after_id":"2f4dd9d4-a57d-474c-b25a-2c89ccaa8bf1","has_more":true,"dry_run":false}
batch=231 {"success":true,"platform":"tiktok","merchant_id":"ffe8519e-49a2-467b-a0ec-57d28ba8be49","shop_id":"7495127669839399750","processed":20,"updated":20,"errors":0,"api_error":null,"upsert_errors":[],"next_after_id":"2f7c39fe-494d-41ad-a3e5-231e412e76d7","has_more":true,"dry_run":false}
batch=232 {"success":true,"platform":"tiktok","merchant_id":"ffe8519e-49a2-467b-a0ec-57d28ba8be49","shop_id":"7495127669839399750","processed":20,"updated":20,"errors":0,"api_error":null,"upsert_errors":[],"next_after_id":"2fabccad-b9e6-45b4-ab5b-02654cff6968","has_more":true,"dry_run":false}
batch=233 {"success":true,"platform":"tiktok","merchant_id":"ffe8519e-49a2-467b-a0ec-57d28ba8be49","shop_id":"7495127669839399750","processed":20,"updated":20,"errors":0,"api_error":null,"upsert_errors":[],"next_after_id":"2fce4cfd-f2bd-466c-93ac-86f6397b462c","has_more":true,"dry_run":false}
batch=234 {"success":true,"platform":"tiktok","merchant_id":"ffe8519e-49a2-467b-a0ec-57d28ba8be49","shop_id":"7495127669839399750","processed":20,"updated":20,"errors":0,"api_error":null,"upsert_errors":[],"next_after_id":"2ffafe95-cf26-4f20-a163-6f0f41c5a6c4","has_more":true,"dry_run":false}
batch=235 {"success":true,"platform":"tiktok","merchant_id":"ffe8519e-49a2-467b-a0ec-57d28ba8be49","shop_id":"7495127669839399750","processed":20,"updated":20,"errors":0,"api_error":null,"upsert_errors":[],"next_after_id":"302bce86-1ee1-40e0-8ad1-b2afe8f39358","has_more":true,"dry_run":false}
batch=236 {"success":true,"platform":"tiktok","merchant_id":"ffe8519e-49a2-467b-a0ec-57d28ba8be49","shop_id":"7495127669839399750","processed":20,"updated":20,"errors":0,"api_error":null,"upsert_errors":[],"next_after_id":"3050fe3d-064f-46fa-b79d-986e6abb1f4a","has_more":true,"dry_run":false}
batch=237 {"success":true,"platform":"tiktok","merchant_id":"ffe8519e-49a2-467b-a0ec-57d28ba8be49","shop_id":"7495127669839399750","processed":20,"updated":20,"errors":0,"api_error":null,"upsert_errors":[],"next_after_id":"3070434c-443e-4f66-98e0-488a8058d4b6","has_more":true,"dry_run":false}
batch=238 {"success":true,"platform":"tiktok","merchant_id":"ffe8519e-49a2-467b-a0ec-57d28ba8be49","shop_id":"7495127669839399750","processed":20,"updated":20,"errors":0,"api_error":null,"upsert_errors":[],"next_after_id":"30b0ea3f-fa44-480b-9e59-efa82c8d0cb2","has_more":true,"dry_run":false}
batch=239 {"success":true,"platform":"tiktok","merchant_id":"ffe8519e-49a2-467b-a0ec-57d28ba8be49","shop_id":"7495127669839399750","processed":20,"updated":20,"errors":0,"api_error":null,"upsert_errors":[],"next_after_id":"30df3c1c-aacb-4843-805e-29c1c04697bd","has_more":true,"dry_run":false}
batch=240 {"success":true,"platform":"tiktok","merchant_id":"ffe8519e-49a2-467b-a0ec-57d28ba8be49","shop_id":"7495127669839399750","processed":20,"updated":20,"errors":0,"api_error":null,"upsert_errors":[],"next_after_id":"30f93250-7cb7-48b4-90e4-8d4f7f029d28","has_more":true,"dry_run":false}
batch=241 {"success":true,"platform":"tiktok","merchant_id":"ffe8519e-49a2-467b-a0ec-57d28ba8be49","shop_id":"7495127669839399750","processed":20,"updated":20,"errors":0,"api_error":null,"upsert_errors":[],"next_after_id":"31336515-c808-4f1b-849f-d8ff852464b1","has_more":true,"dry_run":false}
batch=242 {"success":true,"platform":"tiktok","merchant_id":"ffe8519e-49a2-467b-a0ec-57d28ba8be49","shop_id":"7495127669839399750","processed":20,"updated":20,"errors":0,"api_error":null,"upsert_errors":[],"next_after_id":"3162a552-2560-43df-a84a-05bd28e64048","has_more":true,"dry_run":false}
batch=243 {"success":true,"platform":"tiktok","merchant_id":"ffe8519e-49a2-467b-a0ec-57d28ba8be49","shop_id":"7495127669839399750","processed":20,"updated":20,"errors":0,"api_error":null,"upsert_errors":[],"next_after_id":"318343e7-bd31-4140-8b40-ce611ceeae7d","has_more":true,"dry_run":false}
batch=244 {"success":true,"platform":"tiktok","merchant_id":"ffe8519e-49a2-467b-a0ec-57d28ba8be49","shop_id":"7495127669839399750","processed":20,"updated":20,"errors":0,"api_error":null,"upsert_errors":[],"next_after_id":"31a5548f-400a-4226-a65e-7f44240ed503","has_more":true,"dry_run":false}
batch=245 {"success":true,"platform":"tiktok","merchant_id":"ffe8519e-49a2-467b-a0ec-57d28ba8be49","shop_id":"7495127669839399750","processed":20,"updated":20,"errors":0,"api_error":null,"upsert_errors":[],"next_after_id":"31d354ed-2e39-490c-a844-1395cdf698e5","has_more":true,"dry_run":false}
batch=246 {"success":true,"platform":"tiktok","merchant_id":"ffe8519e-49a2-467b-a0ec-57d28ba8be49","shop_id":"7495127669839399750","processed":20,"updated":20,"errors":0,"api_error":null,"upsert_errors":[],"next_after_id":"3204b548-eac3-46cd-a6f7-9c00762fe3a3","has_more":true,"dry_run":false}
batch=247 {"success":true,"platform":"tiktok","merchant_id":"ffe8519e-49a2-467b-a0ec-57d28ba8be49","shop_id":"7495127669839399750","processed":20,"updated":20,"errors":0,"api_error":null,"upsert_errors":[],"next_after_id":"32362809-10b8-4c05-b911-bdbb943d7a73","has_more":true,"dry_run":false}
batch=248 {"success":true,"platform":"tiktok","merchant_id":"ffe8519e-49a2-467b-a0ec-57d28ba8be49","shop_id":"7495127669839399750","processed":20,"updated":20,"errors":0,"api_error":null,"upsert_errors":[],"next_after_id":"32611630-5984-4e70-933d-59359ffaaa7d","has_more":true,"dry_run":false}
batch=249 {"success":true,"platform":"tiktok","merchant_id":"ffe8519e-49a2-467b-a0ec-57d28ba8be49","shop_id":"7495127669839399750","processed":20,"updated":20,"errors":0,"api_error":null,"upsert_errors":[],"next_after_id":"32936647-b7e7-4b60-b208-f8492328a8fd","has_more":true,"dry_run":false}
batch=250 {"success":true,"platform":"tiktok","merchant_id":"ffe8519e-49a2-467b-a0ec-57d28ba8be49","shop_id":"7495127669839399750","processed":20,"updated":20,"errors":0,"api_error":null,"upsert_errors":[],"next_after_id":"32b77756-8e33-48d9-838f-30e99f258cf6","has_more":true,"dry_run":false}
batch=251 {"success":true,"platform":"tiktok","merchant_id":"ffe8519e-49a2-467b-a0ec-57d28ba8be49","shop_id":"7495127669839399750","processed":20,"updated":20,"errors":0,"api_error":null,"upsert_errors":[],"next_after_id":"32e149c0-ccb4-41ff-9c4e-b4bbdd4cad30","has_more":true,"dry_run":false}
batch=252 {"success":true,"platform":"tiktok","merchant_id":"ffe8519e-49a2-467b-a0ec-57d28ba8be49","shop_id":"7495127669839399750","processed":20,"updated":20,"errors":0,"api_error":null,"upsert_errors":[],"next_after_id":"32fe27aa-00a0-4d32-84a7-5ceba50c6244","has_more":true,"dry_run":false}
batch=253 {"success":true,"platform":"tiktok","merchant_id":"ffe8519e-49a2-467b-a0ec-57d28ba8be49","shop_id":"7495127669839399750","processed":20,"updated":20,"errors":0,"api_error":null,"upsert_errors":[],"next_after_id":"331f3b83-69f7-40b1-b4d7-229ed571eb3e","has_more":true,"dry_run":false}
batch=254 {"success":true,"platform":"tiktok","merchant_id":"ffe8519e-49a2-467b-a0ec-57d28ba8be49","shop_id":"7495127669839399750","processed":20,"updated":20,"errors":0,"api_error":null,"upsert_errors":[],"next_after_id":"33383bc3-508f-49c0-b7b6-f2dfcbeeb8de","has_more":true,"dry_run":false}
batch=255 {"success":true,"platform":"tiktok","merchant_id":"ffe8519e-49a2-467b-a0ec-57d28ba8be49","shop_id":"7495127669839399750","processed":20,"updated":20,"errors":0,"api_error":null,"upsert_errors":[],"next_after_id":"3354c695-4e5f-4c81-8888-906315734103","has_more":true,"dry_run":false}
batch=256 {"success":true,"platform":"tiktok","merchant_id":"ffe8519e-49a2-467b-a0ec-57d28ba8be49","shop_id":"7495127669839399750","processed":20,"updated":20,"errors":0,"api_error":null,"upsert_errors":[],"next_after_id":"3386cad1-f204-46bd-98c5-fecb26a6b4bd","has_more":true,"dry_run":false}
batch=257 {"success":true,"platform":"tiktok","merchant_id":"ffe8519e-49a2-467b-a0ec-57d28ba8be49","shop_id":"7495127669839399750","processed":20,"updated":20,"errors":0,"api_error":null,"upsert_errors":[],"next_after_id":"33c8a502-f332-42c7-8d9a-21d3241048fe","has_more":true,"dry_run":false}
batch=258 {"success":true,"platform":"tiktok","merchant_id":"ffe8519e-49a2-467b-a0ec-57d28ba8be49","shop_id":"7495127669839399750","processed":20,"updated":20,"errors":0,"api_error":null,"upsert_errors":[],"next_after_id":"33f0fc93-71c8-454e-8742-ea2a18121d30","has_more":true,"dry_run":false}
batch=259 {"success":true,"platform":"tiktok","merchant_id":"ffe8519e-49a2-467b-a0ec-57d28ba8be49","shop_id":"7495127669839399750","processed":20,"updated":20,"errors":0,"api_error":null,"upsert_errors":[],"next_after_id":"340dba01-26d9-4575-8f02-7c2276cb0719","has_more":true,"dry_run":false}
batch=260 {"success":true,"platform":"tiktok","merchant_id":"ffe8519e-49a2-467b-a0ec-57d28ba8be49","shop_id":"7495127669839399750","processed":20,"updated":20,"errors":0,"api_error":null,"upsert_errors":[],"next_after_id":"34320317-6ee3-41a6-918b-84b8d68bf174","has_more":true,"dry_run":false}
batch=261 {"success":true,"platform":"tiktok","merchant_id":"ffe8519e-49a2-467b-a0ec-57d28ba8be49","shop_id":"7495127669839399750","processed":20,"updated":20,"errors":0,"api_error":null,"upsert_errors":[],"next_after_id":"3465d066-db5b-4361-a1c3-bdcb05d91923","has_more":true,"dry_run":false}
batch=262 {"success":true,"platform":"tiktok","merchant_id":"ffe8519e-49a2-467b-a0ec-57d28ba8be49","shop_id":"7495127669839399750","processed":20,"updated":20,"errors":0,"api_error":null,"upsert_errors":[],"next_after_id":"349a4182-bb8d-46a4-ba1a-73152a5d65bd","has_more":true,"dry_run":false}
batch=263 {"success":true,"platform":"tiktok","merchant_id":"ffe8519e-49a2-467b-a0ec-57d28ba8be49","shop_id":"7495127669839399750","processed":20,"updated":20,"errors":0,"api_error":null,"upsert_errors":[],"next_after_id":"34beb502-8fc4-442f-ba65-07a92ea3fa3c","has_more":true,"dry_run":false}
batch=264 {"success":true,"platform":"tiktok","merchant_id":"ffe8519e-49a2-467b-a0ec-57d28ba8be49","shop_id":"7495127669839399750","processed":20,"updated":20,"errors":0,"api_error":null,"upsert_errors":[],"next_after_id":"34e33374-5d42-4a79-83c0-fba81e9380d9","has_more":true,"dry_run":false}
batch=265 {"success":true,"platform":"tiktok","merchant_id":"ffe8519e-49a2-467b-a0ec-57d28ba8be49","shop_id":"7495127669839399750","processed":20,"updated":20,"errors":0,"api_error":null,"upsert_errors":[],"next_after_id":"35111856-295c-42cc-9c5a-27556c4cd977","has_more":true,"dry_run":false}
batch=266 {"success":true,"platform":"tiktok","merchant_id":"ffe8519e-49a2-467b-a0ec-57d28ba8be49","shop_id":"7495127669839399750","processed":20,"updated":20,"errors":0,"api_error":null,"upsert_errors":[],"next_after_id":"353e2a98-3d8f-472b-a598-942cd83fc8c2","has_more":true,"dry_run":false}
batch=267 {"success":true,"platform":"tiktok","merchant_id":"ffe8519e-49a2-467b-a0ec-57d28ba8be49","shop_id":"7495127669839399750","processed":20,"updated":20,"errors":0,"api_error":null,"upsert_errors":[],"next_after_id":"3567ce91-81e3-408b-ab7b-fc878bff5517","has_more":true,"dry_run":false}
batch=268 {"success":true,"platform":"tiktok","merchant_id":"ffe8519e-49a2-467b-a0ec-57d28ba8be49","shop_id":"7495127669839399750","processed":20,"updated":20,"errors":0,"api_error":null,"upsert_errors":[],"next_after_id":"359a1250-e771-4b27-bb19-e1af97134651","has_more":true,"dry_run":false}
batch=269 {"success":true,"platform":"tiktok","merchant_id":"ffe8519e-49a2-467b-a0ec-57d28ba8be49","shop_id":"7495127669839399750","processed":20,"updated":20,"errors":0,"api_error":null,"upsert_errors":[],"next_after_id":"35ceee48-f2b5-44b9-b9a5-137a2a46217c","has_more":true,"dry_run":false}
batch=270 {"success":true,"platform":"tiktok","merchant_id":"ffe8519e-49a2-467b-a0ec-57d28ba8be49","shop_id":"7495127669839399750","processed":20,"updated":20,"errors":0,"api_error":null,"upsert_errors":[],"next_after_id":"360c0e80-6c0b-41e6-9ff5-e34271a696fb","has_more":true,"dry_run":false}
batch=271 {"success":true,"platform":"tiktok","merchant_id":"ffe8519e-49a2-467b-a0ec-57d28ba8be49","shop_id":"7495127669839399750","processed":20,"updated":20,"errors":0,"api_error":null,"upsert_errors":[],"next_after_id":"363f6365-880b-47c5-b808-cdad5b08767f","has_more":true,"dry_run":false}
batch=272 {"success":true,"platform":"tiktok","merchant_id":"ffe8519e-49a2-467b-a0ec-57d28ba8be49","shop_id":"7495127669839399750","processed":20,"updated":20,"errors":0,"api_error":null,"upsert_errors":[],"next_after_id":"367b6aa1-7a7e-4bf3-aa41-3469e4cf2e15","has_more":true,"dry_run":false}
batch=273 {"success":true,"platform":"tiktok","merchant_id":"ffe8519e-49a2-467b-a0ec-57d28ba8be49","shop_id":"7495127669839399750","processed":20,"updated":20,"errors":0,"api_error":null,"upsert_errors":[],"next_after_id":"36abea28-e25c-4111-ae2b-334f0ec096b0","has_more":true,"dry_run":false}
batch=274 {"success":true,"platform":"tiktok","merchant_id":"ffe8519e-49a2-467b-a0ec-57d28ba8be49","shop_id":"7495127669839399750","processed":20,"updated":20,"errors":0,"api_error":null,"upsert_errors":[],"next_after_id":"36e0f770-82ba-485d-b100-3c5d4be8a367","has_more":true,"dry_run":false}
batch=275 {"success":true,"platform":"tiktok","merchant_id":"ffe8519e-49a2-467b-a0ec-57d28ba8be49","shop_id":"7495127669839399750","processed":20,"updated":20,"errors":0,"api_error":null,"upsert_errors":[],"next_after_id":"370fb2c3-fc10-480a-84f1-7d0eab60e251","has_more":true,"dry_run":false}
batch=276 {"success":true,"platform":"tiktok","merchant_id":"ffe8519e-49a2-467b-a0ec-57d28ba8be49","shop_id":"7495127669839399750","processed":20,"updated":20,"errors":0,"api_error":null,"upsert_errors":[],"next_after_id":"3732f349-d3a2-4a40-ae19-c260db07c4e9","has_more":true,"dry_run":false}
batch=277 {"success":true,"platform":"tiktok","merchant_id":"ffe8519e-49a2-467b-a0ec-57d28ba8be49","shop_id":"7495127669839399750","processed":20,"updated":20,"errors":0,"api_error":null,"upsert_errors":[],"next_after_id":"37546f58-757a-4891-97b1-5ab6aeed2560","has_more":true,"dry_run":false}
batch=278 {"success":true,"platform":"tiktok","merchant_id":"ffe8519e-49a2-467b-a0ec-57d28ba8be49","shop_id":"7495127669839399750","processed":20,"updated":20,"errors":0,"api_error":null,"upsert_errors":[],"next_after_id":"3781e6a9-2846-4f10-af05-82b736102ea4","has_more":true,"dry_run":false}
batch=279 {"success":true,"platform":"tiktok","merchant_id":"ffe8519e-49a2-467b-a0ec-57d28ba8be49","shop_id":"7495127669839399750","processed":20,"updated":20,"errors":0,"api_error":null,"upsert_errors":[],"next_after_id":"37b49106-f2b6-4645-a8ac-191105adbb77","has_more":true,"dry_run":false}
batch=280 {"success":true,"platform":"tiktok","merchant_id":"ffe8519e-49a2-467b-a0ec-57d28ba8be49","shop_id":"7495127669839399750","processed":20,"updated":20,"errors":0,"api_error":null,"upsert_errors":[],"next_after_id":"37e23e18-f109-44d5-a80c-60b03bbbfa5c","has_more":true,"dry_run":false}
batch=281 {"success":true,"platform":"tiktok","merchant_id":"ffe8519e-49a2-467b-a0ec-57d28ba8be49","shop_id":"7495127669839399750","processed":20,"updated":20,"errors":0,"api_error":null,"upsert_errors":[],"next_after_id":"380cf44d-77ec-4c14-8ff0-9e883dd62a9d","has_more":true,"dry_run":false}
batch=282 {"success":true,"platform":"tiktok","merchant_id":"ffe8519e-49a2-467b-a0ec-57d28ba8be49","shop_id":"7495127669839399750","processed":20,"updated":20,"errors":0,"api_error":null,"upsert_errors":[],"next_after_id":"38395413-ede0-4574-a805-71a9ecc5957b","has_more":true,"dry_run":false}
batch=283 {"success":true,"platform":"tiktok","merchant_id":"ffe8519e-49a2-467b-a0ec-57d28ba8be49","shop_id":"7495127669839399750","processed":20,"updated":20,"errors":0,"api_error":null,"upsert_errors":[],"next_after_id":"3876b649-6b64-4534-9e94-2cf8cc71791c","has_more":true,"dry_run":false}
batch=284 {"success":true,"platform":"tiktok","merchant_id":"ffe8519e-49a2-467b-a0ec-57d28ba8be49","shop_id":"7495127669839399750","processed":20,"updated":20,"errors":0,"api_error":null,"upsert_errors":[],"next_after_id":"38bbaca3-a5d9-46c6-b907-02c6bb11643c","has_more":true,"dry_run":false}
batch=285 {"success":true,"platform":"tiktok","merchant_id":"ffe8519e-49a2-467b-a0ec-57d28ba8be49","shop_id":"7495127669839399750","processed":20,"updated":20,"errors":0,"api_error":null,"upsert_errors":[],"next_after_id":"38df6c89-064d-4d9b-810d-fcfbb97ee50b","has_more":true,"dry_run":false}
batch=286 {"success":true,"platform":"tiktok","merchant_id":"ffe8519e-49a2-467b-a0ec-57d28ba8be49","shop_id":"7495127669839399750","processed":20,"updated":20,"errors":0,"api_error":null,"upsert_errors":[],"next_after_id":"390675ab-c9a0-43e1-8de4-56bc733e872c","has_more":true,"dry_run":false}
batch=287 {"success":true,"platform":"tiktok","merchant_id":"ffe8519e-49a2-467b-a0ec-57d28ba8be49","shop_id":"7495127669839399750","processed":20,"updated":20,"errors":0,"api_error":null,"upsert_errors":[],"next_after_id":"393ac7a9-a919-4a65-a41a-4017a4a751ba","has_more":true,"dry_run":false}
batch=288 {"success":true,"platform":"tiktok","merchant_id":"ffe8519e-49a2-467b-a0ec-57d28ba8be49","shop_id":"7495127669839399750","processed":20,"updated":20,"errors":0,"api_error":null,"upsert_errors":[],"next_after_id":"395cdb52-b9a8-4b19-a07c-87643651bdaf","has_more":true,"dry_run":false}
batch=289 {"success":true,"platform":"tiktok","merchant_id":"ffe8519e-49a2-467b-a0ec-57d28ba8be49","shop_id":"7495127669839399750","processed":20,"updated":20,"errors":0,"api_error":null,"upsert_errors":[],"next_after_id":"397bd7ef-2a70-4927-9607-ee6ba3b240be","has_more":true,"dry_run":false}
batch=290 {"success":true,"platform":"tiktok","merchant_id":"ffe8519e-49a2-467b-a0ec-57d28ba8be49","shop_id":"7495127669839399750","processed":20,"updated":20,"errors":0,"api_error":null,"upsert_errors":[],"next_after_id":"39a4e785-3403-4de3-a4f8-da51d1df88d2","has_more":true,"dry_run":false}
batch=291 {"success":true,"platform":"tiktok","merchant_id":"ffe8519e-49a2-467b-a0ec-57d28ba8be49","shop_id":"7495127669839399750","processed":20,"updated":20,"errors":0,"api_error":null,"upsert_errors":[],"next_after_id":"39c28a2d-0019-4251-a7b4-75df3669f1bb","has_more":true,"dry_run":false}
batch=292 {"success":true,"platform":"tiktok","merchant_id":"ffe8519e-49a2-467b-a0ec-57d28ba8be49","shop_id":"7495127669839399750","processed":20,"updated":20,"errors":0,"api_error":null,"upsert_errors":[],"next_after_id":"39eded07-b4c2-472b-915c-2f4043864e03","has_more":true,"dry_run":false}
batch=293 {"success":true,"platform":"tiktok","merchant_id":"ffe8519e-49a2-467b-a0ec-57d28ba8be49","shop_id":"7495127669839399750","processed":20,"updated":20,"errors":0,"api_error":null,"upsert_errors":[],"next_after_id":"3a1caa05-99fe-4e2c-a043-fb6b722e7bff","has_more":true,"dry_run":false}
batch=294 {"success":true,"platform":"tiktok","merchant_id":"ffe8519e-49a2-467b-a0ec-57d28ba8be49","shop_id":"7495127669839399750","processed":20,"updated":20,"errors":0,"api_error":null,"upsert_errors":[],"next_after_id":"3a4072d2-8359-46a2-8bb8-a35a3f703efc","has_more":true,"dry_run":false}
batch=295 {"success":true,"platform":"tiktok","merchant_id":"ffe8519e-49a2-467b-a0ec-57d28ba8be49","shop_id":"7495127669839399750","processed":20,"updated":20,"errors":0,"api_error":null,"upsert_errors":[],"next_after_id":"3a6f4932-3b40-4889-af06-5b3de4364a34","has_more":true,"dry_run":false}
batch=296 {"success":true,"platform":"tiktok","merchant_id":"ffe8519e-49a2-467b-a0ec-57d28ba8be49","shop_id":"7495127669839399750","processed":20,"updated":20,"errors":0,"api_error":null,"upsert_errors":[],"next_after_id":"3a89aa62-f57c-4718-988a-18eb5951a652","has_more":true,"dry_run":false}
batch=297 {"success":true,"platform":"tiktok","merchant_id":"ffe8519e-49a2-467b-a0ec-57d28ba8be49","shop_id":"7495127669839399750","processed":20,"updated":20,"errors":0,"api_error":null,"upsert_errors":[],"next_after_id":"3ac37dca-c446-4522-99e9-f84a098e82a6","has_more":true,"dry_run":false}
batch=298 {"success":true,"platform":"tiktok","merchant_id":"ffe8519e-49a2-467b-a0ec-57d28ba8be49","shop_id":"7495127669839399750","processed":20,"updated":20,"errors":0,"api_error":null,"upsert_errors":[],"next_after_id":"3af13506-3e2e-406f-8335-b8ee7ba88551","has_more":true,"dry_run":false}
batch=299 {"success":true,"platform":"tiktok","merchant_id":"ffe8519e-49a2-467b-a0ec-57d28ba8be49","shop_id":"7495127669839399750","processed":20,"updated":20,"errors":0,"api_error":null,"upsert_errors":[],"next_after_id":"3b167929-9b34-4c95-9d5e-46153f1fa296","has_more":true,"dry_run":false}
batch=300 {"success":true,"platform":"tiktok","merchant_id":"ffe8519e-49a2-467b-a0ec-57d28ba8be49","shop_id":"7495127669839399750","processed":20,"updated":20,"errors":0,"api_error":null,"upsert_errors":[],"next_after_id":"3b45db82-8bed-40c0-98b1-1a54fb9c59b6","has_more":true,"dry_run":false}
batch=301 {"success":true,"platform":"tiktok","merchant_id":"ffe8519e-49a2-467b-a0ec-57d28ba8be49","shop_id":"7495127669839399750","processed":20,"updated":20,"errors":0,"api_error":null,"upsert_errors":[],"next_after_id":"3b6cf5b5-0e81-4b35-a1f4-fecb6b4869da","has_more":true,"dry_run":false}
batch=302 {"success":true,"platform":"tiktok","merchant_id":"ffe8519e-49a2-467b-a0ec-57d28ba8be49","shop_id":"7495127669839399750","processed":20,"updated":20,"errors":0,"api_error":null,"upsert_errors":[],"next_after_id":"3b9f4e37-7bf7-449a-8193-6b183ebf28c1","has_more":true,"dry_run":false}
batch=303 {"success":true,"platform":"tiktok","merchant_id":"ffe8519e-49a2-467b-a0ec-57d28ba8be49","shop_id":"7495127669839399750","processed":20,"updated":20,"errors":0,"api_error":null,"upsert_errors":[],"next_after_id":"3bc3b574-bd02-490b-b767-4c0ca0d5a140","has_more":true,"dry_run":false}
batch=304 {"success":true,"platform":"tiktok","merchant_id":"ffe8519e-49a2-467b-a0ec-57d28ba8be49","shop_id":"7495127669839399750","processed":20,"updated":20,"errors":0,"api_error":null,"upsert_errors":[],"next_after_id":"3be65311-070b-4e95-aa67-38308061932f","has_more":true,"dry_run":false}
batch=305 {"success":true,"platform":"tiktok","merchant_id":"ffe8519e-49a2-467b-a0ec-57d28ba8be49","shop_id":"7495127669839399750","processed":20,"updated":20,"errors":0,"api_error":null,"upsert_errors":[],"next_after_id":"3c04f84e-5738-4634-81f9-1290e827020e","has_more":true,"dry_run":false}
batch=306 {"success":true,"platform":"tiktok","merchant_id":"ffe8519e-49a2-467b-a0ec-57d28ba8be49","shop_id":"7495127669839399750","processed":20,"updated":20,"errors":0,"api_error":null,"upsert_errors":[],"next_after_id":"3c3c2fbc-d3a2-4a01-bd54-094c6ae2609b","has_more":true,"dry_run":false}
batch=307 {"success":true,"platform":"tiktok","merchant_id":"ffe8519e-49a2-467b-a0ec-57d28ba8be49","shop_id":"7495127669839399750","processed":20,"updated":20,"errors":0,"api_error":null,"upsert_errors":[],"next_after_id":"3c5ed6eb-c854-4dac-867d-a21c51ae5cb2","has_more":true,"dry_run":false}
batch=308 {"success":true,"platform":"tiktok","merchant_id":"ffe8519e-49a2-467b-a0ec-57d28ba8be49","shop_id":"7495127669839399750","processed":20,"updated":20,"errors":0,"api_error":null,"upsert_errors":[],"next_after_id":"3c87f719-7263-4f27-afde-2c8c39082b76","has_more":true,"dry_run":false}
batch=309 {"success":true,"platform":"tiktok","merchant_id":"ffe8519e-49a2-467b-a0ec-57d28ba8be49","shop_id":"7495127669839399750","processed":20,"updated":20,"errors":0,"api_error":null,"upsert_errors":[],"next_after_id":"3cae6f59-2e46-4d73-badb-9cf502dcee45","has_more":true,"dry_run":false}
batch=310 {"success":true,"platform":"tiktok","merchant_id":"ffe8519e-49a2-467b-a0ec-57d28ba8be49","shop_id":"7495127669839399750","processed":20,"updated":20,"errors":0,"api_error":null,"upsert_errors":[],"next_after_id":"3cda5931-4fc0-4792-88b9-9480e93fe388","has_more":true,"dry_run":false}
batch=311 {"success":true,"platform":"tiktok","merchant_id":"ffe8519e-49a2-467b-a0ec-57d28ba8be49","shop_id":"7495127669839399750","processed":20,"updated":20,"errors":0,"api_error":null,"upsert_errors":[],"next_after_id":"3cfcc710-f61e-40d2-a834-6675fb5ac861","has_more":true,"dry_run":false}
batch=312 {"success":true,"platform":"tiktok","merchant_id":"ffe8519e-49a2-467b-a0ec-57d28ba8be49","shop_id":"7495127669839399750","processed":20,"updated":20,"errors":0,"api_error":null,"upsert_errors":[],"next_after_id":"3d22dcfd-0775-4fd5-8850-20eeaa098510","has_more":true,"dry_run":false}
batch=313 {"success":true,"platform":"tiktok","merchant_id":"ffe8519e-49a2-467b-a0ec-57d28ba8be49","shop_id":"7495127669839399750","processed":20,"updated":20,"errors":0,"api_error":null,"upsert_errors":[],"next_after_id":"3d3e95f8-5b23-49a0-9c0a-8c706545fb7a","has_more":true,"dry_run":false}
batch=314 {"success":true,"platform":"tiktok","merchant_id":"ffe8519e-49a2-467b-a0ec-57d28ba8be49","shop_id":"7495127669839399750","processed":20,"updated":20,"errors":0,"api_error":null,"upsert_errors":[],"next_after_id":"3d775ab4-b96f-48e6-8a15-32a8b868cd88","has_more":true,"dry_run":false}
batch=315 {"success":true,"platform":"tiktok","merchant_id":"ffe8519e-49a2-467b-a0ec-57d28ba8be49","shop_id":"7495127669839399750","processed":20,"updated":20,"errors":0,"api_error":null,"upsert_errors":[],"next_after_id":"3d9bca2b-2fce-4f45-b3f8-1571fbc1eb35","has_more":true,"dry_run":false}
batch=316 {"success":true,"platform":"tiktok","merchant_id":"ffe8519e-49a2-467b-a0ec-57d28ba8be49","shop_id":"7495127669839399750","processed":20,"updated":20,"errors":0,"api_error":null,"upsert_errors":[],"next_after_id":"3dbd257c-e4f5-43a2-ac53-55fdd9be00f3","has_more":true,"dry_run":false}
batch=317 {"success":true,"platform":"tiktok","merchant_id":"ffe8519e-49a2-467b-a0ec-57d28ba8be49","shop_id":"7495127669839399750","processed":20,"updated":20,"errors":0,"api_error":null,"upsert_errors":[],"next_after_id":"3de45454-25ae-4845-8adb-ab1e532a5892","has_more":true,"dry_run":false}
batch=318 {"success":true,"platform":"tiktok","merchant_id":"ffe8519e-49a2-467b-a0ec-57d28ba8be49","shop_id":"7495127669839399750","processed":20,"updated":20,"errors":0,"api_error":null,"upsert_errors":[],"next_after_id":"3e135b04-a241-4c4f-b81f-6a06423d942a","has_more":true,"dry_run":false}
batch=319 {"success":true,"platform":"tiktok","merchant_id":"ffe8519e-49a2-467b-a0ec-57d28ba8be49","shop_id":"7495127669839399750","processed":20,"updated":20,"errors":0,"api_error":null,"upsert_errors":[],"next_after_id":"3e2e56cb-f489-49e8-86c9-a2cd03b1c423","has_more":true,"dry_run":false}
batch=320 {"success":true,"platform":"tiktok","merchant_id":"ffe8519e-49a2-467b-a0ec-57d28ba8be49","shop_id":"7495127669839399750","processed":20,"updated":20,"errors":0,"api_error":null,"upsert_errors":[],"next_after_id":"3e6196f9-df71-4752-8e54-c3958fc53f42","has_more":true,"dry_run":false}
batch=321 {"success":true,"platform":"tiktok","merchant_id":"ffe8519e-49a2-467b-a0ec-57d28ba8be49","shop_id":"7495127669839399750","processed":20,"updated":20,"errors":0,"api_error":null,"upsert_errors":[],"next_after_id":"3e98711e-e133-471e-a69f-2c7526eb45f1","has_more":true,"dry_run":false}
batch=322 {"success":true,"platform":"tiktok","merchant_id":"ffe8519e-49a2-467b-a0ec-57d28ba8be49","shop_id":"7495127669839399750","processed":20,"updated":20,"errors":0,"api_error":null,"upsert_errors":[],"next_after_id":"3ebabbd9-36cc-44cd-a765-009e35f95eda","has_more":true,"dry_run":false}
batch=323 {"success":true,"platform":"tiktok","merchant_id":"ffe8519e-49a2-467b-a0ec-57d28ba8be49","shop_id":"7495127669839399750","processed":20,"updated":20,"errors":0,"api_error":null,"upsert_errors":[],"next_after_id":"3eed2126-dce5-43ce-ad5e-4ccc48d795fe","has_more":true,"dry_run":false}
batch=324 {"success":true,"platform":"tiktok","merchant_id":"ffe8519e-49a2-467b-a0ec-57d28ba8be49","shop_id":"7495127669839399750","processed":20,"updated":20,"errors":0,"api_error":null,"upsert_errors":[],"next_after_id":"3f0c0b88-8360-48e1-8850-1c5a74ed190d","has_more":true,"dry_run":false}
batch=325 {"success":true,"platform":"tiktok","merchant_id":"ffe8519e-49a2-467b-a0ec-57d28ba8be49","shop_id":"7495127669839399750","processed":20,"updated":20,"errors":0,"api_error":null,"upsert_errors":[],"next_after_id":"3f3940e5-f851-464b-91c1-3dfce0dff85b","has_more":true,"dry_run":false}
batch=326 {"success":true,"platform":"tiktok","merchant_id":"ffe8519e-49a2-467b-a0ec-57d28ba8be49","shop_id":"7495127669839399750","processed":20,"updated":20,"errors":0,"api_error":null,"upsert_errors":[],"next_after_id":"3f605351-a9a1-4f28-8d0d-98b14d65be42","has_more":true,"dry_run":false}
batch=327 {"success":true,"platform":"tiktok","merchant_id":"ffe8519e-49a2-467b-a0ec-57d28ba8be49","shop_id":"7495127669839399750","processed":20,"updated":20,"errors":0,"api_error":null,"upsert_errors":[],"next_after_id":"3f8be419-0a86-43ea-861e-a9a71a4a6ba3","has_more":true,"dry_run":false}
batch=328 {"success":true,"platform":"tiktok","merchant_id":"ffe8519e-49a2-467b-a0ec-57d28ba8be49","shop_id":"7495127669839399750","processed":20,"updated":20,"errors":0,"api_error":null,"upsert_errors":[],"next_after_id":"3fbd5f7d-d41b-4894-8baf-887b254dfb6d","has_more":true,"dry_run":false}
batch=329 {"success":true,"platform":"tiktok","merchant_id":"ffe8519e-49a2-467b-a0ec-57d28ba8be49","shop_id":"7495127669839399750","processed":20,"updated":20,"errors":0,"api_error":null,"upsert_errors":[],"next_after_id":"3fe7791b-1624-420e-a79c-6e17f66df02f","has_more":true,"dry_run":false}
batch=330 {"success":true,"platform":"tiktok","merchant_id":"ffe8519e-49a2-467b-a0ec-57d28ba8be49","shop_id":"7495127669839399750","processed":20,"updated":20,"errors":0,"api_error":null,"upsert_errors":[],"next_after_id":"40169d3d-d6b0-4f0f-8d4d-386db3540591","has_more":true,"dry_run":false}
batch=331 {"success":true,"platform":"tiktok","merchant_id":"ffe8519e-49a2-467b-a0ec-57d28ba8be49","shop_id":"7495127669839399750","processed":20,"updated":20,"errors":0,"api_error":null,"upsert_errors":[],"next_after_id":"40477637-3a09-49ca-9d3b-64eda4721b14","has_more":true,"dry_run":false}
batch=332 {"success":true,"platform":"tiktok","merchant_id":"ffe8519e-49a2-467b-a0ec-57d28ba8be49","shop_id":"7495127669839399750","processed":20,"updated":20,"errors":0,"api_error":null,"upsert_errors":[],"next_after_id":"406fee91-7a42-4ecd-876e-95685e1ef7a3","has_more":true,"dry_run":false}
batch=333 {"success":true,"platform":"tiktok","merchant_id":"ffe8519e-49a2-467b-a0ec-57d28ba8be49","shop_id":"7495127669839399750","processed":20,"updated":20,"errors":0,"api_error":null,"upsert_errors":[],"next_after_id":"408eabf8-2fbf-4e1d-9a7a-528cd2feb25c","has_more":true,"dry_run":false}
batch=334 {"success":true,"platform":"tiktok","merchant_id":"ffe8519e-49a2-467b-a0ec-57d28ba8be49","shop_id":"7495127669839399750","processed":20,"updated":20,"errors":0,"api_error":null,"upsert_errors":[],"next_after_id":"40bbe377-0f07-4802-8150-e9e7ed1fdb0e","has_more":true,"dry_run":false}
batch=335 {"success":true,"platform":"tiktok","merchant_id":"ffe8519e-49a2-467b-a0ec-57d28ba8be49","shop_id":"7495127669839399750","processed":20,"updated":20,"errors":0,"api_error":null,"upsert_errors":[],"next_after_id":"40d7a61d-36ff-4a5f-a290-671b2f6aeac9","has_more":true,"dry_run":false}
batch=336 {"success":true,"platform":"tiktok","merchant_id":"ffe8519e-49a2-467b-a0ec-57d28ba8be49","shop_id":"7495127669839399750","processed":20,"updated":20,"errors":0,"api_error":null,"upsert_errors":[],"next_after_id":"40fd71c5-f5d5-447c-b23f-58113c86e376","has_more":true,"dry_run":false}
batch=337 {"success":true,"platform":"tiktok","merchant_id":"ffe8519e-49a2-467b-a0ec-57d28ba8be49","shop_id":"7495127669839399750","processed":20,"updated":20,"errors":0,"api_error":null,"upsert_errors":[],"next_after_id":"4126ec9d-23db-402e-a409-65ecf0d4203a","has_more":true,"dry_run":false}
batch=338 {"success":true,"platform":"tiktok","merchant_id":"ffe8519e-49a2-467b-a0ec-57d28ba8be49","shop_id":"7495127669839399750","processed":20,"updated":20,"errors":0,"api_error":null,"upsert_errors":[],"next_after_id":"4144dd03-4aeb-4ffe-bef8-521e7a438f41","has_more":true,"dry_run":false}
batch=339 {"success":true,"platform":"tiktok","merchant_id":"ffe8519e-49a2-467b-a0ec-57d28ba8be49","shop_id":"7495127669839399750","processed":20,"updated":20,"errors":0,"api_error":null,"upsert_errors":[],"next_after_id":"416ca3b6-f1b9-4c26-9775-46ec554bdd4e","has_more":true,"dry_run":false}
batch=340 {"success":true,"platform":"tiktok","merchant_id":"ffe8519e-49a2-467b-a0ec-57d28ba8be49","shop_id":"7495127669839399750","processed":20,"updated":20,"errors":0,"api_error":null,"upsert_errors":[],"next_after_id":"41946fa9-cccb-42f6-9ff8-b1057ab0c5eb","has_more":true,"dry_run":false}
batch=341 {"success":true,"platform":"tiktok","merchant_id":"ffe8519e-49a2-467b-a0ec-57d28ba8be49","shop_id":"7495127669839399750","processed":20,"updated":20,"errors":0,"api_error":null,"upsert_errors":[],"next_after_id":"41bcdcbf-1194-4cce-8867-79258a411c78","has_more":true,"dry_run":false}
batch=342 {"success":true,"platform":"tiktok","merchant_id":"ffe8519e-49a2-467b-a0ec-57d28ba8be49","shop_id":"7495127669839399750","processed":20,"updated":20,"errors":0,"api_error":null,"upsert_errors":[],"next_after_id":"41da664c-502d-4aae-a62c-92ffd21782e2","has_more":true,"dry_run":false}
batch=343 {"success":true,"platform":"tiktok","merchant_id":"ffe8519e-49a2-467b-a0ec-57d28ba8be49","shop_id":"7495127669839399750","processed":20,"updated":20,"errors":0,"api_error":null,"upsert_errors":[],"next_after_id":"4200600e-00a0-4a8e-97a0-decaed663874","has_more":true,"dry_run":false}
batch=344 {"success":true,"platform":"tiktok","merchant_id":"ffe8519e-49a2-467b-a0ec-57d28ba8be49","shop_id":"7495127669839399750","processed":20,"updated":20,"errors":0,"api_error":null,"upsert_errors":[],"next_after_id":"42344110-101e-4b0b-b1c5-67ce7f54897f","has_more":true,"dry_run":false}
batch=345 {"success":true,"platform":"tiktok","merchant_id":"ffe8519e-49a2-467b-a0ec-57d28ba8be49","shop_id":"7495127669839399750","processed":20,"updated":20,"errors":0,"api_error":null,"upsert_errors":[],"next_after_id":"426ab52b-e7b0-4ca5-ba21-7066418e03e8","has_more":true,"dry_run":false}
batch=346 {"success":true,"platform":"tiktok","merchant_id":"ffe8519e-49a2-467b-a0ec-57d28ba8be49","shop_id":"7495127669839399750","processed":20,"updated":20,"errors":0,"api_error":null,"upsert_errors":[],"next_after_id":"42a30265-b44f-410b-ada0-fea96ef2d9c2","has_more":true,"dry_run":false}
batch=347 {"success":true,"platform":"tiktok","merchant_id":"ffe8519e-49a2-467b-a0ec-57d28ba8be49","shop_id":"7495127669839399750","processed":20,"updated":20,"errors":0,"api_error":null,"upsert_errors":[],"next_after_id":"42db17f9-e724-4257-8972-97e0eab8b377","has_more":true,"dry_run":false}
batch=348 {"success":true,"platform":"tiktok","merchant_id":"ffe8519e-49a2-467b-a0ec-57d28ba8be49","shop_id":"7495127669839399750","processed":20,"updated":20,"errors":0,"api_error":null,"upsert_errors":[],"next_after_id":"42f1629f-3fc3-4812-87dc-aea5aa0c639c","has_more":true,"dry_run":false}
batch=349 {"success":true,"platform":"tiktok","merchant_id":"ffe8519e-49a2-467b-a0ec-57d28ba8be49","shop_id":"7495127669839399750","processed":20,"updated":20,"errors":0,"api_error":null,"upsert_errors":[],"next_after_id":"4324bcbe-3f24-400e-98e2-6b3405fdd429","has_more":true,"dry_run":false}
batch=350 {"success":true,"platform":"tiktok","merchant_id":"ffe8519e-49a2-467b-a0ec-57d28ba8be49","shop_id":"7495127669839399750","processed":20,"updated":20,"errors":0,"api_error":null,"upsert_errors":[],"next_after_id":"434e0192-72c9-4beb-975e-35a4b309a400","has_more":true,"dry_run":false}
batch=351 {"success":true,"platform":"tiktok","merchant_id":"ffe8519e-49a2-467b-a0ec-57d28ba8be49","shop_id":"7495127669839399750","processed":20,"updated":20,"errors":0,"api_error":null,"upsert_errors":[],"next_after_id":"437a9fa9-16ae-41a5-81c9-4ea4a8235953","has_more":true,"dry_run":false}
batch=352 {"success":true,"platform":"tiktok","merchant_id":"ffe8519e-49a2-467b-a0ec-57d28ba8be49","shop_id":"7495127669839399750","processed":20,"updated":20,"errors":0,"api_error":null,"upsert_errors":[],"next_after_id":"43a7b88d-03b9-4349-b539-d4281ebad84f","has_more":true,"dry_run":false}
batch=353 {"success":true,"platform":"tiktok","merchant_id":"ffe8519e-49a2-467b-a0ec-57d28ba8be49","shop_id":"7495127669839399750","processed":20,"updated":20,"errors":0,"api_error":null,"upsert_errors":[],"next_after_id":"43d2ceb3-5715-4977-b103-2cd31224ed1e","has_more":true,"dry_run":false}
batch=354 {"success":true,"platform":"tiktok","merchant_id":"ffe8519e-49a2-467b-a0ec-57d28ba8be49","shop_id":"7495127669839399750","processed":20,"updated":20,"errors":0,"api_error":null,"upsert_errors":[],"next_after_id":"440033a4-36b4-4c87-beb4-6ff68f9de8b3","has_more":true,"dry_run":false}
batch=355 {"success":true,"platform":"tiktok","merchant_id":"ffe8519e-49a2-467b-a0ec-57d28ba8be49","shop_id":"7495127669839399750","processed":20,"updated":20,"errors":0,"api_error":null,"upsert_errors":[],"next_after_id":"4428c06b-230b-42d5-997d-e7f383818aff","has_more":true,"dry_run":false}
batch=356 {"success":true,"platform":"tiktok","merchant_id":"ffe8519e-49a2-467b-a0ec-57d28ba8be49","shop_id":"7495127669839399750","processed":20,"updated":20,"errors":0,"api_error":null,"upsert_errors":[],"next_after_id":"4453099e-222e-4619-86d3-ed36c44196b9","has_more":true,"dry_run":false}
batch=357 {"success":true,"platform":"tiktok","merchant_id":"ffe8519e-49a2-467b-a0ec-57d28ba8be49","shop_id":"7495127669839399750","processed":20,"updated":20,"errors":0,"api_error":null,"upsert_errors":[],"next_after_id":"448d6480-3836-463d-a96a-cbe399c01da4","has_more":true,"dry_run":false}
batch=358 {"success":true,"platform":"tiktok","merchant_id":"ffe8519e-49a2-467b-a0ec-57d28ba8be49","shop_id":"7495127669839399750","processed":20,"updated":20,"errors":0,"api_error":null,"upsert_errors":[],"next_after_id":"44acf6a1-e388-4114-a8f4-ac12d9586384","has_more":true,"dry_run":false}
batch=359 {"success":true,"platform":"tiktok","merchant_id":"ffe8519e-49a2-467b-a0ec-57d28ba8be49","shop_id":"7495127669839399750","processed":20,"updated":20,"errors":0,"api_error":null,"upsert_errors":[],"next_after_id":"44c582f1-131c-4a46-8a0c-16ba3fb56923","has_more":true,"dry_run":false}
batch=360 {"success":true,"platform":"tiktok","merchant_id":"ffe8519e-49a2-467b-a0ec-57d28ba8be49","shop_id":"7495127669839399750","processed":20,"updated":20,"errors":0,"api_error":null,"upsert_errors":[],"next_after_id":"44ec018b-8553-4d4c-871c-2bd34d5e4c6b","has_more":true,"dry_run":false}
batch=361 {"success":true,"platform":"tiktok","merchant_id":"ffe8519e-49a2-467b-a0ec-57d28ba8be49","shop_id":"7495127669839399750","processed":20,"updated":20,"errors":0,"api_error":null,"upsert_errors":[],"next_after_id":"450f7340-c1b4-4f56-be0c-6f5b8b808619","has_more":true,"dry_run":false}
batch=362 {"success":true,"platform":"tiktok","merchant_id":"ffe8519e-49a2-467b-a0ec-57d28ba8be49","shop_id":"7495127669839399750","processed":20,"updated":20,"errors":0,"api_error":null,"upsert_errors":[],"next_after_id":"452a01cd-a250-4392-a3c6-611af43881f4","has_more":true,"dry_run":false}
batch=363 {"success":true,"platform":"tiktok","merchant_id":"ffe8519e-49a2-467b-a0ec-57d28ba8be49","shop_id":"7495127669839399750","processed":20,"updated":20,"errors":0,"api_error":null,"upsert_errors":[],"next_after_id":"45556c1b-34e4-4d9b-b993-67ca16858070","has_more":true,"dry_run":false}
batch=364 {"success":true,"platform":"tiktok","merchant_id":"ffe8519e-49a2-467b-a0ec-57d28ba8be49","shop_id":"7495127669839399750","processed":20,"updated":20,"errors":0,"api_error":null,"upsert_errors":[],"next_after_id":"458f6c3c-81b8-4d10-af9b-631b76e0fb34","has_more":true,"dry_run":false}
batch=365 {"success":true,"platform":"tiktok","merchant_id":"ffe8519e-49a2-467b-a0ec-57d28ba8be49","shop_id":"7495127669839399750","processed":20,"updated":20,"errors":0,"api_error":null,"upsert_errors":[],"next_after_id":"45c7e538-ecd8-4537-963f-a4b8ec908242","has_more":true,"dry_run":false}
batch=366 {"success":true,"platform":"tiktok","merchant_id":"ffe8519e-49a2-467b-a0ec-57d28ba8be49","shop_id":"7495127669839399750","processed":20,"updated":20,"errors":0,"api_error":null,"upsert_errors":[],"next_after_id":"45e7cf27-3a3d-4898-8ab0-1166530aee5d","has_more":true,"dry_run":false}
batch=367 {"success":true,"platform":"tiktok","merchant_id":"ffe8519e-49a2-467b-a0ec-57d28ba8be49","shop_id":"7495127669839399750","processed":20,"updated":20,"errors":0,"api_error":null,"upsert_errors":[],"next_after_id":"4618638a-1202-4e74-9581-71038aac389e","has_more":true,"dry_run":false}
batch=368 {"success":true,"platform":"tiktok","merchant_id":"ffe8519e-49a2-467b-a0ec-57d28ba8be49","shop_id":"7495127669839399750","processed":20,"updated":20,"errors":0,"api_error":null,"upsert_errors":[],"next_after_id":"46435e8c-2f3e-493a-821c-93463f261a13","has_more":true,"dry_run":false}
batch=369 {"success":true,"platform":"tiktok","merchant_id":"ffe8519e-49a2-467b-a0ec-57d28ba8be49","shop_id":"7495127669839399750","processed":20,"updated":20,"errors":0,"api_error":null,"upsert_errors":[],"next_after_id":"46652ac6-60c5-4e9c-ae3a-a89b02c38e0c","has_more":true,"dry_run":false}
batch=370 {"success":true,"platform":"tiktok","merchant_id":"ffe8519e-49a2-467b-a0ec-57d28ba8be49","shop_id":"7495127669839399750","processed":20,"updated":20,"errors":0,"api_error":null,"upsert_errors":[],"next_after_id":"46a184f6-3b14-4337-9006-a88e5f8108ee","has_more":true,"dry_run":false}
batch=371 {"success":true,"platform":"tiktok","merchant_id":"ffe8519e-49a2-467b-a0ec-57d28ba8be49","shop_id":"7495127669839399750","processed":20,"updated":20,"errors":0,"api_error":null,"upsert_errors":[],"next_after_id":"46e2eefa-3c7d-4561-9734-ec135c9936a2","has_more":true,"dry_run":false}
batch=372 {"success":true,"platform":"tiktok","merchant_id":"ffe8519e-49a2-467b-a0ec-57d28ba8be49","shop_id":"7495127669839399750","processed":20,"updated":20,"errors":0,"api_error":null,"upsert_errors":[],"next_after_id":"47080699-4649-4711-b390-654bbd5a8d92","has_more":true,"dry_run":false}
batch=373 {"success":true,"platform":"tiktok","merchant_id":"ffe8519e-49a2-467b-a0ec-57d28ba8be49","shop_id":"7495127669839399750","processed":20,"updated":20,"errors":0,"api_error":null,"upsert_errors":[],"next_after_id":"47399f17-9b03-4770-9083-931f2bb6c02f","has_more":true,"dry_run":false}
batch=374 {"success":true,"platform":"tiktok","merchant_id":"ffe8519e-49a2-467b-a0ec-57d28ba8be49","shop_id":"7495127669839399750","processed":20,"updated":20,"errors":0,"api_error":null,"upsert_errors":[],"next_after_id":"476cbed0-a7f5-4ca8-8273-340d419c61ca","has_more":true,"dry_run":false}
batch=375 {"success":true,"platform":"tiktok","merchant_id":"ffe8519e-49a2-467b-a0ec-57d28ba8be49","shop_id":"7495127669839399750","processed":20,"updated":20,"errors":0,"api_error":null,"upsert_errors":[],"next_after_id":"47904860-d468-4f01-b30b-b08921d0a8b2","has_more":true,"dry_run":false}
batch=376 {"success":true,"platform":"tiktok","merchant_id":"ffe8519e-49a2-467b-a0ec-57d28ba8be49","shop_id":"7495127669839399750","processed":20,"updated":20,"errors":0,"api_error":null,"upsert_errors":[],"next_after_id":"47b43719-ff2e-42c9-a366-5e07b3f7ea15","has_more":true,"dry_run":false}
batch=377 {"success":true,"platform":"tiktok","merchant_id":"ffe8519e-49a2-467b-a0ec-57d28ba8be49","shop_id":"7495127669839399750","processed":20,"updated":20,"errors":0,"api_error":null,"upsert_errors":[],"next_after_id":"47d4b95a-0c7a-406b-b9f6-6b2c894c4b4e","has_more":true,"dry_run":false}
batch=378 {"success":true,"platform":"tiktok","merchant_id":"ffe8519e-49a2-467b-a0ec-57d28ba8be49","shop_id":"7495127669839399750","processed":20,"updated":20,"errors":0,"api_error":null,"upsert_errors":[],"next_after_id":"47fcf21e-e24d-47ee-b42f-52c229401796","has_more":true,"dry_run":false}
batch=379 {"success":true,"platform":"tiktok","merchant_id":"ffe8519e-49a2-467b-a0ec-57d28ba8be49","shop_id":"7495127669839399750","processed":20,"updated":20,"errors":0,"api_error":null,"upsert_errors":[],"next_after_id":"482d5715-a2ea-4629-b06b-9500d93abac1","has_more":true,"dry_run":false}
batch=380 {"success":true,"platform":"tiktok","merchant_id":"ffe8519e-49a2-467b-a0ec-57d28ba8be49","shop_id":"7495127669839399750","processed":20,"updated":20,"errors":0,"api_error":null,"upsert_errors":[],"next_after_id":"484a1f68-4800-4be2-be6c-dc12dc0ce349","has_more":true,"dry_run":false}
batch=381 {"success":true,"platform":"tiktok","merchant_id":"ffe8519e-49a2-467b-a0ec-57d28ba8be49","shop_id":"7495127669839399750","processed":20,"updated":20,"errors":0,"api_error":null,"upsert_errors":[],"next_after_id":"487f11fd-6d45-4b3d-88e0-71ccf0a47a0a","has_more":true,"dry_run":false}
batch=382 {"success":true,"platform":"tiktok","merchant_id":"ffe8519e-49a2-467b-a0ec-57d28ba8be49","shop_id":"7495127669839399750","processed":20,"updated":20,"errors":0,"api_error":null,"upsert_errors":[],"next_after_id":"48a0d2c9-c062-4dea-8b6a-c1c4a9a097d9","has_more":true,"dry_run":false}
batch=383 {"success":true,"platform":"tiktok","merchant_id":"ffe8519e-49a2-467b-a0ec-57d28ba8be49","shop_id":"7495127669839399750","processed":20,"updated":20,"errors":0,"api_error":null,"upsert_errors":[],"next_after_id":"48d83b32-ad6e-470c-a620-4da8b782f90d","has_more":true,"dry_run":false}
batch=384 {"success":true,"platform":"tiktok","merchant_id":"ffe8519e-49a2-467b-a0ec-57d28ba8be49","shop_id":"7495127669839399750","processed":20,"updated":20,"errors":0,"api_error":null,"upsert_errors":[],"next_after_id":"490001f1-5dfc-48b7-a2cb-d75ae4d2ba6d","has_more":true,"dry_run":false}
batch=385 {"success":true,"platform":"tiktok","merchant_id":"ffe8519e-49a2-467b-a0ec-57d28ba8be49","shop_id":"7495127669839399750","processed":20,"updated":20,"errors":0,"api_error":null,"upsert_errors":[],"next_after_id":"4926fa2e-c6d8-4364-b1e8-8fc4b81f459b","has_more":true,"dry_run":false}
batch=386 {"success":true,"platform":"tiktok","merchant_id":"ffe8519e-49a2-467b-a0ec-57d28ba8be49","shop_id":"7495127669839399750","processed":20,"updated":20,"errors":0,"api_error":null,"upsert_errors":[],"next_after_id":"494bdcfc-1b70-4203-91f4-006dfc905098","has_more":true,"dry_run":false}
batch=387 {"success":true,"platform":"tiktok","merchant_id":"ffe8519e-49a2-467b-a0ec-57d28ba8be49","shop_id":"7495127669839399750","processed":20,"updated":20,"errors":0,"api_error":null,"upsert_errors":[],"next_after_id":"4977d7de-1508-4800-80ea-54d73d9ba0b9","has_more":true,"dry_run":false}
batch=388 {"success":true,"platform":"tiktok","merchant_id":"ffe8519e-49a2-467b-a0ec-57d28ba8be49","shop_id":"7495127669839399750","processed":20,"updated":20,"errors":0,"api_error":null,"upsert_errors":[],"next_after_id":"49a29126-3af8-4801-95ca-f78e3d343354","has_more":true,"dry_run":false}
batch=389 {"success":true,"platform":"tiktok","merchant_id":"ffe8519e-49a2-467b-a0ec-57d28ba8be49","shop_id":"7495127669839399750","processed":20,"updated":20,"errors":0,"api_error":null,"upsert_errors":[],"next_after_id":"49d5cf1d-583d-4443-b5f5-a767f22a4ca1","has_more":true,"dry_run":false}
batch=390 {"success":true,"platform":"tiktok","merchant_id":"ffe8519e-49a2-467b-a0ec-57d28ba8be49","shop_id":"7495127669839399750","processed":20,"updated":20,"errors":0,"api_error":null,"upsert_errors":[],"next_after_id":"49f57213-525f-4f30-951a-a773bb5e864f","has_more":true,"dry_run":false}
batch=391 {"success":true,"platform":"tiktok","merchant_id":"ffe8519e-49a2-467b-a0ec-57d28ba8be49","shop_id":"7495127669839399750","processed":20,"updated":20,"errors":0,"api_error":null,"upsert_errors":[],"next_after_id":"4a2d323b-0cc6-49ea-b5a0-f850d06895db","has_more":true,"dry_run":false}
batch=392 {"success":true,"platform":"tiktok","merchant_id":"ffe8519e-49a2-467b-a0ec-57d28ba8be49","shop_id":"7495127669839399750","processed":20,"updated":20,"errors":0,"api_error":null,"upsert_errors":[],"next_after_id":"4a5cbf0d-034f-4e02-9ab5-2b4c484b4784","has_more":true,"dry_run":false}
batch=393 {"success":true,"platform":"tiktok","merchant_id":"ffe8519e-49a2-467b-a0ec-57d28ba8be49","shop_id":"7495127669839399750","processed":20,"updated":20,"errors":0,"api_error":null,"upsert_errors":[],"next_after_id":"4a882140-4043-4297-ba4c-705c13cf5410","has_more":true,"dry_run":false}
batch=394 {"success":true,"platform":"tiktok","merchant_id":"ffe8519e-49a2-467b-a0ec-57d28ba8be49","shop_id":"7495127669839399750","processed":20,"updated":20,"errors":0,"api_error":null,"upsert_errors":[],"next_after_id":"4aa7601f-ca76-44c7-bf07-dd5771ab08b0","has_more":true,"dry_run":false}
batch=395 {"success":true,"platform":"tiktok","merchant_id":"ffe8519e-49a2-467b-a0ec-57d28ba8be49","shop_id":"7495127669839399750","processed":20,"updated":20,"errors":0,"api_error":null,"upsert_errors":[],"next_after_id":"4ac85036-d6a6-448f-94fd-8c426628d93c","has_more":true,"dry_run":false}
batch=396 {"success":true,"platform":"tiktok","merchant_id":"ffe8519e-49a2-467b-a0ec-57d28ba8be49","shop_id":"7495127669839399750","processed":20,"updated":20,"errors":0,"api_error":null,"upsert_errors":[],"next_after_id":"4aec7021-6ea9-41e8-9915-c154e1810d24","has_more":true,"dry_run":false}
batch=397 {"success":true,"platform":"tiktok","merchant_id":"ffe8519e-49a2-467b-a0ec-57d28ba8be49","shop_id":"7495127669839399750","processed":20,"updated":20,"errors":0,"api_error":null,"upsert_errors":[],"next_after_id":"4b09412b-6962-43ba-b6b7-4261c640eb51","has_more":true,"dry_run":false}
batch=398 {"success":true,"platform":"tiktok","merchant_id":"ffe8519e-49a2-467b-a0ec-57d28ba8be49","shop_id":"7495127669839399750","processed":20,"updated":20,"errors":0,"api_error":null,"upsert_errors":[],"next_after_id":"4b347544-a7a3-42ac-8ce2-00d6f0771ab6","has_more":true,"dry_run":false}
batch=399 {"success":true,"platform":"tiktok","merchant_id":"ffe8519e-49a2-467b-a0ec-57d28ba8be49","shop_id":"7495127669839399750","processed":20,"updated":20,"errors":0,"api_error":null,"upsert_errors":[],"next_after_id":"4b6bd270-31c3-4f74-9da5-7767ac6d27d3","has_more":true,"dry_run":false}
batch=400 {"success":true,"platform":"tiktok","merchant_id":"ffe8519e-49a2-467b-a0ec-57d28ba8be49","shop_id":"7495127669839399750","processed":20,"updated":20,"errors":0,"api_error":null,"upsert_errors":[],"next_after_id":"4b985df1-b997-4046-85da-1fa1f3557417","has_more":true,"dry_run":false}
batch=401 {"success":true,"platform":"tiktok","merchant_id":"ffe8519e-49a2-467b-a0ec-57d28ba8be49","shop_id":"7495127669839399750","processed":20,"updated":20,"errors":0,"api_error":null,"upsert_errors":[],"next_after_id":"4bc44cbc-e36b-4322-9e52-96e8b0726df5","has_more":true,"dry_run":false}
batch=402 {"success":true,"platform":"tiktok","merchant_id":"ffe8519e-49a2-467b-a0ec-57d28ba8be49","shop_id":"7495127669839399750","processed":20,"updated":20,"errors":0,"api_error":null,"upsert_errors":[],"next_after_id":"4bdfbdf5-c936-49fd-a106-bb94a461ba76","has_more":true,"dry_run":false}
batch=403 {"success":true,"platform":"tiktok","merchant_id":"ffe8519e-49a2-467b-a0ec-57d28ba8be49","shop_id":"7495127669839399750","processed":20,"updated":20,"errors":0,"api_error":null,"upsert_errors":[],"next_after_id":"4c14c1af-2364-4446-bed7-5c1b2f47ee8b","has_more":true,"dry_run":false}
batch=404 {"success":true,"platform":"tiktok","merchant_id":"ffe8519e-49a2-467b-a0ec-57d28ba8be49","shop_id":"7495127669839399750","processed":20,"updated":20,"errors":0,"api_error":null,"upsert_errors":[],"next_after_id":"4c34cc14-0761-4e37-90a3-22c93f4414ca","has_more":true,"dry_run":false}
batch=405 {"success":true,"platform":"tiktok","merchant_id":"ffe8519e-49a2-467b-a0ec-57d28ba8be49","shop_id":"7495127669839399750","processed":20,"updated":20,"errors":0,"api_error":null,"upsert_errors":[],"next_after_id":"4c689775-db40-4741-b074-a08b6d0f9e54","has_more":true,"dry_run":false}
batch=406 {"success":true,"platform":"tiktok","merchant_id":"ffe8519e-49a2-467b-a0ec-57d28ba8be49","shop_id":"7495127669839399750","processed":20,"updated":20,"errors":0,"api_error":null,"upsert_errors":[],"next_after_id":"4c9d2f89-1448-451c-a33a-c54c0608e055","has_more":true,"dry_run":false}
batch=407 {"success":true,"platform":"tiktok","merchant_id":"ffe8519e-49a2-467b-a0ec-57d28ba8be49","shop_id":"7495127669839399750","processed":20,"updated":20,"errors":0,"api_error":null,"upsert_errors":[],"next_after_id":"4cc151b2-6c29-493d-ac7d-f56d9b4c03cb","has_more":true,"dry_run":false}
batch=408 {"success":true,"platform":"tiktok","merchant_id":"ffe8519e-49a2-467b-a0ec-57d28ba8be49","shop_id":"7495127669839399750","processed":20,"updated":20,"errors":0,"api_error":null,"upsert_errors":[],"next_after_id":"4ce9007f-6bc0-41aa-9fec-bc474ba28274","has_more":true,"dry_run":false}
batch=409 {"success":true,"platform":"tiktok","merchant_id":"ffe8519e-49a2-467b-a0ec-57d28ba8be49","shop_id":"7495127669839399750","processed":20,"updated":20,"errors":0,"api_error":null,"upsert_errors":[],"next_after_id":"4d11bee2-79c8-49fa-b1f6-6e859d3b8b42","has_more":true,"dry_run":false}
batch=410 {"success":true,"platform":"tiktok","merchant_id":"ffe8519e-49a2-467b-a0ec-57d28ba8be49","shop_id":"7495127669839399750","processed":20,"updated":20,"errors":0,"api_error":null,"upsert_errors":[],"next_after_id":"4d301262-ec67-4e56-8782-4ff07172a659","has_more":true,"dry_run":false}
batch=411 {"success":true,"platform":"tiktok","merchant_id":"ffe8519e-49a2-467b-a0ec-57d28ba8be49","shop_id":"7495127669839399750","processed":20,"updated":20,"errors":0,"api_error":null,"upsert_errors":[],"next_after_id":"4d503416-f448-4268-a2c0-da54c62848e8","has_more":true,"dry_run":false}
batch=412 {"success":true,"platform":"tiktok","merchant_id":"ffe8519e-49a2-467b-a0ec-57d28ba8be49","shop_id":"7495127669839399750","processed":20,"updated":20,"errors":0,"api_error":null,"upsert_errors":[],"next_after_id":"4d6e6f59-db6f-4bdc-94ad-b69bbe4bca52","has_more":true,"dry_run":false}
batch=413 {"success":true,"platform":"tiktok","merchant_id":"ffe8519e-49a2-467b-a0ec-57d28ba8be49","shop_id":"7495127669839399750","processed":20,"updated":20,"errors":0,"api_error":null,"upsert_errors":[],"next_after_id":"4db1fd97-ad85-4f80-ae84-5f8263967369","has_more":true,"dry_run":false}
batch=414 {"success":true,"platform":"tiktok","merchant_id":"ffe8519e-49a2-467b-a0ec-57d28ba8be49","shop_id":"7495127669839399750","processed":20,"updated":20,"errors":0,"api_error":null,"upsert_errors":[],"next_after_id":"4de2400b-1f08-403a-8832-a5694e17555d","has_more":true,"dry_run":false}
batch=415 {"success":true,"platform":"tiktok","merchant_id":"ffe8519e-49a2-467b-a0ec-57d28ba8be49","shop_id":"7495127669839399750","processed":20,"updated":20,"errors":0,"api_error":null,"upsert_errors":[],"next_after_id":"4e10ce74-d140-42ba-81e2-2c4dc9596e08","has_more":true,"dry_run":false}
batch=416 {"success":true,"platform":"tiktok","merchant_id":"ffe8519e-49a2-467b-a0ec-57d28ba8be49","shop_id":"7495127669839399750","processed":20,"updated":20,"errors":0,"api_error":null,"upsert_errors":[],"next_after_id":"4e3ba9fc-973c-48f2-8108-ad7fa20e0554","has_more":true,"dry_run":false}
batch=417 {"success":true,"platform":"tiktok","merchant_id":"ffe8519e-49a2-467b-a0ec-57d28ba8be49","shop_id":"7495127669839399750","processed":20,"updated":20,"errors":0,"api_error":null,"upsert_errors":[],"next_after_id":"4e6acce3-55dd-49fe-a5f4-ca5119293c46","has_more":true,"dry_run":false}
batch=418 {"success":true,"platform":"tiktok","merchant_id":"ffe8519e-49a2-467b-a0ec-57d28ba8be49","shop_id":"7495127669839399750","processed":20,"updated":20,"errors":0,"api_error":null,"upsert_errors":[],"next_after_id":"4e89a2aa-b7d5-4d00-bd3d-36c6f60d143c","has_more":true,"dry_run":false}
batch=419 {"success":true,"platform":"tiktok","merchant_id":"ffe8519e-49a2-467b-a0ec-57d28ba8be49","shop_id":"7495127669839399750","processed":20,"updated":20,"errors":0,"api_error":null,"upsert_errors":[],"next_after_id":"4eb16779-e7bd-41c0-9fd3-650f75186020","has_more":true,"dry_run":false}
batch=420 {"success":true,"platform":"tiktok","merchant_id":"ffe8519e-49a2-467b-a0ec-57d28ba8be49","shop_id":"7495127669839399750","processed":20,"updated":20,"errors":0,"api_error":null,"upsert_errors":[],"next_after_id":"4ed76a96-b293-4b7a-8b6e-f157d5772e9f","has_more":true,"dry_run":false}
batch=421 {"success":true,"platform":"tiktok","merchant_id":"ffe8519e-49a2-467b-a0ec-57d28ba8be49","shop_id":"7495127669839399750","processed":20,"updated":20,"errors":0,"api_error":null,"upsert_errors":[],"next_after_id":"4f02001d-245f-45de-99d2-8c44c96462da","has_more":true,"dry_run":false}
batch=422 {"success":true,"platform":"tiktok","merchant_id":"ffe8519e-49a2-467b-a0ec-57d28ba8be49","shop_id":"7495127669839399750","processed":20,"updated":20,"errors":0,"api_error":null,"upsert_errors":[],"next_after_id":"4f2e0ffe-1fdb-4002-a23a-dc5fbb3fb717","has_more":true,"dry_run":false}
batch=423 {"success":true,"platform":"tiktok","merchant_id":"ffe8519e-49a2-467b-a0ec-57d28ba8be49","shop_id":"7495127669839399750","processed":20,"updated":20,"errors":0,"api_error":null,"upsert_errors":[],"next_after_id":"4f57f9de-0790-4b5f-8e41-08849e1b7ee1","has_more":true,"dry_run":false}
batch=424 {"success":true,"platform":"tiktok","merchant_id":"ffe8519e-49a2-467b-a0ec-57d28ba8be49","shop_id":"7495127669839399750","processed":20,"updated":20,"errors":0,"api_error":null,"upsert_errors":[],"next_after_id":"4f852ac3-5653-42fe-9452-19b0af6e2d09","has_more":true,"dry_run":false}
batch=425 {"success":true,"platform":"tiktok","merchant_id":"ffe8519e-49a2-467b-a0ec-57d28ba8be49","shop_id":"7495127669839399750","processed":20,"updated":20,"errors":0,"api_error":null,"upsert_errors":[],"next_after_id":"4fad6da3-d23c-4523-8345-ff8374787631","has_more":true,"dry_run":false}
batch=426 {"success":true,"platform":"tiktok","merchant_id":"ffe8519e-49a2-467b-a0ec-57d28ba8be49","shop_id":"7495127669839399750","processed":20,"updated":20,"errors":0,"api_error":null,"upsert_errors":[],"next_after_id":"4fd87e82-dcb4-4bb6-9b31-b23b8a91ccb6","has_more":true,"dry_run":false}
batch=427 {"success":true,"platform":"tiktok","merchant_id":"ffe8519e-49a2-467b-a0ec-57d28ba8be49","shop_id":"7495127669839399750","processed":20,"updated":20,"errors":0,"api_error":null,"upsert_errors":[],"next_after_id":"4ffb0fbf-d39e-496a-bfa8-ee50e6a9ca1a","has_more":true,"dry_run":false}
batch=428 {"success":true,"platform":"tiktok","merchant_id":"ffe8519e-49a2-467b-a0ec-57d28ba8be49","shop_id":"7495127669839399750","processed":20,"updated":20,"errors":0,"api_error":null,"upsert_errors":[],"next_after_id":"50232809-aa0c-4e1b-be8c-84043bc210d8","has_more":true,"dry_run":false}
batch=429 {"success":true,"platform":"tiktok","merchant_id":"ffe8519e-49a2-467b-a0ec-57d28ba8be49","shop_id":"7495127669839399750","processed":20,"updated":20,"errors":0,"api_error":null,"upsert_errors":[],"next_after_id":"50500bb2-ca35-478a-bfcb-76c8c3b46eb8","has_more":true,"dry_run":false}
batch=430 {"success":true,"platform":"tiktok","merchant_id":"ffe8519e-49a2-467b-a0ec-57d28ba8be49","shop_id":"7495127669839399750","processed":20,"updated":20,"errors":0,"api_error":null,"upsert_errors":[],"next_after_id":"507bb594-8d45-40d5-86b4-35f7aa4af883","has_more":true,"dry_run":false}
batch=431 {"success":true,"platform":"tiktok","merchant_id":"ffe8519e-49a2-467b-a0ec-57d28ba8be49","shop_id":"7495127669839399750","processed":20,"updated":20,"errors":0,"api_error":null,"upsert_errors":[],"next_after_id":"5097d39c-454f-460e-b43c-5eee4a74dc16","has_more":true,"dry_run":false}
batch=432 {"success":true,"platform":"tiktok","merchant_id":"ffe8519e-49a2-467b-a0ec-57d28ba8be49","shop_id":"7495127669839399750","processed":20,"updated":20,"errors":0,"api_error":null,"upsert_errors":[],"next_after_id":"50be4612-531b-427d-a1f7-7b2e6881e145","has_more":true,"dry_run":false}
batch=433 {"success":true,"platform":"tiktok","merchant_id":"ffe8519e-49a2-467b-a0ec-57d28ba8be49","shop_id":"7495127669839399750","processed":20,"updated":20,"errors":0,"api_error":null,"upsert_errors":[],"next_after_id":"50e72aad-9433-4448-8b03-a664fa0a4cb7","has_more":true,"dry_run":false}
batch=434 {"success":true,"platform":"tiktok","merchant_id":"ffe8519e-49a2-467b-a0ec-57d28ba8be49","shop_id":"7495127669839399750","processed":20,"updated":20,"errors":0,"api_error":null,"upsert_errors":[],"next_after_id":"510d2f37-4e9f-4c14-a56b-421c4f4757bb","has_more":true,"dry_run":false}
batch=435 {"success":true,"platform":"tiktok","merchant_id":"ffe8519e-49a2-467b-a0ec-57d28ba8be49","shop_id":"7495127669839399750","processed":20,"updated":20,"errors":0,"api_error":null,"upsert_errors":[],"next_after_id":"51418990-3a91-4895-8e41-c4ee3ae48ec0","has_more":true,"dry_run":false}
batch=436 {"success":true,"platform":"tiktok","merchant_id":"ffe8519e-49a2-467b-a0ec-57d28ba8be49","shop_id":"7495127669839399750","processed":20,"updated":20,"errors":0,"api_error":null,"upsert_errors":[],"next_after_id":"5162778d-9c33-42da-9d81-11e4e0588e1e","has_more":true,"dry_run":false}
batch=437 {"success":true,"platform":"tiktok","merchant_id":"ffe8519e-49a2-467b-a0ec-57d28ba8be49","shop_id":"7495127669839399750","processed":20,"updated":20,"errors":0,"api_error":null,"upsert_errors":[],"next_after_id":"51877010-8d35-4ee2-8ca9-3cce295af4cb","has_more":true,"dry_run":false}
batch=438 {"success":true,"platform":"tiktok","merchant_id":"ffe8519e-49a2-467b-a0ec-57d28ba8be49","shop_id":"7495127669839399750","processed":20,"updated":20,"errors":0,"api_error":null,"upsert_errors":[],"next_after_id":"51ac9ae2-589f-4904-829a-dba7353abbb0","has_more":true,"dry_run":false}
batch=439 {"success":true,"platform":"tiktok","merchant_id":"ffe8519e-49a2-467b-a0ec-57d28ba8be49","shop_id":"7495127669839399750","processed":20,"updated":20,"errors":0,"api_error":null,"upsert_errors":[],"next_after_id":"51d82b52-090e-42d4-8387-a3f7b54bd290","has_more":true,"dry_run":false}
batch=440 {"success":true,"platform":"tiktok","merchant_id":"ffe8519e-49a2-467b-a0ec-57d28ba8be49","shop_id":"7495127669839399750","processed":20,"updated":20,"errors":0,"api_error":null,"upsert_errors":[],"next_after_id":"52015883-d734-4981-b29d-4d230b4a59f5","has_more":true,"dry_run":false}
batch=441 {"success":true,"platform":"tiktok","merchant_id":"ffe8519e-49a2-467b-a0ec-57d28ba8be49","shop_id":"7495127669839399750","processed":20,"updated":20,"errors":0,"api_error":null,"upsert_errors":[],"next_after_id":"523d34c6-f2dc-4617-a5e0-bd0cffb85d1c","has_more":true,"dry_run":false}
batch=442 {"success":true,"platform":"tiktok","merchant_id":"ffe8519e-49a2-467b-a0ec-57d28ba8be49","shop_id":"7495127669839399750","processed":20,"updated":20,"errors":0,"api_error":null,"upsert_errors":[],"next_after_id":"52588268-c60a-4ed3-8da1-a765566f85d7","has_more":true,"dry_run":false}
batch=443 {"success":true,"platform":"tiktok","merchant_id":"ffe8519e-49a2-467b-a0ec-57d28ba8be49","shop_id":"7495127669839399750","processed":20,"updated":20,"errors":0,"api_error":null,"upsert_errors":[],"next_after_id":"528b120d-181c-4ec2-a5f9-cde304415bbd","has_more":true,"dry_run":false}
batch=444 {"success":true,"platform":"tiktok","merchant_id":"ffe8519e-49a2-467b-a0ec-57d28ba8be49","shop_id":"7495127669839399750","processed":20,"updated":20,"errors":0,"api_error":null,"upsert_errors":[],"next_after_id":"52c2c80d-9c84-4807-b138-1e72fba01b8a","has_more":true,"dry_run":false}
batch=445 {"success":true,"platform":"tiktok","merchant_id":"ffe8519e-49a2-467b-a0ec-57d28ba8be49","shop_id":"7495127669839399750","processed":20,"updated":20,"errors":0,"api_error":null,"upsert_errors":[],"next_after_id":"52e21e96-5235-4c25-b832-ba8caa1be047","has_more":true,"dry_run":false}
batch=446 {"success":true,"platform":"tiktok","merchant_id":"ffe8519e-49a2-467b-a0ec-57d28ba8be49","shop_id":"7495127669839399750","processed":20,"updated":20,"errors":0,"api_error":null,"upsert_errors":[],"next_after_id":"53077477-fa33-48fd-b6d2-195fe36ea47c","has_more":true,"dry_run":false}
batch=447 {"success":true,"platform":"tiktok","merchant_id":"ffe8519e-49a2-467b-a0ec-57d28ba8be49","shop_id":"7495127669839399750","processed":20,"updated":20,"errors":0,"api_error":null,"upsert_errors":[],"next_after_id":"533c6b60-ce6a-4564-a9e8-7dccaa96a125","has_more":true,"dry_run":false}
batch=448 {"success":true,"platform":"tiktok","merchant_id":"ffe8519e-49a2-467b-a0ec-57d28ba8be49","shop_id":"7495127669839399750","processed":20,"updated":20,"errors":0,"api_error":null,"upsert_errors":[],"next_after_id":"536a6905-62ab-4d84-915a-6159c40ffe95","has_more":true,"dry_run":false}
batch=449 {"success":true,"platform":"tiktok","merchant_id":"ffe8519e-49a2-467b-a0ec-57d28ba8be49","shop_id":"7495127669839399750","processed":20,"updated":20,"errors":0,"api_error":null,"upsert_errors":[],"next_after_id":"53895877-f48d-4202-9f34-17d5a456a740","has_more":true,"dry_run":false}
batch=450 {"success":true,"platform":"tiktok","merchant_id":"ffe8519e-49a2-467b-a0ec-57d28ba8be49","shop_id":"7495127669839399750","processed":20,"updated":20,"errors":0,"api_error":null,"upsert_errors":[],"next_after_id":"53bdef80-ecf9-4f47-9646-0552d366da2c","has_more":true,"dry_run":false}
batch=451 {"success":true,"platform":"tiktok","merchant_id":"ffe8519e-49a2-467b-a0ec-57d28ba8be49","shop_id":"7495127669839399750","processed":20,"updated":20,"errors":0,"api_error":null,"upsert_errors":[],"next_after_id":"53dd228f-8868-4c49-a1ff-b98f390df570","has_more":true,"dry_run":false}
batch=452 {"success":true,"platform":"tiktok","merchant_id":"ffe8519e-49a2-467b-a0ec-57d28ba8be49","shop_id":"7495127669839399750","processed":20,"updated":20,"errors":0,"api_error":null,"upsert_errors":[],"next_after_id":"54164a63-3ae9-4379-8148-727489a66123","has_more":true,"dry_run":false}
batch=453 {"success":true,"platform":"tiktok","merchant_id":"ffe8519e-49a2-467b-a0ec-57d28ba8be49","shop_id":"7495127669839399750","processed":20,"updated":20,"errors":0,"api_error":null,"upsert_errors":[],"next_after_id":"5447d6fe-419b-4eb8-89c5-eddd67776e86","has_more":true,"dry_run":false}
batch=454 {"success":true,"platform":"tiktok","merchant_id":"ffe8519e-49a2-467b-a0ec-57d28ba8be49","shop_id":"7495127669839399750","processed":20,"updated":20,"errors":0,"api_error":null,"upsert_errors":[],"next_after_id":"54709f59-b304-4d00-93be-af8e32d0768d","has_more":true,"dry_run":false}
batch=455 {"success":true,"platform":"tiktok","merchant_id":"ffe8519e-49a2-467b-a0ec-57d28ba8be49","shop_id":"7495127669839399750","processed":20,"updated":20,"errors":0,"api_error":null,"upsert_errors":[],"next_after_id":"54ac168c-be38-446c-85e6-3db183b31835","has_more":true,"dry_run":false}
batch=456 {"success":true,"platform":"tiktok","merchant_id":"ffe8519e-49a2-467b-a0ec-57d28ba8be49","shop_id":"7495127669839399750","processed":20,"updated":20,"errors":0,"api_error":null,"upsert_errors":[],"next_after_id":"54e102bc-123e-4a7d-a9a8-70bdd9c66f77","has_more":true,"dry_run":false}
batch=457 {"success":true,"platform":"tiktok","merchant_id":"ffe8519e-49a2-467b-a0ec-57d28ba8be49","shop_id":"7495127669839399750","processed":20,"updated":20,"errors":0,"api_error":null,"upsert_errors":[],"next_after_id":"55080393-e4b4-4ffd-936a-5deb70927f63","has_more":true,"dry_run":false}
batch=458 {"success":true,"platform":"tiktok","merchant_id":"ffe8519e-49a2-467b-a0ec-57d28ba8be49","shop_id":"7495127669839399750","processed":20,"updated":20,"errors":0,"api_error":null,"upsert_errors":[],"next_after_id":"5525a635-1412-4db0-b080-87a6637d449b","has_more":true,"dry_run":false}
batch=459 {"success":true,"platform":"tiktok","merchant_id":"ffe8519e-49a2-467b-a0ec-57d28ba8be49","shop_id":"7495127669839399750","processed":20,"updated":20,"errors":0,"api_error":null,"upsert_errors":[],"next_after_id":"554ef079-7537-49eb-83b9-6e0accaf529c","has_more":true,"dry_run":false}
batch=460 {"success":true,"platform":"tiktok","merchant_id":"ffe8519e-49a2-467b-a0ec-57d28ba8be49","shop_id":"7495127669839399750","processed":20,"updated":20,"errors":0,"api_error":null,"upsert_errors":[],"next_after_id":"558f6760-2efd-483b-b0d1-db336028ec70","has_more":true,"dry_run":false}
batch=461 {"success":true,"platform":"tiktok","merchant_id":"ffe8519e-49a2-467b-a0ec-57d28ba8be49","shop_id":"7495127669839399750","processed":20,"updated":20,"errors":0,"api_error":null,"upsert_errors":[],"next_after_id":"55cc5dfe-9d2f-471a-8e57-323facab278a","has_more":true,"dry_run":false}
batch=462 {"success":true,"platform":"tiktok","merchant_id":"ffe8519e-49a2-467b-a0ec-57d28ba8be49","shop_id":"7495127669839399750","processed":20,"updated":20,"errors":0,"api_error":null,"upsert_errors":[],"next_after_id":"5606cd76-2520-470a-ad33-4d0f6e3af8de","has_more":true,"dry_run":false}
batch=463 {"success":true,"platform":"tiktok","merchant_id":"ffe8519e-49a2-467b-a0ec-57d28ba8be49","shop_id":"7495127669839399750","processed":20,"updated":20,"errors":0,"api_error":null,"upsert_errors":[],"next_after_id":"562ae8e8-7f51-4a06-86c3-3779a3f64c39","has_more":true,"dry_run":false}
batch=464 {"success":true,"platform":"tiktok","merchant_id":"ffe8519e-49a2-467b-a0ec-57d28ba8be49","shop_id":"7495127669839399750","processed":20,"updated":20,"errors":0,"api_error":null,"upsert_errors":[],"next_after_id":"5654d8b7-892b-4240-8a39-6eba4c8ddfa5","has_more":true,"dry_run":false}
batch=465 {"success":true,"platform":"tiktok","merchant_id":"ffe8519e-49a2-467b-a0ec-57d28ba8be49","shop_id":"7495127669839399750","processed":20,"updated":20,"errors":0,"api_error":null,"upsert_errors":[],"next_after_id":"568915fa-4b16-47ab-add2-c15e47345b12","has_more":true,"dry_run":false}
batch=466 {"success":true,"platform":"tiktok","merchant_id":"ffe8519e-49a2-467b-a0ec-57d28ba8be49","shop_id":"7495127669839399750","processed":20,"updated":20,"errors":0,"api_error":null,"upsert_errors":[],"next_after_id":"56b609a4-cb63-4244-bc4d-3ba8da362763","has_more":true,"dry_run":false}
batch=467 {"success":true,"platform":"tiktok","merchant_id":"ffe8519e-49a2-467b-a0ec-57d28ba8be49","shop_id":"7495127669839399750","processed":20,"updated":20,"errors":0,"api_error":null,"upsert_errors":[],"next_after_id":"56e8405f-144d-4989-82c9-fa8aaadb5fec","has_more":true,"dry_run":false}
batch=468 {"success":true,"platform":"tiktok","merchant_id":"ffe8519e-49a2-467b-a0ec-57d28ba8be49","shop_id":"7495127669839399750","processed":20,"updated":20,"errors":0,"api_error":null,"upsert_errors":[],"next_after_id":"57207da0-3606-484e-b92e-ebb49e71effc","has_more":true,"dry_run":false}
batch=469 {"success":true,"platform":"tiktok","merchant_id":"ffe8519e-49a2-467b-a0ec-57d28ba8be49","shop_id":"7495127669839399750","processed":20,"updated":20,"errors":0,"api_error":null,"upsert_errors":[],"next_after_id":"57454a3d-89c0-45d5-ae38-b761050b4496","has_more":true,"dry_run":false}
batch=470 {"success":true,"platform":"tiktok","merchant_id":"ffe8519e-49a2-467b-a0ec-57d28ba8be49","shop_id":"7495127669839399750","processed":20,"updated":20,"errors":0,"api_error":null,"upsert_errors":[],"next_after_id":"57864778-b0bc-424b-ac4f-289f26e767d4","has_more":true,"dry_run":false}
batch=471 {"success":true,"platform":"tiktok","merchant_id":"ffe8519e-49a2-467b-a0ec-57d28ba8be49","shop_id":"7495127669839399750","processed":20,"updated":20,"errors":0,"api_error":null,"upsert_errors":[],"next_after_id":"57ac4d3d-5c9b-423e-9e1e-d22153369920","has_more":true,"dry_run":false}
batch=472 {"success":true,"platform":"tiktok","merchant_id":"ffe8519e-49a2-467b-a0ec-57d28ba8be49","shop_id":"7495127669839399750","processed":20,"updated":20,"errors":0,"api_error":null,"upsert_errors":[],"next_after_id":"57cec406-22cb-45a1-9547-92455a62e27b","has_more":true,"dry_run":false}
batch=473 {"success":true,"platform":"tiktok","merchant_id":"ffe8519e-49a2-467b-a0ec-57d28ba8be49","shop_id":"7495127669839399750","processed":20,"updated":20,"errors":0,"api_error":null,"upsert_errors":[],"next_after_id":"580a9915-fecb-4934-892f-055f5e4fca78","has_more":true,"dry_run":false}
batch=474 {"success":true,"platform":"tiktok","merchant_id":"ffe8519e-49a2-467b-a0ec-57d28ba8be49","shop_id":"7495127669839399750","processed":20,"updated":20,"errors":0,"api_error":null,"upsert_errors":[],"next_after_id":"5847c695-11f6-442a-ab32-148317af4b72","has_more":true,"dry_run":false}
batch=475 {"success":true,"platform":"tiktok","merchant_id":"ffe8519e-49a2-467b-a0ec-57d28ba8be49","shop_id":"7495127669839399750","processed":20,"updated":20,"errors":0,"api_error":null,"upsert_errors":[],"next_after_id":"586f0e33-2376-4599-b017-96aaf053d4b7","has_more":true,"dry_run":false}
batch=476 {"success":true,"platform":"tiktok","merchant_id":"ffe8519e-49a2-467b-a0ec-57d28ba8be49","shop_id":"7495127669839399750","processed":20,"updated":20,"errors":0,"api_error":null,"upsert_errors":[],"next_after_id":"589f73ae-8f02-4334-920d-5cfc3335b449","has_more":true,"dry_run":false}
batch=477 {"success":true,"platform":"tiktok","merchant_id":"ffe8519e-49a2-467b-a0ec-57d28ba8be49","shop_id":"7495127669839399750","processed":20,"updated":20,"errors":0,"api_error":null,"upsert_errors":[],"next_after_id":"58cb4e20-d783-4a1f-ad58-b937fbfd7390","has_more":true,"dry_run":false}
batch=478 {"success":true,"platform":"tiktok","merchant_id":"ffe8519e-49a2-467b-a0ec-57d28ba8be49","shop_id":"7495127669839399750","processed":20,"updated":20,"errors":0,"api_error":null,"upsert_errors":[],"next_after_id":"58f2e44b-06f2-438c-b1d9-4f86b2e80133","has_more":true,"dry_run":false}
batch=479 {"success":true,"platform":"tiktok","merchant_id":"ffe8519e-49a2-467b-a0ec-57d28ba8be49","shop_id":"7495127669839399750","processed":20,"updated":20,"errors":0,"api_error":null,"upsert_errors":[],"next_after_id":"5919606b-c7c3-4701-b03f-fe94258affb7","has_more":true,"dry_run":false}
batch=480 {"success":true,"platform":"tiktok","merchant_id":"ffe8519e-49a2-467b-a0ec-57d28ba8be49","shop_id":"7495127669839399750","processed":20,"updated":20,"errors":0,"api_error":null,"upsert_errors":[],"next_after_id":"5944ff49-97f4-4b3c-b430-3f81b220c833","has_more":true,"dry_run":false}
batch=481 {"success":true,"platform":"tiktok","merchant_id":"ffe8519e-49a2-467b-a0ec-57d28ba8be49","shop_id":"7495127669839399750","processed":20,"updated":20,"errors":0,"api_error":null,"upsert_errors":[],"next_after_id":"5977319b-9864-4912-a418-73397577c5ec","has_more":true,"dry_run":false}
batch=482 {"success":true,"platform":"tiktok","merchant_id":"ffe8519e-49a2-467b-a0ec-57d28ba8be49","shop_id":"7495127669839399750","processed":20,"updated":20,"errors":0,"api_error":null,"upsert_errors":[],"next_after_id":"59a189d2-a9db-4d8e-843f-8f117734681c","has_more":true,"dry_run":false}
batch=483 {"success":true,"platform":"tiktok","merchant_id":"ffe8519e-49a2-467b-a0ec-57d28ba8be49","shop_id":"7495127669839399750","processed":20,"updated":20,"errors":0,"api_error":null,"upsert_errors":[],"next_after_id":"59cb1b2b-48e5-42ed-b048-f3e74f5a30dd","has_more":true,"dry_run":false}
batch=484 {"success":true,"platform":"tiktok","merchant_id":"ffe8519e-49a2-467b-a0ec-57d28ba8be49","shop_id":"7495127669839399750","processed":20,"updated":20,"errors":0,"api_error":null,"upsert_errors":[],"next_after_id":"59edb2ef-6a83-48e6-b7c5-cba04c1bfbd4","has_more":true,"dry_run":false}
batch=485 {"success":true,"platform":"tiktok","merchant_id":"ffe8519e-49a2-467b-a0ec-57d28ba8be49","shop_id":"7495127669839399750","processed":20,"updated":20,"errors":0,"api_error":null,"upsert_errors":[],"next_after_id":"5a0c2af0-ac02-4c6f-9ade-b666be1720aa","has_more":true,"dry_run":false}
batch=486 {"success":true,"platform":"tiktok","merchant_id":"ffe8519e-49a2-467b-a0ec-57d28ba8be49","shop_id":"7495127669839399750","processed":20,"updated":20,"errors":0,"api_error":null,"upsert_errors":[],"next_after_id":"5a32f600-4af9-446a-b882-ba5bba435b27","has_more":true,"dry_run":false}
batch=487 {"success":true,"platform":"tiktok","merchant_id":"ffe8519e-49a2-467b-a0ec-57d28ba8be49","shop_id":"7495127669839399750","processed":20,"updated":20,"errors":0,"api_error":null,"upsert_errors":[],"next_after_id":"5a77501f-f26c-4a54-937c-3935a85c7a0a","has_more":true,"dry_run":false}
batch=488 {"success":true,"platform":"tiktok","merchant_id":"ffe8519e-49a2-467b-a0ec-57d28ba8be49","shop_id":"7495127669839399750","processed":20,"updated":20,"errors":0,"api_error":null,"upsert_errors":[],"next_after_id":"5a952d21-4701-4206-9f5c-b8307b09e5f9","has_more":true,"dry_run":false}
batch=489 {"success":true,"platform":"tiktok","merchant_id":"ffe8519e-49a2-467b-a0ec-57d28ba8be49","shop_id":"7495127669839399750","processed":20,"updated":20,"errors":0,"api_error":null,"upsert_errors":[],"next_after_id":"5ac713c5-af8f-4bb8-8448-54dd5c061eee","has_more":true,"dry_run":false}
batch=490 {"success":true,"platform":"tiktok","merchant_id":"ffe8519e-49a2-467b-a0ec-57d28ba8be49","shop_id":"7495127669839399750","processed":20,"updated":20,"errors":0,"api_error":null,"upsert_errors":[],"next_after_id":"5af2d46b-7452-451d-ad17-9e613410ca01","has_more":true,"dry_run":false}
batch=491 {"success":true,"platform":"tiktok","merchant_id":"ffe8519e-49a2-467b-a0ec-57d28ba8be49","shop_id":"7495127669839399750","processed":20,"updated":20,"errors":0,"api_error":null,"upsert_errors":[],"next_after_id":"5b1620c6-7218-448f-8ada-be53861a8c82","has_more":true,"dry_run":false}
batch=492 {"success":true,"platform":"tiktok","merchant_id":"ffe8519e-49a2-467b-a0ec-57d28ba8be49","shop_id":"7495127669839399750","processed":20,"updated":20,"errors":0,"api_error":null,"upsert_errors":[],"next_after_id":"5b3ae049-bbcd-4b48-b615-e9255a7aeee4","has_more":true,"dry_run":false}
batch=493 {"success":true,"platform":"tiktok","merchant_id":"ffe8519e-49a2-467b-a0ec-57d28ba8be49","shop_id":"7495127669839399750","processed":20,"updated":20,"errors":0,"api_error":null,"upsert_errors":[],"next_after_id":"5b5bfc6b-7298-41f5-bfbb-ac224ba89004","has_more":true,"dry_run":false}
batch=494 {"success":true,"platform":"tiktok","merchant_id":"ffe8519e-49a2-467b-a0ec-57d28ba8be49","shop_id":"7495127669839399750","processed":20,"updated":20,"errors":0,"api_error":null,"upsert_errors":[],"next_after_id":"5b7d762d-18c8-4ebf-ba86-314b83b3a6e6","has_more":true,"dry_run":false}
batch=495 {"success":true,"platform":"tiktok","merchant_id":"ffe8519e-49a2-467b-a0ec-57d28ba8be49","shop_id":"7495127669839399750","processed":20,"updated":20,"errors":0,"api_error":null,"upsert_errors":[],"next_after_id":"5ba271eb-4e33-419e-936d-65b07d5585e5","has_more":true,"dry_run":false}
batch=496 {"success":true,"platform":"tiktok","merchant_id":"ffe8519e-49a2-467b-a0ec-57d28ba8be49","shop_id":"7495127669839399750","processed":20,"updated":20,"errors":0,"api_error":null,"upsert_errors":[],"next_after_id":"5bd1a9a1-c11f-4f70-aa1e-31072b865609","has_more":true,"dry_run":false}
batch=497 {"success":true,"platform":"tiktok","merchant_id":"ffe8519e-49a2-467b-a0ec-57d28ba8be49","shop_id":"7495127669839399750","processed":20,"updated":20,"errors":0,"api_error":null,"upsert_errors":[],"next_after_id":"5bf99452-f83e-48a5-bd74-9b34fdb48f51","has_more":true,"dry_run":false}
batch=498 {"success":true,"platform":"tiktok","merchant_id":"ffe8519e-49a2-467b-a0ec-57d28ba8be49","shop_id":"7495127669839399750","processed":20,"updated":20,"errors":0,"api_error":null,"upsert_errors":[],"next_after_id":"5c34b6cc-c6cb-4355-9ede-42736c6665d5","has_more":true,"dry_run":false}
batch=499 {"success":true,"platform":"tiktok","merchant_id":"ffe8519e-49a2-467b-a0ec-57d28ba8be49","shop_id":"7495127669839399750","processed":20,"updated":20,"errors":0,"api_error":null,"upsert_errors":[],"next_after_id":"5c556820-2351-4093-b99d-b3d6efa4fe28","has_more":true,"dry_run":false}
batch=500 {"success":true,"platform":"tiktok","merchant_id":"ffe8519e-49a2-467b-a0ec-57d28ba8be49","shop_id":"7495127669839399750","processed":20,"updated":20,"errors":0,"api_error":null,"upsert_errors":[],"next_after_id":"5c768216-59fb-4bc0-a8a3-965d6c734432","has_more":true,"dry_run":false}
batch=501 {"success":true,"platform":"tiktok","merchant_id":"ffe8519e-49a2-467b-a0ec-57d28ba8be49","shop_id":"7495127669839399750","processed":20,"updated":20,"errors":0,"api_error":null,"upsert_errors":[],"next_after_id":"5c981edb-5639-406a-b850-7a80fecf9d30","has_more":true,"dry_run":false}
batch=502 {"success":true,"platform":"tiktok","merchant_id":"ffe8519e-49a2-467b-a0ec-57d28ba8be49","shop_id":"7495127669839399750","processed":20,"updated":20,"errors":0,"api_error":null,"upsert_errors":[],"next_after_id":"5cc20761-6c27-4062-8943-9a1bc8618eba","has_more":true,"dry_run":false}
batch=503 {"success":true,"platform":"tiktok","merchant_id":"ffe8519e-49a2-467b-a0ec-57d28ba8be49","shop_id":"7495127669839399750","processed":20,"updated":20,"errors":0,"api_error":null,"upsert_errors":[],"next_after_id":"5ce25f83-5400-46d4-a6ce-bf21070da7ce","has_more":true,"dry_run":false}
batch=504 {"success":true,"platform":"tiktok","merchant_id":"ffe8519e-49a2-467b-a0ec-57d28ba8be49","shop_id":"7495127669839399750","processed":20,"updated":20,"errors":0,"api_error":null,"upsert_errors":[],"next_after_id":"5d13769d-023e-4095-ad46-464e7f864de7","has_more":true,"dry_run":false}
batch=505 {"success":true,"platform":"tiktok","merchant_id":"ffe8519e-49a2-467b-a0ec-57d28ba8be49","shop_id":"7495127669839399750","processed":20,"updated":20,"errors":0,"api_error":null,"upsert_errors":[],"next_after_id":"5d372a93-5ee6-4403-986a-004746ac0b88","has_more":true,"dry_run":false}
batch=506 {"success":true,"platform":"tiktok","merchant_id":"ffe8519e-49a2-467b-a0ec-57d28ba8be49","shop_id":"7495127669839399750","processed":20,"updated":20,"errors":0,"api_error":null,"upsert_errors":[],"next_after_id":"5d541f1a-c466-4935-a342-989bc499a6f1","has_more":true,"dry_run":false}
batch=507 {"success":true,"platform":"tiktok","merchant_id":"ffe8519e-49a2-467b-a0ec-57d28ba8be49","shop_id":"7495127669839399750","processed":20,"updated":20,"errors":0,"api_error":null,"upsert_errors":[],"next_after_id":"5d799874-b581-4b68-b5d0-9a96c8e10c3b","has_more":true,"dry_run":false}
batch=508 {"success":true,"platform":"tiktok","merchant_id":"ffe8519e-49a2-467b-a0ec-57d28ba8be49","shop_id":"7495127669839399750","processed":20,"updated":20,"errors":0,"api_error":null,"upsert_errors":[],"next_after_id":"5da9800b-6798-497e-83c8-e586e14e6832","has_more":true,"dry_run":false}
batch=509 {"success":true,"platform":"tiktok","merchant_id":"ffe8519e-49a2-467b-a0ec-57d28ba8be49","shop_id":"7495127669839399750","processed":20,"updated":20,"errors":0,"api_error":null,"upsert_errors":[],"next_after_id":"5dd2388d-f88f-49a2-a38f-20da6bcd1b43","has_more":true,"dry_run":false}
batch=510 {"success":true,"platform":"tiktok","merchant_id":"ffe8519e-49a2-467b-a0ec-57d28ba8be49","shop_id":"7495127669839399750","processed":20,"updated":20,"errors":0,"api_error":null,"upsert_errors":[],"next_after_id":"5e0ca63d-c47d-47f4-884c-bd1a6c15b148","has_more":true,"dry_run":false}
batch=511 {"success":true,"platform":"tiktok","merchant_id":"ffe8519e-49a2-467b-a0ec-57d28ba8be49","shop_id":"7495127669839399750","processed":20,"updated":20,"errors":0,"api_error":null,"upsert_errors":[],"next_after_id":"5e441219-b083-4608-b39c-9613290e6d44","has_more":true,"dry_run":false}
batch=512 {"success":true,"platform":"tiktok","merchant_id":"ffe8519e-49a2-467b-a0ec-57d28ba8be49","shop_id":"7495127669839399750","processed":20,"updated":20,"errors":0,"api_error":null,"upsert_errors":[],"next_after_id":"5e784d8c-482d-42bf-a4c7-1c4cb31a8f96","has_more":true,"dry_run":false}
batch=513 {"success":true,"platform":"tiktok","merchant_id":"ffe8519e-49a2-467b-a0ec-57d28ba8be49","shop_id":"7495127669839399750","processed":20,"updated":20,"errors":0,"api_error":null,"upsert_errors":[],"next_after_id":"5e91d847-5f06-4e1d-a01d-30fe9980fb7e","has_more":true,"dry_run":false}
batch=514 {"success":true,"platform":"tiktok","merchant_id":"ffe8519e-49a2-467b-a0ec-57d28ba8be49","shop_id":"7495127669839399750","processed":20,"updated":20,"errors":0,"api_error":null,"upsert_errors":[],"next_after_id":"5eb88ee2-397b-436f-9aaa-6d305f1a0553","has_more":true,"dry_run":false}
batch=515 {"success":true,"platform":"tiktok","merchant_id":"ffe8519e-49a2-467b-a0ec-57d28ba8be49","shop_id":"7495127669839399750","processed":20,"updated":20,"errors":0,"api_error":null,"upsert_errors":[],"next_after_id":"5eef56a3-3d77-4097-839e-a08023cbe52b","has_more":true,"dry_run":false}
batch=516 {"success":true,"platform":"tiktok","merchant_id":"ffe8519e-49a2-467b-a0ec-57d28ba8be49","shop_id":"7495127669839399750","processed":20,"updated":20,"errors":0,"api_error":null,"upsert_errors":[],"next_after_id":"5f2672f4-67fe-4cbd-9866-ddcbd94d707a","has_more":true,"dry_run":false}
batch=517 {"success":true,"platform":"tiktok","merchant_id":"ffe8519e-49a2-467b-a0ec-57d28ba8be49","shop_id":"7495127669839399750","processed":20,"updated":20,"errors":0,"api_error":null,"upsert_errors":[],"next_after_id":"5f5058b7-4f47-49a6-9444-a895c170214f","has_more":true,"dry_run":false}
batch=518 {"success":true,"platform":"tiktok","merchant_id":"ffe8519e-49a2-467b-a0ec-57d28ba8be49","shop_id":"7495127669839399750","processed":20,"updated":20,"errors":0,"api_error":null,"upsert_errors":[],"next_after_id":"5f7e5737-28ca-45a3-8b30-c9bedc393a0a","has_more":true,"dry_run":false}
batch=519 {"success":true,"platform":"tiktok","merchant_id":"ffe8519e-49a2-467b-a0ec-57d28ba8be49","shop_id":"7495127669839399750","processed":20,"updated":20,"errors":0,"api_error":null,"upsert_errors":[],"next_after_id":"5fa91e27-8d56-4943-a40c-9efb46b7416f","has_more":true,"dry_run":false}
batch=520 {"success":true,"platform":"tiktok","merchant_id":"ffe8519e-49a2-467b-a0ec-57d28ba8be49","shop_id":"7495127669839399750","processed":20,"updated":20,"errors":0,"api_error":null,"upsert_errors":[],"next_after_id":"5fd0eac3-461a-4f37-9830-b8e16b44513c","has_more":true,"dry_run":false}
batch=521 {"success":true,"platform":"tiktok","merchant_id":"ffe8519e-49a2-467b-a0ec-57d28ba8be49","shop_id":"7495127669839399750","processed":20,"updated":20,"errors":0,"api_error":null,"upsert_errors":[],"next_after_id":"600d5bf0-7782-43d5-a84f-ee8373c56f90","has_more":true,"dry_run":false}
batch=522 {"success":true,"platform":"tiktok","merchant_id":"ffe8519e-49a2-467b-a0ec-57d28ba8be49","shop_id":"7495127669839399750","processed":20,"updated":20,"errors":0,"api_error":null,"upsert_errors":[],"next_after_id":"603be1d5-1418-4c5b-bd72-bc09bb94c1ff","has_more":true,"dry_run":false}
batch=523 {"success":true,"platform":"tiktok","merchant_id":"ffe8519e-49a2-467b-a0ec-57d28ba8be49","shop_id":"7495127669839399750","processed":20,"updated":20,"errors":0,"api_error":null,"upsert_errors":[],"next_after_id":"606a3dfa-90e7-4f6c-bb17-009889b3d530","has_more":true,"dry_run":false}
batch=524 {"success":true,"platform":"tiktok","merchant_id":"ffe8519e-49a2-467b-a0ec-57d28ba8be49","shop_id":"7495127669839399750","processed":20,"updated":20,"errors":0,"api_error":null,"upsert_errors":[],"next_after_id":"608c0427-e620-499c-bc61-7ffa7f814c1a","has_more":true,"dry_run":false}
batch=525 {"success":true,"platform":"tiktok","merchant_id":"ffe8519e-49a2-467b-a0ec-57d28ba8be49","shop_id":"7495127669839399750","processed":20,"updated":20,"errors":0,"api_error":null,"upsert_errors":[],"next_after_id":"60be2904-e800-4fec-9b05-e754008c9ed5","has_more":true,"dry_run":false}
batch=526 {"success":true,"platform":"tiktok","merchant_id":"ffe8519e-49a2-467b-a0ec-57d28ba8be49","shop_id":"7495127669839399750","processed":20,"updated":20,"errors":0,"api_error":null,"upsert_errors":[],"next_after_id":"60dd0313-749c-47f0-894b-f45468b7be04","has_more":true,"dry_run":false}
batch=527 {"success":true,"platform":"tiktok","merchant_id":"ffe8519e-49a2-467b-a0ec-57d28ba8be49","shop_id":"7495127669839399750","processed":20,"updated":20,"errors":0,"api_error":null,"upsert_errors":[],"next_after_id":"6108f0f7-7163-4834-81fb-03fc16e2da9d","has_more":true,"dry_run":false}
batch=528 {"success":true,"platform":"tiktok","merchant_id":"ffe8519e-49a2-467b-a0ec-57d28ba8be49","shop_id":"7495127669839399750","processed":20,"updated":20,"errors":0,"api_error":null,"upsert_errors":[],"next_after_id":"6144e818-eec5-4ed9-9afa-9d4108330dd8","has_more":true,"dry_run":false}
batch=529 {"success":true,"platform":"tiktok","merchant_id":"ffe8519e-49a2-467b-a0ec-57d28ba8be49","shop_id":"7495127669839399750","processed":20,"updated":20,"errors":0,"api_error":null,"upsert_errors":[],"next_after_id":"6167e394-4430-4a9d-baa9-aa71ba67526c","has_more":true,"dry_run":false}
batch=530 {"success":true,"platform":"tiktok","merchant_id":"ffe8519e-49a2-467b-a0ec-57d28ba8be49","shop_id":"7495127669839399750","processed":20,"updated":20,"errors":0,"api_error":null,"upsert_errors":[],"next_after_id":"61ab0663-c163-487f-9c2c-94ad1bebdcf1","has_more":true,"dry_run":false}
batch=531 {"success":true,"platform":"tiktok","merchant_id":"ffe8519e-49a2-467b-a0ec-57d28ba8be49","shop_id":"7495127669839399750","processed":20,"updated":20,"errors":0,"api_error":null,"upsert_errors":[],"next_after_id":"61d29574-2532-4a0e-9ccf-9a9716080c26","has_more":true,"dry_run":false}
batch=532 {"success":true,"platform":"tiktok","merchant_id":"ffe8519e-49a2-467b-a0ec-57d28ba8be49","shop_id":"7495127669839399750","processed":20,"updated":20,"errors":0,"api_error":null,"upsert_errors":[],"next_after_id":"61f723bd-f8c9-44ef-a662-aade9321e888","has_more":true,"dry_run":false}
batch=533 {"success":true,"platform":"tiktok","merchant_id":"ffe8519e-49a2-467b-a0ec-57d28ba8be49","shop_id":"7495127669839399750","processed":20,"updated":20,"errors":0,"api_error":null,"upsert_errors":[],"next_after_id":"622e3acc-f421-4b5f-9e04-c80d1c54f2ce","has_more":true,"dry_run":false}
batch=534 {"success":true,"platform":"tiktok","merchant_id":"ffe8519e-49a2-467b-a0ec-57d28ba8be49","shop_id":"7495127669839399750","processed":20,"updated":20,"errors":0,"api_error":null,"upsert_errors":[],"next_after_id":"62551fba-2235-4497-9b7a-672639f9d159","has_more":true,"dry_run":false}
batch=535 {"success":true,"platform":"tiktok","merchant_id":"ffe8519e-49a2-467b-a0ec-57d28ba8be49","shop_id":"7495127669839399750","processed":20,"updated":20,"errors":0,"api_error":null,"upsert_errors":[],"next_after_id":"62838e1a-ea24-40ac-af81-e99905aea732","has_more":true,"dry_run":false}
batch=536 {"success":true,"platform":"tiktok","merchant_id":"ffe8519e-49a2-467b-a0ec-57d28ba8be49","shop_id":"7495127669839399750","processed":20,"updated":20,"errors":0,"api_error":null,"upsert_errors":[],"next_after_id":"62be5dda-753e-432e-91da-c66da02dade7","has_more":true,"dry_run":false}
batch=537 {"success":true,"platform":"tiktok","merchant_id":"ffe8519e-49a2-467b-a0ec-57d28ba8be49","shop_id":"7495127669839399750","processed":20,"updated":20,"errors":0,"api_error":null,"upsert_errors":[],"next_after_id":"62edd029-2b4e-4a6c-80d1-1292989dc67a","has_more":true,"dry_run":false}
batch=538 {"success":true,"platform":"tiktok","merchant_id":"ffe8519e-49a2-467b-a0ec-57d28ba8be49","shop_id":"7495127669839399750","processed":20,"updated":20,"errors":0,"api_error":null,"upsert_errors":[],"next_after_id":"631a56a4-714d-416e-adee-9d4adbab8e7e","has_more":true,"dry_run":false}
batch=539 {"success":true,"platform":"tiktok","merchant_id":"ffe8519e-49a2-467b-a0ec-57d28ba8be49","shop_id":"7495127669839399750","processed":20,"updated":20,"errors":0,"api_error":null,"upsert_errors":[],"next_after_id":"634e2c9c-a960-4f98-83aa-6114664a2ba6","has_more":true,"dry_run":false}
batch=540 {"success":true,"platform":"tiktok","merchant_id":"ffe8519e-49a2-467b-a0ec-57d28ba8be49","shop_id":"7495127669839399750","processed":20,"updated":20,"errors":0,"api_error":null,"upsert_errors":[],"next_after_id":"636d6ed0-381d-4a51-9246-9c8e60bf6838","has_more":true,"dry_run":false}
batch=541 {"success":true,"platform":"tiktok","merchant_id":"ffe8519e-49a2-467b-a0ec-57d28ba8be49","shop_id":"7495127669839399750","processed":20,"updated":20,"errors":0,"api_error":null,"upsert_errors":[],"next_after_id":"639c1a47-a1c8-41d6-8a23-a846fc684d25","has_more":true,"dry_run":false}
batch=542 {"success":true,"platform":"tiktok","merchant_id":"ffe8519e-49a2-467b-a0ec-57d28ba8be49","shop_id":"7495127669839399750","processed":20,"updated":20,"errors":0,"api_error":null,"upsert_errors":[],"next_after_id":"63c7bd10-6a64-4c33-ba6b-61d7a7a5e6e7","has_more":true,"dry_run":false}
batch=543 {"success":true,"platform":"tiktok","merchant_id":"ffe8519e-49a2-467b-a0ec-57d28ba8be49","shop_id":"7495127669839399750","processed":20,"updated":20,"errors":0,"api_error":null,"upsert_errors":[],"next_after_id":"63fea614-0d4e-43a1-8210-04e44eeacfa0","has_more":true,"dry_run":false}
batch=544 {"success":true,"platform":"tiktok","merchant_id":"ffe8519e-49a2-467b-a0ec-57d28ba8be49","shop_id":"7495127669839399750","processed":20,"updated":20,"errors":0,"api_error":null,"upsert_errors":[],"next_after_id":"64351725-b26c-4cc6-a9a0-f1b8e8663e55","has_more":true,"dry_run":false}
batch=545 {"success":true,"platform":"tiktok","merchant_id":"ffe8519e-49a2-467b-a0ec-57d28ba8be49","shop_id":"7495127669839399750","processed":20,"updated":20,"errors":0,"api_error":null,"upsert_errors":[],"next_after_id":"64667885-918a-43f1-bfd3-8e662cee1f1e","has_more":true,"dry_run":false}
batch=546 {"success":true,"platform":"tiktok","merchant_id":"ffe8519e-49a2-467b-a0ec-57d28ba8be49","shop_id":"7495127669839399750","processed":20,"updated":20,"errors":0,"api_error":null,"upsert_errors":[],"next_after_id":"6492984c-56f3-4577-afd5-3efed3471da4","has_more":true,"dry_run":false}
batch=547 {"success":true,"platform":"tiktok","merchant_id":"ffe8519e-49a2-467b-a0ec-57d28ba8be49","shop_id":"7495127669839399750","processed":20,"updated":20,"errors":0,"api_error":null,"upsert_errors":[],"next_after_id":"64c1fade-df3b-45c2-b55b-8c7a234e25b1","has_more":true,"dry_run":false}
batch=548 {"success":true,"platform":"tiktok","merchant_id":"ffe8519e-49a2-467b-a0ec-57d28ba8be49","shop_id":"7495127669839399750","processed":20,"updated":20,"errors":0,"api_error":null,"upsert_errors":[],"next_after_id":"64e93383-b167-4195-88d0-770ebac7569e","has_more":true,"dry_run":false}
batch=549 {"success":true,"platform":"tiktok","merchant_id":"ffe8519e-49a2-467b-a0ec-57d28ba8be49","shop_id":"7495127669839399750","processed":20,"updated":20,"errors":0,"api_error":null,"upsert_errors":[],"next_after_id":"651cfac0-d62a-4a83-a8de-877aa877b862","has_more":true,"dry_run":false}
batch=550 {"success":true,"platform":"tiktok","merchant_id":"ffe8519e-49a2-467b-a0ec-57d28ba8be49","shop_id":"7495127669839399750","processed":20,"updated":20,"errors":0,"api_error":null,"upsert_errors":[],"next_after_id":"6546ac40-d4c8-4ea5-b777-53632198ad2f","has_more":true,"dry_run":false}
batch=551 {"success":true,"platform":"tiktok","merchant_id":"ffe8519e-49a2-467b-a0ec-57d28ba8be49","shop_id":"7495127669839399750","processed":20,"updated":20,"errors":0,"api_error":null,"upsert_errors":[],"next_after_id":"6573ec4a-0f12-453d-b6a8-4a45cb8c5334","has_more":true,"dry_run":false}
batch=552 {"success":true,"platform":"tiktok","merchant_id":"ffe8519e-49a2-467b-a0ec-57d28ba8be49","shop_id":"7495127669839399750","processed":20,"updated":20,"errors":0,"api_error":null,"upsert_errors":[],"next_after_id":"659a2ecb-477b-43b6-a20a-61a4cfe3862e","has_more":true,"dry_run":false}
batch=553 {"success":true,"platform":"tiktok","merchant_id":"ffe8519e-49a2-467b-a0ec-57d28ba8be49","shop_id":"7495127669839399750","processed":20,"updated":20,"errors":0,"api_error":null,"upsert_errors":[],"next_after_id":"65c81c71-d4a5-4d30-8743-747e2a21a2f0","has_more":true,"dry_run":false}
batch=554 {"success":true,"platform":"tiktok","merchant_id":"ffe8519e-49a2-467b-a0ec-57d28ba8be49","shop_id":"7495127669839399750","processed":20,"updated":20,"errors":0,"api_error":null,"upsert_errors":[],"next_after_id":"65f5dcd4-ee7c-4419-a89b-0a7a5c9a9135","has_more":true,"dry_run":false}
batch=555 {"success":true,"platform":"tiktok","merchant_id":"ffe8519e-49a2-467b-a0ec-57d28ba8be49","shop_id":"7495127669839399750","processed":20,"updated":20,"errors":0,"api_error":null,"upsert_errors":[],"next_after_id":"6627a0a1-2339-460a-bfa0-7e6650211534","has_more":true,"dry_run":false}
batch=556 {"success":true,"platform":"tiktok","merchant_id":"ffe8519e-49a2-467b-a0ec-57d28ba8be49","shop_id":"7495127669839399750","processed":20,"updated":20,"errors":0,"api_error":null,"upsert_errors":[],"next_after_id":"665a934b-d00e-4fb1-8e9f-069ca84d3aa6","has_more":true,"dry_run":false}
batch=557 {"success":true,"platform":"tiktok","merchant_id":"ffe8519e-49a2-467b-a0ec-57d28ba8be49","shop_id":"7495127669839399750","processed":20,"updated":20,"errors":0,"api_error":null,"upsert_errors":[],"next_after_id":"66802582-57f3-448c-be35-3f0a4404f941","has_more":true,"dry_run":false}
batch=558 {"success":true,"platform":"tiktok","merchant_id":"ffe8519e-49a2-467b-a0ec-57d28ba8be49","shop_id":"7495127669839399750","processed":20,"updated":20,"errors":0,"api_error":null,"upsert_errors":[],"next_after_id":"66a99c8c-b531-4510-b85d-fc009b233b20","has_more":true,"dry_run":false}
batch=559 {"success":true,"platform":"tiktok","merchant_id":"ffe8519e-49a2-467b-a0ec-57d28ba8be49","shop_id":"7495127669839399750","processed":20,"updated":20,"errors":0,"api_error":null,"upsert_errors":[],"next_after_id":"66cf6da9-52d6-47e4-a60e-2bbcc644508a","has_more":true,"dry_run":false}
batch=560 {"success":true,"platform":"tiktok","merchant_id":"ffe8519e-49a2-467b-a0ec-57d28ba8be49","shop_id":"7495127669839399750","processed":20,"updated":20,"errors":0,"api_error":null,"upsert_errors":[],"next_after_id":"66f98ef6-096a-4cbc-8b12-c557350f7c1c","has_more":true,"dry_run":false}
batch=561 {"success":true,"platform":"tiktok","merchant_id":"ffe8519e-49a2-467b-a0ec-57d28ba8be49","shop_id":"7495127669839399750","processed":20,"updated":20,"errors":0,"api_error":null,"upsert_errors":[],"next_after_id":"673786f5-197e-4838-afab-ec3c763e3255","has_more":true,"dry_run":false}
batch=562 {"success":true,"platform":"tiktok","merchant_id":"ffe8519e-49a2-467b-a0ec-57d28ba8be49","shop_id":"7495127669839399750","processed":20,"updated":20,"errors":0,"api_error":null,"upsert_errors":[],"next_after_id":"675d2482-4da8-42cb-808b-cdb06b5f5ce1","has_more":true,"dry_run":false}
batch=563 {"success":true,"platform":"tiktok","merchant_id":"ffe8519e-49a2-467b-a0ec-57d28ba8be49","shop_id":"7495127669839399750","processed":20,"updated":20,"errors":0,"api_error":null,"upsert_errors":[],"next_after_id":"67ab7b08-d480-433a-9c95-b5391856d0f1","has_more":true,"dry_run":false}
batch=564 {"success":true,"platform":"tiktok","merchant_id":"ffe8519e-49a2-467b-a0ec-57d28ba8be49","shop_id":"7495127669839399750","processed":20,"updated":20,"errors":0,"api_error":null,"upsert_errors":[],"next_after_id":"67f3f821-b9a1-47a5-9eff-17740ebeabfa","has_more":true,"dry_run":false}
batch=565 {"success":true,"platform":"tiktok","merchant_id":"ffe8519e-49a2-467b-a0ec-57d28ba8be49","shop_id":"7495127669839399750","processed":20,"updated":20,"errors":0,"api_error":null,"upsert_errors":[],"next_after_id":"682c86e1-5a71-4119-8468-f266a4e5081e","has_more":true,"dry_run":false}
batch=566 {"success":true,"platform":"tiktok","merchant_id":"ffe8519e-49a2-467b-a0ec-57d28ba8be49","shop_id":"7495127669839399750","processed":20,"updated":20,"errors":0,"api_error":null,"upsert_errors":[],"next_after_id":"68496b22-a858-4f55-9925-aed262ea5510","has_more":true,"dry_run":false}
batch=567 {"success":true,"platform":"tiktok","merchant_id":"ffe8519e-49a2-467b-a0ec-57d28ba8be49","shop_id":"7495127669839399750","processed":20,"updated":20,"errors":0,"api_error":null,"upsert_errors":[],"next_after_id":"68704037-f007-4219-a9b2-94e92c4b022e","has_more":true,"dry_run":false}
batch=568 {"success":true,"platform":"tiktok","merchant_id":"ffe8519e-49a2-467b-a0ec-57d28ba8be49","shop_id":"7495127669839399750","processed":20,"updated":20,"errors":0,"api_error":null,"upsert_errors":[],"next_after_id":"689a2c71-aca1-4561-b336-f7f50c805f46","has_more":true,"dry_run":false}
batch=569 {"success":true,"platform":"tiktok","merchant_id":"ffe8519e-49a2-467b-a0ec-57d28ba8be49","shop_id":"7495127669839399750","processed":20,"updated":20,"errors":0,"api_error":null,"upsert_errors":[],"next_after_id":"68c35863-728d-4e43-9862-ab5b2c0e3c34","has_more":true,"dry_run":false}
batch=570 {"success":true,"platform":"tiktok","merchant_id":"ffe8519e-49a2-467b-a0ec-57d28ba8be49","shop_id":"7495127669839399750","processed":20,"updated":20,"errors":0,"api_error":null,"upsert_errors":[],"next_after_id":"68f9ffb6-ec27-437e-b2c7-708e68e86826","has_more":true,"dry_run":false}
batch=571 {"success":true,"platform":"tiktok","merchant_id":"ffe8519e-49a2-467b-a0ec-57d28ba8be49","shop_id":"7495127669839399750","processed":20,"updated":20,"errors":0,"api_error":null,"upsert_errors":[],"next_after_id":"691b3b8f-ca47-4df2-8b60-a27a1a635ac7","has_more":true,"dry_run":false}
batch=572 {"success":true,"platform":"tiktok","merchant_id":"ffe8519e-49a2-467b-a0ec-57d28ba8be49","shop_id":"7495127669839399750","processed":20,"updated":20,"errors":0,"api_error":null,"upsert_errors":[],"next_after_id":"6946b741-5c2e-4314-ad3f-b399d5f21c42","has_more":true,"dry_run":false}
batch=573 {"success":true,"platform":"tiktok","merchant_id":"ffe8519e-49a2-467b-a0ec-57d28ba8be49","shop_id":"7495127669839399750","processed":20,"updated":20,"errors":0,"api_error":null,"upsert_errors":[],"next_after_id":"6962c16a-99d6-4cc8-a01c-5c9f1b1c7e8d","has_more":true,"dry_run":false}
batch=574 {"success":true,"platform":"tiktok","merchant_id":"ffe8519e-49a2-467b-a0ec-57d28ba8be49","shop_id":"7495127669839399750","processed":20,"updated":20,"errors":0,"api_error":null,"upsert_errors":[],"next_after_id":"6993ee68-4295-4639-a628-bee890f2baa9","has_more":true,"dry_run":false}
batch=575 {"success":true,"platform":"tiktok","merchant_id":"ffe8519e-49a2-467b-a0ec-57d28ba8be49","shop_id":"7495127669839399750","processed":20,"updated":20,"errors":0,"api_error":null,"upsert_errors":[],"next_after_id":"69b6174a-347b-403a-b455-416ef6a08aea","has_more":true,"dry_run":false}
batch=576 {"success":true,"platform":"tiktok","merchant_id":"ffe8519e-49a2-467b-a0ec-57d28ba8be49","shop_id":"7495127669839399750","processed":20,"updated":20,"errors":0,"api_error":null,"upsert_errors":[],"next_after_id":"69d688b1-fc45-47bb-8ad3-5212cc1fa51f","has_more":true,"dry_run":false}
batch=577 {"success":true,"platform":"tiktok","merchant_id":"ffe8519e-49a2-467b-a0ec-57d28ba8be49","shop_id":"7495127669839399750","processed":20,"updated":20,"errors":0,"api_error":null,"upsert_errors":[],"next_after_id":"69fa5981-cc64-4177-afaa-8ad98a1dd1a3","has_more":true,"dry_run":false}
batch=578 {"success":true,"platform":"tiktok","merchant_id":"ffe8519e-49a2-467b-a0ec-57d28ba8be49","shop_id":"7495127669839399750","processed":20,"updated":20,"errors":0,"api_error":null,"upsert_errors":[],"next_after_id":"6a2f81df-e12c-4997-8fdc-be727f77f228","has_more":true,"dry_run":false}
batch=579 {"success":true,"platform":"tiktok","merchant_id":"ffe8519e-49a2-467b-a0ec-57d28ba8be49","shop_id":"7495127669839399750","processed":20,"updated":20,"errors":0,"api_error":null,"upsert_errors":[],"next_after_id":"6a5d4b90-3f57-4345-819e-1929ae719f09","has_more":true,"dry_run":false}
batch=580 {"success":true,"platform":"tiktok","merchant_id":"ffe8519e-49a2-467b-a0ec-57d28ba8be49","shop_id":"7495127669839399750","processed":20,"updated":20,"errors":0,"api_error":null,"upsert_errors":[],"next_after_id":"6a832938-664b-47d2-ba61-a9310495e90a","has_more":true,"dry_run":false}
batch=581 {"success":true,"platform":"tiktok","merchant_id":"ffe8519e-49a2-467b-a0ec-57d28ba8be49","shop_id":"7495127669839399750","processed":20,"updated":20,"errors":0,"api_error":null,"upsert_errors":[],"next_after_id":"6aa98de0-0a32-4af2-b441-59461aee2e12","has_more":true,"dry_run":false}
batch=582 {"success":true,"platform":"tiktok","merchant_id":"ffe8519e-49a2-467b-a0ec-57d28ba8be49","shop_id":"7495127669839399750","processed":20,"updated":20,"errors":0,"api_error":null,"upsert_errors":[],"next_after_id":"6ae4049e-e6e2-4966-83e8-6a9134ae0731","has_more":true,"dry_run":false}
batch=583 {"success":true,"platform":"tiktok","merchant_id":"ffe8519e-49a2-467b-a0ec-57d28ba8be49","shop_id":"7495127669839399750","processed":20,"updated":20,"errors":0,"api_error":null,"upsert_errors":[],"next_after_id":"6b109f3f-54ed-47aa-801d-2038ce6cd666","has_more":true,"dry_run":false}
batch=584 {"success":true,"platform":"tiktok","merchant_id":"ffe8519e-49a2-467b-a0ec-57d28ba8be49","shop_id":"7495127669839399750","processed":20,"updated":20,"errors":0,"api_error":null,"upsert_errors":[],"next_after_id":"6b48d0b2-328e-4a89-8855-9ecbbcd57aac","has_more":true,"dry_run":false}
batch=585 {"success":true,"platform":"tiktok","merchant_id":"ffe8519e-49a2-467b-a0ec-57d28ba8be49","shop_id":"7495127669839399750","processed":20,"updated":20,"errors":0,"api_error":null,"upsert_errors":[],"next_after_id":"6b791f15-1d72-4862-83fb-37ca08f982f3","has_more":true,"dry_run":false}
batch=586 {"success":true,"platform":"tiktok","merchant_id":"ffe8519e-49a2-467b-a0ec-57d28ba8be49","shop_id":"7495127669839399750","processed":20,"updated":20,"errors":0,"api_error":null,"upsert_errors":[],"next_after_id":"6bb1c47c-73c8-45c4-b878-0de94bce3eee","has_more":true,"dry_run":false}
batch=587 {"success":true,"platform":"tiktok","merchant_id":"ffe8519e-49a2-467b-a0ec-57d28ba8be49","shop_id":"7495127669839399750","processed":20,"updated":20,"errors":0,"api_error":null,"upsert_errors":[],"next_after_id":"6be4c4a2-5e2b-4984-99bd-6439749b256e","has_more":true,"dry_run":false}
batch=588 {"success":true,"platform":"tiktok","merchant_id":"ffe8519e-49a2-467b-a0ec-57d28ba8be49","shop_id":"7495127669839399750","processed":20,"updated":20,"errors":0,"api_error":null,"upsert_errors":[],"next_after_id":"6c1214a8-1653-4bfc-961e-f80361ba8894","has_more":true,"dry_run":false}
batch=589 {"success":true,"platform":"tiktok","merchant_id":"ffe8519e-49a2-467b-a0ec-57d28ba8be49","shop_id":"7495127669839399750","processed":20,"updated":20,"errors":0,"api_error":null,"upsert_errors":[],"next_after_id":"6c4f26e5-0849-44fc-8efb-64434cbba843","has_more":true,"dry_run":false}
batch=590 {"success":true,"platform":"tiktok","merchant_id":"ffe8519e-49a2-467b-a0ec-57d28ba8be49","shop_id":"7495127669839399750","processed":20,"updated":20,"errors":0,"api_error":null,"upsert_errors":[],"next_after_id":"6c7f7ca0-7eec-4d2a-87fe-1fa920d77f65","has_more":true,"dry_run":false}
batch=591 {"success":true,"platform":"tiktok","merchant_id":"ffe8519e-49a2-467b-a0ec-57d28ba8be49","shop_id":"7495127669839399750","processed":20,"updated":20,"errors":0,"api_error":null,"upsert_errors":[],"next_after_id":"6cb70fee-78fb-427a-9d9f-d7c1a95caa6e","has_more":true,"dry_run":false}
batch=592 {"success":true,"platform":"tiktok","merchant_id":"ffe8519e-49a2-467b-a0ec-57d28ba8be49","shop_id":"7495127669839399750","processed":20,"updated":20,"errors":0,"api_error":null,"upsert_errors":[],"next_after_id":"6ce925c2-6d28-4d6e-906b-aa3174f42f3e","has_more":true,"dry_run":false}
batch=593 {"success":true,"platform":"tiktok","merchant_id":"ffe8519e-49a2-467b-a0ec-57d28ba8be49","shop_id":"7495127669839399750","processed":20,"updated":20,"errors":0,"api_error":null,"upsert_errors":[],"next_after_id":"6d125e44-66c4-480e-b832-43b5d3611081","has_more":true,"dry_run":false}
batch=594 {"success":true,"platform":"tiktok","merchant_id":"ffe8519e-49a2-467b-a0ec-57d28ba8be49","shop_id":"7495127669839399750","processed":20,"updated":20,"errors":0,"api_error":null,"upsert_errors":[],"next_after_id":"6d479f4f-b92d-4f96-8c09-f00dc2b629c4","has_more":true,"dry_run":false}
batch=595 {"success":true,"platform":"tiktok","merchant_id":"ffe8519e-49a2-467b-a0ec-57d28ba8be49","shop_id":"7495127669839399750","processed":20,"updated":20,"errors":0,"api_error":null,"upsert_errors":[],"next_after_id":"6d6fb396-f4ed-49d5-8318-869807ee288e","has_more":true,"dry_run":false}
batch=596 {"success":true,"platform":"tiktok","merchant_id":"ffe8519e-49a2-467b-a0ec-57d28ba8be49","shop_id":"7495127669839399750","processed":20,"updated":20,"errors":0,"api_error":null,"upsert_errors":[],"next_after_id":"6d9baa2d-bb23-4bf6-9f27-c6667a51127f","has_more":true,"dry_run":false}
batch=597 {"success":true,"platform":"tiktok","merchant_id":"ffe8519e-49a2-467b-a0ec-57d28ba8be49","shop_id":"7495127669839399750","processed":20,"updated":20,"errors":0,"api_error":null,"upsert_errors":[],"next_after_id":"6dd1a715-10a1-4c9e-84c4-d9cb58815df5","has_more":true,"dry_run":false}
batch=598 {"success":true,"platform":"tiktok","merchant_id":"ffe8519e-49a2-467b-a0ec-57d28ba8be49","shop_id":"7495127669839399750","processed":20,"updated":20,"errors":0,"api_error":null,"upsert_errors":[],"next_after_id":"6df7660d-4998-47af-9a55-018929aa6159","has_more":true,"dry_run":false}
batch=599 {"success":true,"platform":"tiktok","merchant_id":"ffe8519e-49a2-467b-a0ec-57d28ba8be49","shop_id":"7495127669839399750","processed":20,"updated":20,"errors":0,"api_error":null,"upsert_errors":[],"next_after_id":"6e1a0f89-bee7-429b-a947-43705544c063","has_more":true,"dry_run":false}
batch=600 {"success":true,"platform":"tiktok","merchant_id":"ffe8519e-49a2-467b-a0ec-57d28ba8be49","shop_id":"7495127669839399750","processed":20,"updated":20,"errors":0,"api_error":null,"upsert_errors":[],"next_after_id":"6e3a13d3-9ff3-4915-afb8-a10bede51b63","has_more":true,"dry_run":false}
batch=601 {"success":true,"platform":"tiktok","merchant_id":"ffe8519e-49a2-467b-a0ec-57d28ba8be49","shop_id":"7495127669839399750","processed":20,"updated":20,"errors":0,"api_error":null,"upsert_errors":[],"next_after_id":"6e6a2a21-d1dc-4c2c-a236-d40fe960127f","has_more":true,"dry_run":false}
batch=602 {"success":true,"platform":"tiktok","merchant_id":"ffe8519e-49a2-467b-a0ec-57d28ba8be49","shop_id":"7495127669839399750","processed":20,"updated":20,"errors":0,"api_error":null,"upsert_errors":[],"next_after_id":"6e91f736-46b4-47b1-9536-ba489899a64a","has_more":true,"dry_run":false}
batch=603 {"success":true,"platform":"tiktok","merchant_id":"ffe8519e-49a2-467b-a0ec-57d28ba8be49","shop_id":"7495127669839399750","processed":20,"updated":20,"errors":0,"api_error":null,"upsert_errors":[],"next_after_id":"6ebf2f91-9214-4a1b-8854-a3f1ebc51a14","has_more":true,"dry_run":false}
batch=604 {"success":true,"platform":"tiktok","merchant_id":"ffe8519e-49a2-467b-a0ec-57d28ba8be49","shop_id":"7495127669839399750","processed":20,"updated":20,"errors":0,"api_error":null,"upsert_errors":[],"next_after_id":"6eed5eb2-ecde-487d-919b-1e5a028aefa6","has_more":true,"dry_run":false}
batch=605 {"success":true,"platform":"tiktok","merchant_id":"ffe8519e-49a2-467b-a0ec-57d28ba8be49","shop_id":"7495127669839399750","processed":20,"updated":20,"errors":0,"api_error":null,"upsert_errors":[],"next_after_id":"6f024bc9-cabd-47f3-870a-59d6b86baa29","has_more":true,"dry_run":false}
batch=606 {"success":true,"platform":"tiktok","merchant_id":"ffe8519e-49a2-467b-a0ec-57d28ba8be49","shop_id":"7495127669839399750","processed":20,"updated":20,"errors":0,"api_error":null,"upsert_errors":[],"next_after_id":"6f3628fa-284a-46a8-afb3-4645fb92fc0d","has_more":true,"dry_run":false}
batch=607 {"success":true,"platform":"tiktok","merchant_id":"ffe8519e-49a2-467b-a0ec-57d28ba8be49","shop_id":"7495127669839399750","processed":20,"updated":20,"errors":0,"api_error":null,"upsert_errors":[],"next_after_id":"6f592446-6434-438e-b6a4-27d7d936a1c0","has_more":true,"dry_run":false}
batch=608 {"success":true,"platform":"tiktok","merchant_id":"ffe8519e-49a2-467b-a0ec-57d28ba8be49","shop_id":"7495127669839399750","processed":20,"updated":20,"errors":0,"api_error":null,"upsert_errors":[],"next_after_id":"6f88bcf8-6df6-43d0-9db8-765c5e5c3f93","has_more":true,"dry_run":false}
batch=609 {"success":true,"platform":"tiktok","merchant_id":"ffe8519e-49a2-467b-a0ec-57d28ba8be49","shop_id":"7495127669839399750","processed":20,"updated":20,"errors":0,"api_error":null,"upsert_errors":[],"next_after_id":"6faff05e-93aa-418a-8675-2b4e7136fae0","has_more":true,"dry_run":false}
batch=610 {"success":true,"platform":"tiktok","merchant_id":"ffe8519e-49a2-467b-a0ec-57d28ba8be49","shop_id":"7495127669839399750","processed":20,"updated":20,"errors":0,"api_error":null,"upsert_errors":[],"next_after_id":"6fe620ff-606c-4edd-9a13-5d3b81074466","has_more":true,"dry_run":false}
batch=611 {"success":true,"platform":"tiktok","merchant_id":"ffe8519e-49a2-467b-a0ec-57d28ba8be49","shop_id":"7495127669839399750","processed":20,"updated":20,"errors":0,"api_error":null,"upsert_errors":[],"next_after_id":"701348b1-4e77-4bc0-8153-3b2b79211754","has_more":true,"dry_run":false}
batch=612 {"success":true,"platform":"tiktok","merchant_id":"ffe8519e-49a2-467b-a0ec-57d28ba8be49","shop_id":"7495127669839399750","processed":20,"updated":20,"errors":0,"api_error":null,"upsert_errors":[],"next_after_id":"704400fc-ccfc-4dcb-a989-5cc29243f303","has_more":true,"dry_run":false}
batch=613 {"success":true,"platform":"tiktok","merchant_id":"ffe8519e-49a2-467b-a0ec-57d28ba8be49","shop_id":"7495127669839399750","processed":20,"updated":20,"errors":0,"api_error":null,"upsert_errors":[],"next_after_id":"70716fee-5915-4ea1-a031-4cadef7870cd","has_more":true,"dry_run":false}
batch=614 {"success":true,"platform":"tiktok","merchant_id":"ffe8519e-49a2-467b-a0ec-57d28ba8be49","shop_id":"7495127669839399750","processed":20,"updated":20,"errors":0,"api_error":null,"upsert_errors":[],"next_after_id":"70921c2e-4517-42af-ad1e-0877001ea184","has_more":true,"dry_run":false}
batch=615 {"success":true,"platform":"tiktok","merchant_id":"ffe8519e-49a2-467b-a0ec-57d28ba8be49","shop_id":"7495127669839399750","processed":20,"updated":20,"errors":0,"api_error":null,"upsert_errors":[],"next_after_id":"70bc94d3-b327-44d0-8ec6-89be4405ed6d","has_more":true,"dry_run":false}
batch=616 {"success":true,"platform":"tiktok","merchant_id":"ffe8519e-49a2-467b-a0ec-57d28ba8be49","shop_id":"7495127669839399750","processed":20,"updated":20,"errors":0,"api_error":null,"upsert_errors":[],"next_after_id":"70ea5e63-79b5-4521-a616-e48bf00d0b49","has_more":true,"dry_run":false}
batch=617 {"success":true,"platform":"tiktok","merchant_id":"ffe8519e-49a2-467b-a0ec-57d28ba8be49","shop_id":"7495127669839399750","processed":20,"updated":20,"errors":0,"api_error":null,"upsert_errors":[],"next_after_id":"711a8fe7-83c6-4e4b-8868-8f1fbfb472ad","has_more":true,"dry_run":false}
batch=618 {"success":true,"platform":"tiktok","merchant_id":"ffe8519e-49a2-467b-a0ec-57d28ba8be49","shop_id":"7495127669839399750","processed":20,"updated":20,"errors":0,"api_error":null,"upsert_errors":[],"next_after_id":"714595bc-62cd-41b4-9f1e-e221181538bc","has_more":true,"dry_run":false}
batch=619 {"success":true,"platform":"tiktok","merchant_id":"ffe8519e-49a2-467b-a0ec-57d28ba8be49","shop_id":"7495127669839399750","processed":20,"updated":20,"errors":0,"api_error":null,"upsert_errors":[],"next_after_id":"716b7675-29ca-42c3-95b5-a6602e16f381","has_more":true,"dry_run":false}
batch=620 attempt=1 retry error: <html>
<head><title>502 Bad Gateway</title></head>
<body>
<center><h1>502 Bad Gateway</h1></center>
</body>
</html>
batch=620 {"success":true,"platform":"tiktok","merchant_id":"ffe8519e-49a2-467b-a0ec-57d28ba8be49","shop_id":"7495127669839399750","processed":20,"updated":20,"errors":0,"api_error":null,"upsert_errors":[],"next_after_id":"719ace56-9e55-4ee3-8121-3d21fa203527","has_more":true,"dry_run":false}
batch=621 {"success":true,"platform":"tiktok","merchant_id":"ffe8519e-49a2-467b-a0ec-57d28ba8be49","shop_id":"7495127669839399750","processed":20,"updated":20,"errors":0,"api_error":null,"upsert_errors":[],"next_after_id":"71ae0f9d-91ec-40af-9bff-abf5fcd26906","has_more":true,"dry_run":false}
batch=622 {"success":true,"platform":"tiktok","merchant_id":"ffe8519e-49a2-467b-a0ec-57d28ba8be49","shop_id":"7495127669839399750","processed":20,"updated":20,"errors":0,"api_error":null,"upsert_errors":[],"next_after_id":"71c824fe-44e3-48a5-bae6-8cfc5f53b72f","has_more":true,"dry_run":false}
batch=623 {"success":true,"platform":"tiktok","merchant_id":"ffe8519e-49a2-467b-a0ec-57d28ba8be49","shop_id":"7495127669839399750","processed":20,"updated":20,"errors":0,"api_error":null,"upsert_errors":[],"next_after_id":"7205d3fb-967d-4336-9e3d-f2d7a09837ef","has_more":true,"dry_run":false}
batch=624 {"success":true,"platform":"tiktok","merchant_id":"ffe8519e-49a2-467b-a0ec-57d28ba8be49","shop_id":"7495127669839399750","processed":20,"updated":20,"errors":0,"api_error":null,"upsert_errors":[],"next_after_id":"723682e3-1a8a-4d5d-b6d8-c177fa262e7d","has_more":true,"dry_run":false}
batch=625 {"success":true,"platform":"tiktok","merchant_id":"ffe8519e-49a2-467b-a0ec-57d28ba8be49","shop_id":"7495127669839399750","processed":20,"updated":20,"errors":0,"api_error":null,"upsert_errors":[],"next_after_id":"727128f7-a1b2-4c34-a7e1-8a8a15329774","has_more":true,"dry_run":false}
batch=626 {"success":true,"platform":"tiktok","merchant_id":"ffe8519e-49a2-467b-a0ec-57d28ba8be49","shop_id":"7495127669839399750","processed":20,"updated":20,"errors":0,"api_error":null,"upsert_errors":[],"next_after_id":"728caeb5-982d-4af1-a202-41c0137030da","has_more":true,"dry_run":false}
batch=627 {"success":true,"platform":"tiktok","merchant_id":"ffe8519e-49a2-467b-a0ec-57d28ba8be49","shop_id":"7495127669839399750","processed":20,"updated":20,"errors":0,"api_error":null,"upsert_errors":[],"next_after_id":"72addcda-e41a-42eb-af25-07565b6743c8","has_more":true,"dry_run":false}
batch=628 {"success":true,"platform":"tiktok","merchant_id":"ffe8519e-49a2-467b-a0ec-57d28ba8be49","shop_id":"7495127669839399750","processed":20,"updated":20,"errors":0,"api_error":null,"upsert_errors":[],"next_after_id":"72efa390-72f6-4872-a8c2-d3f429721463","has_more":true,"dry_run":false}
batch=629 {"success":true,"platform":"tiktok","merchant_id":"ffe8519e-49a2-467b-a0ec-57d28ba8be49","shop_id":"7495127669839399750","processed":20,"updated":20,"errors":0,"api_error":null,"upsert_errors":[],"next_after_id":"7319fff4-fb52-4368-9d9b-4c28ba6d580f","has_more":true,"dry_run":false}
batch=630 {"success":true,"platform":"tiktok","merchant_id":"ffe8519e-49a2-467b-a0ec-57d28ba8be49","shop_id":"7495127669839399750","processed":20,"updated":20,"errors":0,"api_error":null,"upsert_errors":[],"next_after_id":"73413f8e-b9c8-4da1-870a-5af077aa0ef7","has_more":true,"dry_run":false}
batch=631 {"success":true,"platform":"tiktok","merchant_id":"ffe8519e-49a2-467b-a0ec-57d28ba8be49","shop_id":"7495127669839399750","processed":20,"updated":20,"errors":0,"api_error":null,"upsert_errors":[],"next_after_id":"736deaa7-c78f-42e4-be87-441e64930a47","has_more":true,"dry_run":false}
batch=632 {"success":true,"platform":"tiktok","merchant_id":"ffe8519e-49a2-467b-a0ec-57d28ba8be49","shop_id":"7495127669839399750","processed":20,"updated":20,"errors":0,"api_error":null,"upsert_errors":[],"next_after_id":"739361ed-fce1-43ce-9bd9-29ae0a77cf57","has_more":true,"dry_run":false}
batch=633 {"success":true,"platform":"tiktok","merchant_id":"ffe8519e-49a2-467b-a0ec-57d28ba8be49","shop_id":"7495127669839399750","processed":20,"updated":20,"errors":0,"api_error":null,"upsert_errors":[],"next_after_id":"73c45584-1cc1-4737-aee7-342a1a43e1cb","has_more":true,"dry_run":false}
batch=634 {"success":true,"platform":"tiktok","merchant_id":"ffe8519e-49a2-467b-a0ec-57d28ba8be49","shop_id":"7495127669839399750","processed":20,"updated":20,"errors":0,"api_error":null,"upsert_errors":[],"next_after_id":"73e5cf40-30c0-4d2c-97c0-d680eef2cab9","has_more":true,"dry_run":false}
batch=635 {"success":true,"platform":"tiktok","merchant_id":"ffe8519e-49a2-467b-a0ec-57d28ba8be49","shop_id":"7495127669839399750","processed":20,"updated":20,"errors":0,"api_error":null,"upsert_errors":[],"next_after_id":"7408a1f9-e3e5-4c1a-8f71-e33ff634fbae","has_more":true,"dry_run":false}
batch=636 {"success":true,"platform":"tiktok","merchant_id":"ffe8519e-49a2-467b-a0ec-57d28ba8be49","shop_id":"7495127669839399750","processed":20,"updated":20,"errors":0,"api_error":null,"upsert_errors":[],"next_after_id":"743c7c42-7d54-4444-a9f9-64698154a1be","has_more":true,"dry_run":false}
batch=637 {"success":true,"platform":"tiktok","merchant_id":"ffe8519e-49a2-467b-a0ec-57d28ba8be49","shop_id":"7495127669839399750","processed":20,"updated":20,"errors":0,"api_error":null,"upsert_errors":[],"next_after_id":"74731aba-f36a-4140-9f6f-c9e5662135ee","has_more":true,"dry_run":false}
batch=638 {"success":true,"platform":"tiktok","merchant_id":"ffe8519e-49a2-467b-a0ec-57d28ba8be49","shop_id":"7495127669839399750","processed":20,"updated":20,"errors":0,"api_error":null,"upsert_errors":[],"next_after_id":"74a8fc6f-4b3e-4dec-aa0a-68a4e8a55107","has_more":true,"dry_run":false}
batch=639 {"success":true,"platform":"tiktok","merchant_id":"ffe8519e-49a2-467b-a0ec-57d28ba8be49","shop_id":"7495127669839399750","processed":20,"updated":20,"errors":0,"api_error":null,"upsert_errors":[],"next_after_id":"74da37b2-370b-488b-8fb9-cc8e0330d910","has_more":true,"dry_run":false}
batch=640 {"success":true,"platform":"tiktok","merchant_id":"ffe8519e-49a2-467b-a0ec-57d28ba8be49","shop_id":"7495127669839399750","processed":20,"updated":20,"errors":0,"api_error":null,"upsert_errors":[],"next_after_id":"74fd73c2-b3ce-4979-a786-f123659c43f1","has_more":true,"dry_run":false}
batch=641 {"success":true,"platform":"tiktok","merchant_id":"ffe8519e-49a2-467b-a0ec-57d28ba8be49","shop_id":"7495127669839399750","processed":20,"updated":20,"errors":0,"api_error":null,"upsert_errors":[],"next_after_id":"75163878-0de2-44d7-8dd8-ea90c3ce1fe0","has_more":true,"dry_run":false}
batch=642 {"success":true,"platform":"tiktok","merchant_id":"ffe8519e-49a2-467b-a0ec-57d28ba8be49","shop_id":"7495127669839399750","processed":20,"updated":20,"errors":0,"api_error":null,"upsert_errors":[],"next_after_id":"754b38ec-6266-40f9-880d-2f5fc18698ea","has_more":true,"dry_run":false}
batch=643 {"success":true,"platform":"tiktok","merchant_id":"ffe8519e-49a2-467b-a0ec-57d28ba8be49","shop_id":"7495127669839399750","processed":20,"updated":20,"errors":0,"api_error":null,"upsert_errors":[],"next_after_id":"75802894-f0cf-4839-a7a0-ab6c027f7ede","has_more":true,"dry_run":false}
batch=644 {"success":true,"platform":"tiktok","merchant_id":"ffe8519e-49a2-467b-a0ec-57d28ba8be49","shop_id":"7495127669839399750","processed":20,"updated":20,"errors":0,"api_error":null,"upsert_errors":[],"next_after_id":"75a56c85-340b-474f-83e9-8815f9970601","has_more":true,"dry_run":false}
batch=645 {"success":true,"platform":"tiktok","merchant_id":"ffe8519e-49a2-467b-a0ec-57d28ba8be49","shop_id":"7495127669839399750","processed":20,"updated":20,"errors":0,"api_error":null,"upsert_errors":[],"next_after_id":"75df7c3e-afd1-410d-b147-7f1ed0c7359d","has_more":true,"dry_run":false}
batch=646 {"success":true,"platform":"tiktok","merchant_id":"ffe8519e-49a2-467b-a0ec-57d28ba8be49","shop_id":"7495127669839399750","processed":20,"updated":20,"errors":0,"api_error":null,"upsert_errors":[],"next_after_id":"760a62dc-4f35-43bf-a9c5-629775e94575","has_more":true,"dry_run":false}
batch=647 {"success":true,"platform":"tiktok","merchant_id":"ffe8519e-49a2-467b-a0ec-57d28ba8be49","shop_id":"7495127669839399750","processed":20,"updated":20,"errors":0,"api_error":null,"upsert_errors":[],"next_after_id":"7631ddfa-e489-44de-9856-7e298db7a157","has_more":true,"dry_run":false}
batch=648 {"success":true,"platform":"tiktok","merchant_id":"ffe8519e-49a2-467b-a0ec-57d28ba8be49","shop_id":"7495127669839399750","processed":20,"updated":20,"errors":0,"api_error":null,"upsert_errors":[],"next_after_id":"765d29e6-2e6e-4b10-961b-dc309d00d2dd","has_more":true,"dry_run":false}
batch=649 {"success":true,"platform":"tiktok","merchant_id":"ffe8519e-49a2-467b-a0ec-57d28ba8be49","shop_id":"7495127669839399750","processed":20,"updated":20,"errors":0,"api_error":null,"upsert_errors":[],"next_after_id":"767bdfbd-cd20-4933-81c8-6fbea998ffdb","has_more":true,"dry_run":false}
batch=650 {"success":true,"platform":"tiktok","merchant_id":"ffe8519e-49a2-467b-a0ec-57d28ba8be49","shop_id":"7495127669839399750","processed":20,"updated":20,"errors":0,"api_error":null,"upsert_errors":[],"next_after_id":"76a7b1cb-daa7-4de9-9a14-ef15bbfe518a","has_more":true,"dry_run":false}
batch=651 {"success":true,"platform":"tiktok","merchant_id":"ffe8519e-49a2-467b-a0ec-57d28ba8be49","shop_id":"7495127669839399750","processed":20,"updated":20,"errors":0,"api_error":null,"upsert_errors":[],"next_after_id":"76cfbbc5-0db5-4a8f-a810-850e639529b6","has_more":true,"dry_run":false}
batch=652 {"success":true,"platform":"tiktok","merchant_id":"ffe8519e-49a2-467b-a0ec-57d28ba8be49","shop_id":"7495127669839399750","processed":20,"updated":20,"errors":0,"api_error":null,"upsert_errors":[],"next_after_id":"770105c3-1af4-45a2-b2c8-55c0049a4744","has_more":true,"dry_run":false}
batch=653 {"success":true,"platform":"tiktok","merchant_id":"ffe8519e-49a2-467b-a0ec-57d28ba8be49","shop_id":"7495127669839399750","processed":20,"updated":20,"errors":0,"api_error":null,"upsert_errors":[],"next_after_id":"772bf3b3-b61d-4ed4-904b-894ae8d1dd85","has_more":true,"dry_run":false}
batch=654 {"success":true,"platform":"tiktok","merchant_id":"ffe8519e-49a2-467b-a0ec-57d28ba8be49","shop_id":"7495127669839399750","processed":20,"updated":20,"errors":0,"api_error":null,"upsert_errors":[],"next_after_id":"77631d3e-932b-4410-897f-d54f4a91a36c","has_more":true,"dry_run":false}
batch=655 {"success":true,"platform":"tiktok","merchant_id":"ffe8519e-49a2-467b-a0ec-57d28ba8be49","shop_id":"7495127669839399750","processed":20,"updated":20,"errors":0,"api_error":null,"upsert_errors":[],"next_after_id":"7790190c-a19a-485d-8dd5-2075c9d847eb","has_more":true,"dry_run":false}
batch=656 {"success":true,"platform":"tiktok","merchant_id":"ffe8519e-49a2-467b-a0ec-57d28ba8be49","shop_id":"7495127669839399750","processed":20,"updated":20,"errors":0,"api_error":null,"upsert_errors":[],"next_after_id":"77ba4740-7d7f-4bee-8956-7b23f1c26a85","has_more":true,"dry_run":false}
batch=657 {"success":true,"platform":"tiktok","merchant_id":"ffe8519e-49a2-467b-a0ec-57d28ba8be49","shop_id":"7495127669839399750","processed":20,"updated":20,"errors":0,"api_error":null,"upsert_errors":[],"next_after_id":"77eaf358-eab9-4788-a636-5ad93bea9457","has_more":true,"dry_run":false}
batch=658 {"success":true,"platform":"tiktok","merchant_id":"ffe8519e-49a2-467b-a0ec-57d28ba8be49","shop_id":"7495127669839399750","processed":20,"updated":20,"errors":0,"api_error":null,"upsert_errors":[],"next_after_id":"78173065-e398-46dc-b841-d7d2afe590d8","has_more":true,"dry_run":false}
batch=659 {"success":true,"platform":"tiktok","merchant_id":"ffe8519e-49a2-467b-a0ec-57d28ba8be49","shop_id":"7495127669839399750","processed":20,"updated":20,"errors":0,"api_error":null,"upsert_errors":[],"next_after_id":"7853def6-c82a-46c2-b2ac-f6008a61fa0a","has_more":true,"dry_run":false}
batch=660 {"success":true,"platform":"tiktok","merchant_id":"ffe8519e-49a2-467b-a0ec-57d28ba8be49","shop_id":"7495127669839399750","processed":20,"updated":20,"errors":0,"api_error":null,"upsert_errors":[],"next_after_id":"787916f8-ca07-4c0a-b7fd-7d25839c80ed","has_more":true,"dry_run":false}
batch=661 {"success":true,"platform":"tiktok","merchant_id":"ffe8519e-49a2-467b-a0ec-57d28ba8be49","shop_id":"7495127669839399750","processed":20,"updated":20,"errors":0,"api_error":null,"upsert_errors":[],"next_after_id":"789186e1-b189-4d4d-aff4-56b55c1cf7b9","has_more":true,"dry_run":false}
batch=662 {"success":true,"platform":"tiktok","merchant_id":"ffe8519e-49a2-467b-a0ec-57d28ba8be49","shop_id":"7495127669839399750","processed":20,"updated":20,"errors":0,"api_error":null,"upsert_errors":[],"next_after_id":"78b9743d-777a-4566-8f57-f840e48bcf95","has_more":true,"dry_run":false}
batch=663 {"success":true,"platform":"tiktok","merchant_id":"ffe8519e-49a2-467b-a0ec-57d28ba8be49","shop_id":"7495127669839399750","processed":20,"updated":20,"errors":0,"api_error":null,"upsert_errors":[],"next_after_id":"78dbe109-e0ee-4d3e-b1ca-a421f1ba0cb1","has_more":true,"dry_run":false}
batch=664 {"success":true,"platform":"tiktok","merchant_id":"ffe8519e-49a2-467b-a0ec-57d28ba8be49","shop_id":"7495127669839399750","processed":20,"updated":20,"errors":0,"api_error":null,"upsert_errors":[],"next_after_id":"79042d66-7b0a-4be1-a150-0d2cac52d041","has_more":true,"dry_run":false}
batch=665 {"success":true,"platform":"tiktok","merchant_id":"ffe8519e-49a2-467b-a0ec-57d28ba8be49","shop_id":"7495127669839399750","processed":20,"updated":20,"errors":0,"api_error":null,"upsert_errors":[],"next_after_id":"79269b64-9f9e-4781-ad08-f2439370d663","has_more":true,"dry_run":false}
batch=666 {"success":true,"platform":"tiktok","merchant_id":"ffe8519e-49a2-467b-a0ec-57d28ba8be49","shop_id":"7495127669839399750","processed":20,"updated":20,"errors":0,"api_error":null,"upsert_errors":[],"next_after_id":"794ece60-38c1-4a47-a0fc-7433bddc2ae7","has_more":true,"dry_run":false}
batch=667 {"success":true,"platform":"tiktok","merchant_id":"ffe8519e-49a2-467b-a0ec-57d28ba8be49","shop_id":"7495127669839399750","processed":20,"updated":20,"errors":0,"api_error":null,"upsert_errors":[],"next_after_id":"7984322f-b809-413b-ad78-e270d7c1cf1d","has_more":true,"dry_run":false}
batch=668 {"success":true,"platform":"tiktok","merchant_id":"ffe8519e-49a2-467b-a0ec-57d28ba8be49","shop_id":"7495127669839399750","processed":20,"updated":20,"errors":0,"api_error":null,"upsert_errors":[],"next_after_id":"79aa2ba7-d3fb-40e9-9296-e1fdbc242658","has_more":true,"dry_run":false}
batch=669 {"success":true,"platform":"tiktok","merchant_id":"ffe8519e-49a2-467b-a0ec-57d28ba8be49","shop_id":"7495127669839399750","processed":20,"updated":20,"errors":0,"api_error":null,"upsert_errors":[],"next_after_id":"79da0ec4-34fd-41df-8c6d-5cce79492776","has_more":true,"dry_run":false}
batch=670 {"success":true,"platform":"tiktok","merchant_id":"ffe8519e-49a2-467b-a0ec-57d28ba8be49","shop_id":"7495127669839399750","processed":20,"updated":20,"errors":0,"api_error":null,"upsert_errors":[],"next_after_id":"7a1f5ec1-39d9-4c75-a6ee-2d6d6a1ec81b","has_more":true,"dry_run":false}
batch=671 {"success":true,"platform":"tiktok","merchant_id":"ffe8519e-49a2-467b-a0ec-57d28ba8be49","shop_id":"7495127669839399750","processed":20,"updated":20,"errors":0,"api_error":null,"upsert_errors":[],"next_after_id":"7a5a93cb-9384-45c4-bf85-4b4b57b02189","has_more":true,"dry_run":false}
batch=672 {"success":true,"platform":"tiktok","merchant_id":"ffe8519e-49a2-467b-a0ec-57d28ba8be49","shop_id":"7495127669839399750","processed":20,"updated":20,"errors":0,"api_error":null,"upsert_errors":[],"next_after_id":"7a9699b4-18cd-417b-91fd-467f22eea83c","has_more":true,"dry_run":false}
batch=673 {"success":true,"platform":"tiktok","merchant_id":"ffe8519e-49a2-467b-a0ec-57d28ba8be49","shop_id":"7495127669839399750","processed":20,"updated":20,"errors":0,"api_error":null,"upsert_errors":[],"next_after_id":"7ac470fa-04f1-4145-a05e-35031b1d2413","has_more":true,"dry_run":false}
batch=674 {"success":true,"platform":"tiktok","merchant_id":"ffe8519e-49a2-467b-a0ec-57d28ba8be49","shop_id":"7495127669839399750","processed":20,"updated":20,"errors":0,"api_error":null,"upsert_errors":[],"next_after_id":"7aeb89ab-5511-4ce9-a895-03a4e7004009","has_more":true,"dry_run":false}
batch=675 {"success":true,"platform":"tiktok","merchant_id":"ffe8519e-49a2-467b-a0ec-57d28ba8be49","shop_id":"7495127669839399750","processed":20,"updated":20,"errors":0,"api_error":null,"upsert_errors":[],"next_after_id":"7b16457d-bca3-4302-8e19-2ff708ab2ebd","has_more":true,"dry_run":false}
batch=676 {"success":true,"platform":"tiktok","merchant_id":"ffe8519e-49a2-467b-a0ec-57d28ba8be49","shop_id":"7495127669839399750","processed":20,"updated":20,"errors":0,"api_error":null,"upsert_errors":[],"next_after_id":"7b47e2af-eb9c-475e-b721-453e2aa373fa","has_more":true,"dry_run":false}
batch=677 {"success":true,"platform":"tiktok","merchant_id":"ffe8519e-49a2-467b-a0ec-57d28ba8be49","shop_id":"7495127669839399750","processed":20,"updated":20,"errors":0,"api_error":null,"upsert_errors":[],"next_after_id":"7b748d36-5607-4ea9-811a-3ade1ba527fc","has_more":true,"dry_run":false}
batch=678 {"success":true,"platform":"tiktok","merchant_id":"ffe8519e-49a2-467b-a0ec-57d28ba8be49","shop_id":"7495127669839399750","processed":20,"updated":20,"errors":0,"api_error":null,"upsert_errors":[],"next_after_id":"7b8f55fa-a94a-4b5b-aaf6-bfad32efc942","has_more":true,"dry_run":false}
batch=679 {"success":true,"platform":"tiktok","merchant_id":"ffe8519e-49a2-467b-a0ec-57d28ba8be49","shop_id":"7495127669839399750","processed":20,"updated":20,"errors":0,"api_error":null,"upsert_errors":[],"next_after_id":"7bbbc108-e026-4a10-97c2-4be468d93313","has_more":true,"dry_run":false}
batch=680 {"success":true,"platform":"tiktok","merchant_id":"ffe8519e-49a2-467b-a0ec-57d28ba8be49","shop_id":"7495127669839399750","processed":20,"updated":20,"errors":0,"api_error":null,"upsert_errors":[],"next_after_id":"7be5bbec-a6ce-45e0-a221-852261f1efcb","has_more":true,"dry_run":false}
batch=681 {"success":true,"platform":"tiktok","merchant_id":"ffe8519e-49a2-467b-a0ec-57d28ba8be49","shop_id":"7495127669839399750","processed":20,"updated":20,"errors":0,"api_error":null,"upsert_errors":[],"next_after_id":"7c06ada5-f1f7-41f8-8bc0-26639e38b993","has_more":true,"dry_run":false}
batch=682 {"success":true,"platform":"tiktok","merchant_id":"ffe8519e-49a2-467b-a0ec-57d28ba8be49","shop_id":"7495127669839399750","processed":20,"updated":20,"errors":0,"api_error":null,"upsert_errors":[],"next_after_id":"7c302252-4fb8-48c8-8fba-1cddbfd6d7c8","has_more":true,"dry_run":false}
batch=683 {"success":true,"platform":"tiktok","merchant_id":"ffe8519e-49a2-467b-a0ec-57d28ba8be49","shop_id":"7495127669839399750","processed":20,"updated":20,"errors":0,"api_error":null,"upsert_errors":[],"next_after_id":"7c51410d-95ae-44dc-90c8-f5434c1ce4db","has_more":true,"dry_run":false}
batch=684 {"success":true,"platform":"tiktok","merchant_id":"ffe8519e-49a2-467b-a0ec-57d28ba8be49","shop_id":"7495127669839399750","processed":20,"updated":20,"errors":0,"api_error":null,"upsert_errors":[],"next_after_id":"7c7b6e01-4521-4aec-9987-90e92cb46cba","has_more":true,"dry_run":false}
batch=685 {"success":true,"platform":"tiktok","merchant_id":"ffe8519e-49a2-467b-a0ec-57d28ba8be49","shop_id":"7495127669839399750","processed":20,"updated":20,"errors":0,"api_error":null,"upsert_errors":[],"next_after_id":"7ca39b22-309b-4d98-b413-106062d3736e","has_more":true,"dry_run":false}
batch=686 {"success":true,"platform":"tiktok","merchant_id":"ffe8519e-49a2-467b-a0ec-57d28ba8be49","shop_id":"7495127669839399750","processed":20,"updated":20,"errors":0,"api_error":null,"upsert_errors":[],"next_after_id":"7cca2ef3-f421-4e97-bfa9-0944e63f4deb","has_more":true,"dry_run":false}
batch=687 {"success":true,"platform":"tiktok","merchant_id":"ffe8519e-49a2-467b-a0ec-57d28ba8be49","shop_id":"7495127669839399750","processed":20,"updated":20,"errors":0,"api_error":null,"upsert_errors":[],"next_after_id":"7ce65722-a883-4ed0-95ea-176b10a9e08e","has_more":true,"dry_run":false}
batch=688 {"success":true,"platform":"tiktok","merchant_id":"ffe8519e-49a2-467b-a0ec-57d28ba8be49","shop_id":"7495127669839399750","processed":20,"updated":20,"errors":0,"api_error":null,"upsert_errors":[],"next_after_id":"7d042f2d-8685-4873-b969-b8b1f3a6e326","has_more":true,"dry_run":false}
batch=689 {"success":true,"platform":"tiktok","merchant_id":"ffe8519e-49a2-467b-a0ec-57d28ba8be49","shop_id":"7495127669839399750","processed":20,"updated":20,"errors":0,"api_error":null,"upsert_errors":[],"next_after_id":"7d35e527-78ee-4e13-b071-e42dc7aa230b","has_more":true,"dry_run":false}
batch=690 {"success":true,"platform":"tiktok","merchant_id":"ffe8519e-49a2-467b-a0ec-57d28ba8be49","shop_id":"7495127669839399750","processed":20,"updated":20,"errors":0,"api_error":null,"upsert_errors":[],"next_after_id":"7d6683fb-a936-459b-b60d-7523c8cdf976","has_more":true,"dry_run":false}
batch=691 {"success":true,"platform":"tiktok","merchant_id":"ffe8519e-49a2-467b-a0ec-57d28ba8be49","shop_id":"7495127669839399750","processed":20,"updated":20,"errors":0,"api_error":null,"upsert_errors":[],"next_after_id":"7da26c4a-b566-45ff-8805-7d37af97964e","has_more":true,"dry_run":false}
batch=692 {"success":true,"platform":"tiktok","merchant_id":"ffe8519e-49a2-467b-a0ec-57d28ba8be49","shop_id":"7495127669839399750","processed":20,"updated":20,"errors":0,"api_error":null,"upsert_errors":[],"next_after_id":"7dd3da48-78fc-4f8f-ac55-86e928e3617d","has_more":true,"dry_run":false}
batch=693 {"success":true,"platform":"tiktok","merchant_id":"ffe8519e-49a2-467b-a0ec-57d28ba8be49","shop_id":"7495127669839399750","processed":20,"updated":20,"errors":0,"api_error":null,"upsert_errors":[],"next_after_id":"7df8aee6-0654-4fc6-a57a-6e4f2a5957aa","has_more":true,"dry_run":false}
batch=694 {"success":true,"platform":"tiktok","merchant_id":"ffe8519e-49a2-467b-a0ec-57d28ba8be49","shop_id":"7495127669839399750","processed":20,"updated":20,"errors":0,"api_error":null,"upsert_errors":[],"next_after_id":"7e29df4c-f129-4ea1-80d1-4b9353a600fd","has_more":true,"dry_run":false}
batch=695 {"success":true,"platform":"tiktok","merchant_id":"ffe8519e-49a2-467b-a0ec-57d28ba8be49","shop_id":"7495127669839399750","processed":20,"updated":20,"errors":0,"api_error":null,"upsert_errors":[],"next_after_id":"7e524b80-f4eb-4f9b-9baa-b73ffad92093","has_more":true,"dry_run":false}
batch=696 {"success":true,"platform":"tiktok","merchant_id":"ffe8519e-49a2-467b-a0ec-57d28ba8be49","shop_id":"7495127669839399750","processed":20,"updated":20,"errors":0,"api_error":null,"upsert_errors":[],"next_after_id":"7e81c11e-b91c-445a-8d32-16b47a963170","has_more":true,"dry_run":false}
batch=697 {"success":true,"platform":"tiktok","merchant_id":"ffe8519e-49a2-467b-a0ec-57d28ba8be49","shop_id":"7495127669839399750","processed":20,"updated":20,"errors":0,"api_error":null,"upsert_errors":[],"next_after_id":"7ec20eb4-69e2-4949-8d45-8c2f85effaf3","has_more":true,"dry_run":false}
batch=698 {"success":true,"platform":"tiktok","merchant_id":"ffe8519e-49a2-467b-a0ec-57d28ba8be49","shop_id":"7495127669839399750","processed":20,"updated":20,"errors":0,"api_error":null,"upsert_errors":[],"next_after_id":"7eff3dee-7a1b-4fdc-a604-1e74a8124b12","has_more":true,"dry_run":false}
batch=699 {"success":true,"platform":"tiktok","merchant_id":"ffe8519e-49a2-467b-a0ec-57d28ba8be49","shop_id":"7495127669839399750","processed":20,"updated":20,"errors":0,"api_error":null,"upsert_errors":[],"next_after_id":"7f216d58-d26e-495a-b804-db83e6d16079","has_more":true,"dry_run":false}
batch=700 {"success":true,"platform":"tiktok","merchant_id":"ffe8519e-49a2-467b-a0ec-57d28ba8be49","shop_id":"7495127669839399750","processed":20,"updated":20,"errors":0,"api_error":null,"upsert_errors":[],"next_after_id":"7f502b36-7cfe-48a3-9c26-e9d1ca0f66ea","has_more":true,"dry_run":false}
batch=701 {"success":true,"platform":"tiktok","merchant_id":"ffe8519e-49a2-467b-a0ec-57d28ba8be49","shop_id":"7495127669839399750","processed":20,"updated":20,"errors":0,"api_error":null,"upsert_errors":[],"next_after_id":"7f79a357-be39-4f6b-92a4-4259df910bd1","has_more":true,"dry_run":false}
batch=702 {"success":true,"platform":"tiktok","merchant_id":"ffe8519e-49a2-467b-a0ec-57d28ba8be49","shop_id":"7495127669839399750","processed":20,"updated":20,"errors":0,"api_error":null,"upsert_errors":[],"next_after_id":"7fa61919-3103-40b5-98c8-303065203700","has_more":true,"dry_run":false}
batch=703 {"success":true,"platform":"tiktok","merchant_id":"ffe8519e-49a2-467b-a0ec-57d28ba8be49","shop_id":"7495127669839399750","processed":20,"updated":20,"errors":0,"api_error":null,"upsert_errors":[],"next_after_id":"7fdf91c3-2986-4ae2-af12-920a21f46e17","has_more":true,"dry_run":false}
batch=704 {"success":true,"platform":"tiktok","merchant_id":"ffe8519e-49a2-467b-a0ec-57d28ba8be49","shop_id":"7495127669839399750","processed":20,"updated":20,"errors":0,"api_error":null,"upsert_errors":[],"next_after_id":"80041e1a-28cd-4d6a-94a9-7f8e170e02ce","has_more":true,"dry_run":false}
batch=705 {"success":true,"platform":"tiktok","merchant_id":"ffe8519e-49a2-467b-a0ec-57d28ba8be49","shop_id":"7495127669839399750","processed":20,"updated":20,"errors":0,"api_error":null,"upsert_errors":[],"next_after_id":"8034dea8-5e25-4b82-93db-b9e863e3abdc","has_more":true,"dry_run":false}
batch=706 {"success":true,"platform":"tiktok","merchant_id":"ffe8519e-49a2-467b-a0ec-57d28ba8be49","shop_id":"7495127669839399750","processed":20,"updated":20,"errors":0,"api_error":null,"upsert_errors":[],"next_after_id":"806b1102-b4df-4fc5-8bf1-88f3ea9a837c","has_more":true,"dry_run":false}
batch=707 {"success":true,"platform":"tiktok","merchant_id":"ffe8519e-49a2-467b-a0ec-57d28ba8be49","shop_id":"7495127669839399750","processed":20,"updated":20,"errors":0,"api_error":null,"upsert_errors":[],"next_after_id":"808fae12-cf3e-4fb3-8653-96b51354caae","has_more":true,"dry_run":false}
batch=708 {"success":true,"platform":"tiktok","merchant_id":"ffe8519e-49a2-467b-a0ec-57d28ba8be49","shop_id":"7495127669839399750","processed":20,"updated":20,"errors":0,"api_error":null,"upsert_errors":[],"next_after_id":"80bff49e-5f86-422a-8046-6535cb3d5492","has_more":true,"dry_run":false}
batch=709 {"success":true,"platform":"tiktok","merchant_id":"ffe8519e-49a2-467b-a0ec-57d28ba8be49","shop_id":"7495127669839399750","processed":20,"updated":20,"errors":0,"api_error":null,"upsert_errors":[],"next_after_id":"80e00f69-0a46-4804-9631-435723d48387","has_more":true,"dry_run":false}
batch=710 {"success":true,"platform":"tiktok","merchant_id":"ffe8519e-49a2-467b-a0ec-57d28ba8be49","shop_id":"7495127669839399750","processed":20,"updated":20,"errors":0,"api_error":null,"upsert_errors":[],"next_after_id":"8100a438-a433-473e-8cdb-4e8f4dc42592","has_more":true,"dry_run":false}
batch=711 {"success":true,"platform":"tiktok","merchant_id":"ffe8519e-49a2-467b-a0ec-57d28ba8be49","shop_id":"7495127669839399750","processed":20,"updated":20,"errors":0,"api_error":null,"upsert_errors":[],"next_after_id":"8137d0c5-cd10-4bdb-8ac3-264ec70d2da4","has_more":true,"dry_run":false}
batch=712 {"success":true,"platform":"tiktok","merchant_id":"ffe8519e-49a2-467b-a0ec-57d28ba8be49","shop_id":"7495127669839399750","processed":20,"updated":20,"errors":0,"api_error":null,"upsert_errors":[],"next_after_id":"815c3d90-4c1a-4281-b198-2171f72b9216","has_more":true,"dry_run":false}
batch=713 {"success":true,"platform":"tiktok","merchant_id":"ffe8519e-49a2-467b-a0ec-57d28ba8be49","shop_id":"7495127669839399750","processed":20,"updated":20,"errors":0,"api_error":null,"upsert_errors":[],"next_after_id":"818d8c11-01b8-4a83-a98e-08affd18872f","has_more":true,"dry_run":false}
batch=714 {"success":true,"platform":"tiktok","merchant_id":"ffe8519e-49a2-467b-a0ec-57d28ba8be49","shop_id":"7495127669839399750","processed":20,"updated":20,"errors":0,"api_error":null,"upsert_errors":[],"next_after_id":"81aaddda-7a73-4640-8d9f-0df23a7bef4c","has_more":true,"dry_run":false}
batch=715 {"success":true,"platform":"tiktok","merchant_id":"ffe8519e-49a2-467b-a0ec-57d28ba8be49","shop_id":"7495127669839399750","processed":20,"updated":20,"errors":0,"api_error":null,"upsert_errors":[],"next_after_id":"81c73558-9e27-409e-bc1d-b1b7473ffefa","has_more":true,"dry_run":false}
batch=716 {"success":true,"platform":"tiktok","merchant_id":"ffe8519e-49a2-467b-a0ec-57d28ba8be49","shop_id":"7495127669839399750","processed":20,"updated":20,"errors":0,"api_error":null,"upsert_errors":[],"next_after_id":"81efe941-9baf-4b32-a9fe-e7028c8bcb7c","has_more":true,"dry_run":false}
batch=717 {"success":true,"platform":"tiktok","merchant_id":"ffe8519e-49a2-467b-a0ec-57d28ba8be49","shop_id":"7495127669839399750","processed":20,"updated":20,"errors":0,"api_error":null,"upsert_errors":[],"next_after_id":"822c4ef8-bdf1-441c-97d9-a0dd3a2b982f","has_more":true,"dry_run":false}
batch=718 {"success":true,"platform":"tiktok","merchant_id":"ffe8519e-49a2-467b-a0ec-57d28ba8be49","shop_id":"7495127669839399750","processed":20,"updated":20,"errors":0,"api_error":null,"upsert_errors":[],"next_after_id":"82621bdb-c028-41ce-8d5c-2f73af61db3b","has_more":true,"dry_run":false}
batch=719 {"success":true,"platform":"tiktok","merchant_id":"ffe8519e-49a2-467b-a0ec-57d28ba8be49","shop_id":"7495127669839399750","processed":20,"updated":20,"errors":0,"api_error":null,"upsert_errors":[],"next_after_id":"827e3916-4d00-452c-956e-38b3b5451e91","has_more":true,"dry_run":false}
batch=720 {"success":true,"platform":"tiktok","merchant_id":"ffe8519e-49a2-467b-a0ec-57d28ba8be49","shop_id":"7495127669839399750","processed":20,"updated":20,"errors":0,"api_error":null,"upsert_errors":[],"next_after_id":"82adc0d8-f9a6-4dc1-b1f3-cd1ba1dcf455","has_more":true,"dry_run":false}
batch=721 {"success":true,"platform":"tiktok","merchant_id":"ffe8519e-49a2-467b-a0ec-57d28ba8be49","shop_id":"7495127669839399750","processed":20,"updated":20,"errors":0,"api_error":null,"upsert_errors":[],"next_after_id":"82d844fc-0639-443e-b408-a16b8524874e","has_more":true,"dry_run":false}
batch=722 {"success":true,"platform":"tiktok","merchant_id":"ffe8519e-49a2-467b-a0ec-57d28ba8be49","shop_id":"7495127669839399750","processed":20,"updated":20,"errors":0,"api_error":null,"upsert_errors":[],"next_after_id":"82fd0b84-c7c8-4900-824c-fa5f6b7e9259","has_more":true,"dry_run":false}
batch=723 {"success":true,"platform":"tiktok","merchant_id":"ffe8519e-49a2-467b-a0ec-57d28ba8be49","shop_id":"7495127669839399750","processed":20,"updated":20,"errors":0,"api_error":null,"upsert_errors":[],"next_after_id":"832dcf98-f0ee-44ac-a462-0bff98292244","has_more":true,"dry_run":false}
batch=724 {"success":true,"platform":"tiktok","merchant_id":"ffe8519e-49a2-467b-a0ec-57d28ba8be49","shop_id":"7495127669839399750","processed":20,"updated":20,"errors":0,"api_error":null,"upsert_errors":[],"next_after_id":"835e40b1-d032-48cb-a62b-5c6598fc0b97","has_more":true,"dry_run":false}
batch=725 {"success":true,"platform":"tiktok","merchant_id":"ffe8519e-49a2-467b-a0ec-57d28ba8be49","shop_id":"7495127669839399750","processed":20,"updated":20,"errors":0,"api_error":null,"upsert_errors":[],"next_after_id":"838f0c49-3b32-4f92-86b8-bce493cfd501","has_more":true,"dry_run":false}
batch=726 {"success":true,"platform":"tiktok","merchant_id":"ffe8519e-49a2-467b-a0ec-57d28ba8be49","shop_id":"7495127669839399750","processed":20,"updated":20,"errors":0,"api_error":null,"upsert_errors":[],"next_after_id":"83ba4141-c6b9-44aa-925e-82ca54464bfa","has_more":true,"dry_run":false}
batch=727 {"success":true,"platform":"tiktok","merchant_id":"ffe8519e-49a2-467b-a0ec-57d28ba8be49","shop_id":"7495127669839399750","processed":20,"updated":20,"errors":0,"api_error":null,"upsert_errors":[],"next_after_id":"83de0598-ec7d-4f3a-a8c4-618029aa6bd0","has_more":true,"dry_run":false}
batch=728 {"success":true,"platform":"tiktok","merchant_id":"ffe8519e-49a2-467b-a0ec-57d28ba8be49","shop_id":"7495127669839399750","processed":20,"updated":20,"errors":0,"api_error":null,"upsert_errors":[],"next_after_id":"8406b4ed-1e07-4c3c-825c-cb5c7549f89e","has_more":true,"dry_run":false}
batch=729 {"success":true,"platform":"tiktok","merchant_id":"ffe8519e-49a2-467b-a0ec-57d28ba8be49","shop_id":"7495127669839399750","processed":20,"updated":20,"errors":0,"api_error":null,"upsert_errors":[],"next_after_id":"843aab9f-f561-4a14-9592-172c78fc2066","has_more":true,"dry_run":false}
batch=730 {"success":true,"platform":"tiktok","merchant_id":"ffe8519e-49a2-467b-a0ec-57d28ba8be49","shop_id":"7495127669839399750","processed":20,"updated":20,"errors":0,"api_error":null,"upsert_errors":[],"next_after_id":"8464e006-ef65-40cb-8f8d-9bde99c9fbc9","has_more":true,"dry_run":false}
batch=731 {"success":true,"platform":"tiktok","merchant_id":"ffe8519e-49a2-467b-a0ec-57d28ba8be49","shop_id":"7495127669839399750","processed":20,"updated":20,"errors":0,"api_error":null,"upsert_errors":[],"next_after_id":"8486ed65-7c0b-48e1-ae69-8e8764afc20c","has_more":true,"dry_run":false}
batch=732 {"success":true,"platform":"tiktok","merchant_id":"ffe8519e-49a2-467b-a0ec-57d28ba8be49","shop_id":"7495127669839399750","processed":20,"updated":20,"errors":0,"api_error":null,"upsert_errors":[],"next_after_id":"84a93dd3-65f3-4039-ad18-214150ae5909","has_more":true,"dry_run":false}
batch=733 {"success":true,"platform":"tiktok","merchant_id":"ffe8519e-49a2-467b-a0ec-57d28ba8be49","shop_id":"7495127669839399750","processed":20,"updated":20,"errors":0,"api_error":null,"upsert_errors":[],"next_after_id":"84d7ee07-ea8f-4415-acc3-4c032f205a3c","has_more":true,"dry_run":false}
batch=734 {"success":true,"platform":"tiktok","merchant_id":"ffe8519e-49a2-467b-a0ec-57d28ba8be49","shop_id":"7495127669839399750","processed":20,"updated":20,"errors":0,"api_error":null,"upsert_errors":[],"next_after_id":"8519a67b-e1a8-47ac-9424-345aa3b484aa","has_more":true,"dry_run":false}
batch=735 {"success":true,"platform":"tiktok","merchant_id":"ffe8519e-49a2-467b-a0ec-57d28ba8be49","shop_id":"7495127669839399750","processed":20,"updated":20,"errors":0,"api_error":null,"upsert_errors":[],"next_after_id":"85392cb8-1ee1-41d0-b08c-6fac2fedf5e1","has_more":true,"dry_run":false}
batch=736 {"success":true,"platform":"tiktok","merchant_id":"ffe8519e-49a2-467b-a0ec-57d28ba8be49","shop_id":"7495127669839399750","processed":20,"updated":20,"errors":0,"api_error":null,"upsert_errors":[],"next_after_id":"854c0be9-ff63-4830-8184-33cb7a06bec7","has_more":true,"dry_run":false}
batch=737 {"success":true,"platform":"tiktok","merchant_id":"ffe8519e-49a2-467b-a0ec-57d28ba8be49","shop_id":"7495127669839399750","processed":20,"updated":20,"errors":0,"api_error":null,"upsert_errors":[],"next_after_id":"8590968c-01d7-4ddf-9e3e-8126d8eb09b4","has_more":true,"dry_run":false}
batch=738 {"success":true,"platform":"tiktok","merchant_id":"ffe8519e-49a2-467b-a0ec-57d28ba8be49","shop_id":"7495127669839399750","processed":20,"updated":20,"errors":0,"api_error":null,"upsert_errors":[],"next_after_id":"85bf7077-c7cf-4978-b17f-9034078a256e","has_more":true,"dry_run":false}
batch=739 {"success":true,"platform":"tiktok","merchant_id":"ffe8519e-49a2-467b-a0ec-57d28ba8be49","shop_id":"7495127669839399750","processed":20,"updated":20,"errors":0,"api_error":null,"upsert_errors":[],"next_after_id":"85e74fed-ad46-4e45-8821-9a0dbb54d4da","has_more":true,"dry_run":false}
batch=740 {"success":true,"platform":"tiktok","merchant_id":"ffe8519e-49a2-467b-a0ec-57d28ba8be49","shop_id":"7495127669839399750","processed":20,"updated":20,"errors":0,"api_error":null,"upsert_errors":[],"next_after_id":"860b6c26-5eb3-4862-81f0-63bcfa58c6a7","has_more":true,"dry_run":false}
batch=741 {"success":true,"platform":"tiktok","merchant_id":"ffe8519e-49a2-467b-a0ec-57d28ba8be49","shop_id":"7495127669839399750","processed":20,"updated":20,"errors":0,"api_error":null,"upsert_errors":[],"next_after_id":"862d6d65-da61-4c45-81f3-172d759276d6","has_more":true,"dry_run":false}
batch=742 {"success":true,"platform":"tiktok","merchant_id":"ffe8519e-49a2-467b-a0ec-57d28ba8be49","shop_id":"7495127669839399750","processed":20,"updated":20,"errors":0,"api_error":null,"upsert_errors":[],"next_after_id":"864d35a8-5897-4c32-8101-42d5cbbfb30d","has_more":true,"dry_run":false}
batch=743 {"success":true,"platform":"tiktok","merchant_id":"ffe8519e-49a2-467b-a0ec-57d28ba8be49","shop_id":"7495127669839399750","processed":20,"updated":20,"errors":0,"api_error":null,"upsert_errors":[],"next_after_id":"868f2ca5-2a15-438f-a388-d0206d912877","has_more":true,"dry_run":false}
batch=744 {"success":true,"platform":"tiktok","merchant_id":"ffe8519e-49a2-467b-a0ec-57d28ba8be49","shop_id":"7495127669839399750","processed":20,"updated":20,"errors":0,"api_error":null,"upsert_errors":[],"next_after_id":"86c1b3bd-60dc-405e-8b4d-a3a54713d082","has_more":true,"dry_run":false}
batch=745 {"success":true,"platform":"tiktok","merchant_id":"ffe8519e-49a2-467b-a0ec-57d28ba8be49","shop_id":"7495127669839399750","processed":20,"updated":20,"errors":0,"api_error":null,"upsert_errors":[],"next_after_id":"86e58810-5acc-4cde-82d3-9303f5d4fb92","has_more":true,"dry_run":false}
batch=746 {"success":true,"platform":"tiktok","merchant_id":"ffe8519e-49a2-467b-a0ec-57d28ba8be49","shop_id":"7495127669839399750","processed":20,"updated":20,"errors":0,"api_error":null,"upsert_errors":[],"next_after_id":"8708a377-a0d5-460c-aab1-ad0a00612d81","has_more":true,"dry_run":false}
batch=747 {"success":true,"platform":"tiktok","merchant_id":"ffe8519e-49a2-467b-a0ec-57d28ba8be49","shop_id":"7495127669839399750","processed":20,"updated":20,"errors":0,"api_error":null,"upsert_errors":[],"next_after_id":"872ec1e5-8325-46e5-b4dc-9cafff6c0f76","has_more":true,"dry_run":false}
batch=748 {"success":true,"platform":"tiktok","merchant_id":"ffe8519e-49a2-467b-a0ec-57d28ba8be49","shop_id":"7495127669839399750","processed":20,"updated":20,"errors":0,"api_error":null,"upsert_errors":[],"next_after_id":"876422dc-5ffe-4571-b7b1-abdff0e3bf45","has_more":true,"dry_run":false}
batch=749 {"success":true,"platform":"tiktok","merchant_id":"ffe8519e-49a2-467b-a0ec-57d28ba8be49","shop_id":"7495127669839399750","processed":20,"updated":20,"errors":0,"api_error":null,"upsert_errors":[],"next_after_id":"87996fc3-982b-4337-90ab-5df44dd1732b","has_more":true,"dry_run":false}
batch=750 {"success":true,"platform":"tiktok","merchant_id":"ffe8519e-49a2-467b-a0ec-57d28ba8be49","shop_id":"7495127669839399750","processed":20,"updated":20,"errors":0,"api_error":null,"upsert_errors":[],"next_after_id":"87bfce42-d085-47b2-a458-16cb5342d326","has_more":true,"dry_run":false}
batch=751 {"success":true,"platform":"tiktok","merchant_id":"ffe8519e-49a2-467b-a0ec-57d28ba8be49","shop_id":"7495127669839399750","processed":20,"updated":20,"errors":0,"api_error":null,"upsert_errors":[],"next_after_id":"87e6bc9a-dcaf-43e0-9574-dace232f4519","has_more":true,"dry_run":false}
batch=752 {"success":true,"platform":"tiktok","merchant_id":"ffe8519e-49a2-467b-a0ec-57d28ba8be49","shop_id":"7495127669839399750","processed":20,"updated":20,"errors":0,"api_error":null,"upsert_errors":[],"next_after_id":"88154564-7f37-4cc7-a521-0d30e63f6383","has_more":true,"dry_run":false}
batch=753 {"success":true,"platform":"tiktok","merchant_id":"ffe8519e-49a2-467b-a0ec-57d28ba8be49","shop_id":"7495127669839399750","processed":20,"updated":20,"errors":0,"api_error":null,"upsert_errors":[],"next_after_id":"8844bb64-d92e-49a9-ac0d-770cfdf13bc2","has_more":true,"dry_run":false}
batch=754 {"success":true,"platform":"tiktok","merchant_id":"ffe8519e-49a2-467b-a0ec-57d28ba8be49","shop_id":"7495127669839399750","processed":20,"updated":20,"errors":0,"api_error":null,"upsert_errors":[],"next_after_id":"887305ee-0b7c-4e07-ae70-6374c30d6fd1","has_more":true,"dry_run":false}
batch=755 {"success":true,"platform":"tiktok","merchant_id":"ffe8519e-49a2-467b-a0ec-57d28ba8be49","shop_id":"7495127669839399750","processed":20,"updated":20,"errors":0,"api_error":null,"upsert_errors":[],"next_after_id":"888e07ce-00b4-49bc-b3dd-19c375b6d39c","has_more":true,"dry_run":false}
batch=756 {"success":true,"platform":"tiktok","merchant_id":"ffe8519e-49a2-467b-a0ec-57d28ba8be49","shop_id":"7495127669839399750","processed":20,"updated":20,"errors":0,"api_error":null,"upsert_errors":[],"next_after_id":"88ae457f-31f9-476d-94e7-ee8fdd24f2b7","has_more":true,"dry_run":false}
batch=757 {"success":true,"platform":"tiktok","merchant_id":"ffe8519e-49a2-467b-a0ec-57d28ba8be49","shop_id":"7495127669839399750","processed":20,"updated":20,"errors":0,"api_error":null,"upsert_errors":[],"next_after_id":"88e3ffb9-be45-4979-8b05-82d18fe03cbe","has_more":true,"dry_run":false}
batch=758 {"success":true,"platform":"tiktok","merchant_id":"ffe8519e-49a2-467b-a0ec-57d28ba8be49","shop_id":"7495127669839399750","processed":20,"updated":20,"errors":0,"api_error":null,"upsert_errors":[],"next_after_id":"891a8a31-754d-4a66-b61f-24ba73d943c5","has_more":true,"dry_run":false}
batch=759 {"success":true,"platform":"tiktok","merchant_id":"ffe8519e-49a2-467b-a0ec-57d28ba8be49","shop_id":"7495127669839399750","processed":20,"updated":20,"errors":0,"api_error":null,"upsert_errors":[],"next_after_id":"8941e2a0-b971-4b62-bf7d-8d6330957335","has_more":true,"dry_run":false}
batch=760 {"success":true,"platform":"tiktok","merchant_id":"ffe8519e-49a2-467b-a0ec-57d28ba8be49","shop_id":"7495127669839399750","processed":20,"updated":20,"errors":0,"api_error":null,"upsert_errors":[],"next_after_id":"89667032-5d66-4954-bd14-b2fd68b85830","has_more":true,"dry_run":false}
batch=761 {"success":true,"platform":"tiktok","merchant_id":"ffe8519e-49a2-467b-a0ec-57d28ba8be49","shop_id":"7495127669839399750","processed":20,"updated":20,"errors":0,"api_error":null,"upsert_errors":[],"next_after_id":"8992cbc4-2fd9-4f3e-a0c5-b9da88ee2488","has_more":true,"dry_run":false}
batch=762 {"success":true,"platform":"tiktok","merchant_id":"ffe8519e-49a2-467b-a0ec-57d28ba8be49","shop_id":"7495127669839399750","processed":20,"updated":20,"errors":0,"api_error":null,"upsert_errors":[],"next_after_id":"89c0abe8-11b8-45b2-bdae-371d23f764ec","has_more":true,"dry_run":false}
batch=763 {"success":true,"platform":"tiktok","merchant_id":"ffe8519e-49a2-467b-a0ec-57d28ba8be49","shop_id":"7495127669839399750","processed":20,"updated":20,"errors":0,"api_error":null,"upsert_errors":[],"next_after_id":"89e672fb-2596-4338-95e9-306769f5d1c5","has_more":true,"dry_run":false}
batch=764 {"success":true,"platform":"tiktok","merchant_id":"ffe8519e-49a2-467b-a0ec-57d28ba8be49","shop_id":"7495127669839399750","processed":20,"updated":20,"errors":0,"api_error":null,"upsert_errors":[],"next_after_id":"8a138d82-5c8d-48f7-aae9-03112209313d","has_more":true,"dry_run":false}
batch=765 {"success":true,"platform":"tiktok","merchant_id":"ffe8519e-49a2-467b-a0ec-57d28ba8be49","shop_id":"7495127669839399750","processed":20,"updated":20,"errors":0,"api_error":null,"upsert_errors":[],"next_after_id":"8a39b86f-2e11-4502-8179-e149578ce7a0","has_more":true,"dry_run":false}
batch=766 {"success":true,"platform":"tiktok","merchant_id":"ffe8519e-49a2-467b-a0ec-57d28ba8be49","shop_id":"7495127669839399750","processed":20,"updated":20,"errors":0,"api_error":null,"upsert_errors":[],"next_after_id":"8a5f3eaf-022e-4edb-bfde-cbb4a636bb61","has_more":true,"dry_run":false}
batch=767 {"success":true,"platform":"tiktok","merchant_id":"ffe8519e-49a2-467b-a0ec-57d28ba8be49","shop_id":"7495127669839399750","processed":20,"updated":20,"errors":0,"api_error":null,"upsert_errors":[],"next_after_id":"8a8deaa7-e9db-4fa8-a365-415e8fb40a54","has_more":true,"dry_run":false}
batch=768 {"success":true,"platform":"tiktok","merchant_id":"ffe8519e-49a2-467b-a0ec-57d28ba8be49","shop_id":"7495127669839399750","processed":20,"updated":20,"errors":0,"api_error":null,"upsert_errors":[],"next_after_id":"8aaf7829-67fb-49f1-aa7e-62feee5bcb01","has_more":true,"dry_run":false}
batch=769 {"success":true,"platform":"tiktok","merchant_id":"ffe8519e-49a2-467b-a0ec-57d28ba8be49","shop_id":"7495127669839399750","processed":20,"updated":20,"errors":0,"api_error":null,"upsert_errors":[],"next_after_id":"8ad69a24-9ad5-48ce-ad75-9a57bdc1300b","has_more":true,"dry_run":false}
batch=770 {"success":true,"platform":"tiktok","merchant_id":"ffe8519e-49a2-467b-a0ec-57d28ba8be49","shop_id":"7495127669839399750","processed":20,"updated":0,"errors":20,"api_error":"HTTP 500: {\"code\":36009003,\"data\":null,\"message\":\"Internal error. Retry later. If the issue persists, contact platform support and provide the response request_id.\",\"request_id\":\"202609040411239230F6FD8A94BE0D511C\"}","upsert_errors":[{"order_sn":"585744106000975158","error":"HTTP 500: {\"code\":36009003,\"data\":null,\"message\":\"Internal error. Retry later. If the issue persists, contact platform support and provide the response request_id.\",\"request_id\":\"202609040411239230F6FD8A94BE0D511C\"}"},{"order_sn":"585824050333386109","error":"HTTP 500: {\"code\":36009003,\"data\":null,\"message\":\"Internal error. Retry later. If the issue persists, contact platform support and provide the response request_id.\",\"request_id\":\"202609040411239230F6FD8A94BE0D511C\"}"},{"order_sn":"585508263081248505","error":"HTTP 500: {\"code\":36009003,\"data\":null,\"message\":\"Internal error. Retry later. If the issue persists, contact platform support and provide the response request_id.\",\"request_id\":\"202609040411239230F6FD8A94BE0D511C\"}"},{"order_sn":"585824066903049231","error":"HTTP 500: {\"code\":36009003,\"data\":null,\"message\":\"Internal error. Retry later. If the issue persists, contact platform support and provide the response request_id.\",\"request_id\":\"202609040411239230F6FD8A94BE0D511C\"}"},{"order_sn":"585800649900000273","error":"HTTP 500: {\"code\":36009003,\"data\":null,\"message\":\"Internal error. Retry later. If the issue persists, contact platform support and provide the response request_id.\",\"request_id\":\"202609040411239230F6FD8A94BE0D511C\"}"},{"order_sn":"585724111469250538","error":"HTTP 500: {\"code\":36009003,\"data\":null,\"message\":\"Internal error. Retry later. If the issue persists, contact platform support and provide the response request_id.\",\"request_id\":\"202609040411239230F6FD8A94BE0D511C\"}"},{"order_sn":"585789019001685214","error":"HTTP 500: {\"code\":36009003,\"data\":null,\"message\":\"Internal error. Retry later. If the issue persists, contact platform support and provide the response request_id.\",\"request_id\":\"202609040411239230F6FD8A94BE0D511C\"}"},{"order_sn":"585826628872603031","error":"HTTP 500: {\"code\":36009003,\"data\":null,\"message\":\"Internal error. Retry later. If the issue persists, contact platform support and provide the response request_id.\",\"request_id\":\"202609040411239230F6FD8A94BE0D511C\"}"},{"order_sn":"585589546408052284","error":"HTTP 500: {\"code\":36009003,\"data\":null,\"message\":\"Internal error. Retry later. If the issue persists, contact platform support and provide the response request_id.\",\"request_id\":\"202609040411239230F6FD8A94BE0D511C\"}"},{"order_sn":"585850332864808801","error":"HTTP 500: {\"code\":36009003,\"data\":null,\"message\":\"Internal error. Retry later. If the issue persists, contact platform support and provide the response request_id.\",\"request_id\":\"202609040411239230F6FD8A94BE0D511C\"}"},{"order_sn":"585823402970351385","error":"HTTP 500: {\"code\":36009003,\"data\":null,\"message\":\"Internal error. Retry later. If the issue persists, contact platform support and provide the response request_id.\",\"request_id\":\"202609040411239230F6FD8A94BE0D511C\"}"},{"order_sn":"585824285098804861","error":"HTTP 500: {\"code\":36009003,\"data\":null,\"message\":\"Internal error. Retry later. If the issue persists, contact platform support and provide the response request_id.\",\"request_id\":\"202609040411239230F6FD8A94BE0D511C\"}"},{"order_sn":"585723944072677278","error":"HTTP 500: {\"code\":36009003,\"data\":null,\"message\":\"Internal error. Retry later. If the issue persists, contact platform support and provide the response request_id.\",\"request_id\":\"202609040411239230F6FD8A94BE0D511C\"}"},{"order_sn":"585825947564935135","error":"HTTP 500: {\"code\":36009003,\"data\":null,\"message\":\"Internal error. Retry later. If the issue persists, contact platform support and provide the response request_id.\",\"request_id\":\"202609040411239230F6FD8A94BE0D511C\"}"},{"order_sn":"585821606127109435","error":"HTTP 500: {\"code\":36009003,\"data\":null,\"message\":\"Internal error. Retry later. If the issue persists, contact platform support and provide the response request_id.\",\"request_id\":\"202609040411239230F6FD8A94BE0D511C\"}"},{"order_sn":"585828978563975106","error":"HTTP 500: {\"code\":36009003,\"data\":null,\"message\":\"Internal error. Retry later. If the issue persists, contact platform support and provide the response request_id.\",\"request_id\":\"202609040411239230F6FD8A94BE0D511C\"}"},{"order_sn":"585827724674172234","error":"HTTP 500: {\"code\":36009003,\"data\":null,\"message\":\"Internal error. Retry later. If the issue persists, contact platform support and provide the response request_id.\",\"request_id\":\"202609040411239230F6FD8A94BE0D511C\"}"},{"order_sn":"585565199619294665","error":"HTTP 500: {\"code\":36009003,\"data\":null,\"message\":\"Internal error. Retry later. If the issue persists, contact platform support and provide the response request_id.\",\"request_id\":\"202609040411239230F6FD8A94BE0D511C\"}"},{"order_sn":"585515806380164231","error":"HTTP 500: {\"code\":36009003,\"data\":null,\"message\":\"Internal error. Retry later. If the issue persists, contact platform support and provide the response request_id.\",\"request_id\":\"202609040411239230F6FD8A94BE0D511C\"}"},{"order_sn":"585824031015470674","error":"HTTP 500: {\"code\":36009003,\"data\":null,\"message\":\"Internal error. Retry later. If the issue persists, contact platform support and provide the response request_id.\",\"request_id\":\"202609040411239230F6FD8A94BE0D511C\"}"}],"next_after_id":"8af31b18-51f9-4c23-87cb-86ccddd44253","has_more":true,"dry_run":false}
batch=771 {"success":true,"platform":"tiktok","merchant_id":"ffe8519e-49a2-467b-a0ec-57d28ba8be49","shop_id":"7495127669839399750","processed":20,"updated":20,"errors":0,"api_error":null,"upsert_errors":[],"next_after_id":"8b1cce3a-3c9f-4ae0-a030-fca0e1991720","has_more":true,"dry_run":false}
batch=772 {"success":true,"platform":"tiktok","merchant_id":"ffe8519e-49a2-467b-a0ec-57d28ba8be49","shop_id":"7495127669839399750","processed":20,"updated":20,"errors":0,"api_error":null,"upsert_errors":[],"next_after_id":"8b428ed1-7278-40cc-b711-637e6ca8e2e4","has_more":true,"dry_run":false}
batch=773 {"success":true,"platform":"tiktok","merchant_id":"ffe8519e-49a2-467b-a0ec-57d28ba8be49","shop_id":"7495127669839399750","processed":20,"updated":20,"errors":0,"api_error":null,"upsert_errors":[],"next_after_id":"8b70f2ec-4c12-4544-adff-f56f9e7e2e80","has_more":true,"dry_run":false}
batch=774 {"success":true,"platform":"tiktok","merchant_id":"ffe8519e-49a2-467b-a0ec-57d28ba8be49","shop_id":"7495127669839399750","processed":20,"updated":20,"errors":0,"api_error":null,"upsert_errors":[],"next_after_id":"8b9b01e2-d2bd-4c10-a38b-2584780ea809","has_more":true,"dry_run":false}
batch=775 {"success":true,"platform":"tiktok","merchant_id":"ffe8519e-49a2-467b-a0ec-57d28ba8be49","shop_id":"7495127669839399750","processed":20,"updated":20,"errors":0,"api_error":null,"upsert_errors":[],"next_after_id":"8bb9bffe-ace7-4be9-9e8c-7d8ab74d3f58","has_more":true,"dry_run":false}
batch=776 {"success":true,"platform":"tiktok","merchant_id":"ffe8519e-49a2-467b-a0ec-57d28ba8be49","shop_id":"7495127669839399750","processed":20,"updated":20,"errors":0,"api_error":null,"upsert_errors":[],"next_after_id":"8be06b07-430e-4cf2-a0b5-c461a42df63e","has_more":true,"dry_run":false}
batch=777 {"success":true,"platform":"tiktok","merchant_id":"ffe8519e-49a2-467b-a0ec-57d28ba8be49","shop_id":"7495127669839399750","processed":20,"updated":20,"errors":0,"api_error":null,"upsert_errors":[],"next_after_id":"8c08ee60-65e8-4d56-bf82-070ba5c8e5aa","has_more":true,"dry_run":false}
batch=778 {"success":true,"platform":"tiktok","merchant_id":"ffe8519e-49a2-467b-a0ec-57d28ba8be49","shop_id":"7495127669839399750","processed":20,"updated":20,"errors":0,"api_error":null,"upsert_errors":[],"next_after_id":"8c301cf1-287c-45b6-a504-e3ee8367f602","has_more":true,"dry_run":false}
batch=779 {"success":true,"platform":"tiktok","merchant_id":"ffe8519e-49a2-467b-a0ec-57d28ba8be49","shop_id":"7495127669839399750","processed":20,"updated":20,"errors":0,"api_error":null,"upsert_errors":[],"next_after_id":"8c565ac2-f91b-4c86-9e3d-1166ec0f7d60","has_more":true,"dry_run":false}
batch=780 {"success":true,"platform":"tiktok","merchant_id":"ffe8519e-49a2-467b-a0ec-57d28ba8be49","shop_id":"7495127669839399750","processed":20,"updated":20,"errors":0,"api_error":null,"upsert_errors":[],"next_after_id":"8c89b5bb-3278-4afb-84a1-d10560856e2e","has_more":true,"dry_run":false}
batch=781 {"success":true,"platform":"tiktok","merchant_id":"ffe8519e-49a2-467b-a0ec-57d28ba8be49","shop_id":"7495127669839399750","processed":20,"updated":20,"errors":0,"api_error":null,"upsert_errors":[],"next_after_id":"8ca556ce-ea3a-4f06-b8b3-2a07ed35c5aa","has_more":true,"dry_run":false}
batch=782 {"success":true,"platform":"tiktok","merchant_id":"ffe8519e-49a2-467b-a0ec-57d28ba8be49","shop_id":"7495127669839399750","processed":20,"updated":20,"errors":0,"api_error":null,"upsert_errors":[],"next_after_id":"8cd3a265-c0d7-4189-bd86-7c06832d684d","has_more":true,"dry_run":false}
batch=783 {"success":true,"platform":"tiktok","merchant_id":"ffe8519e-49a2-467b-a0ec-57d28ba8be49","shop_id":"7495127669839399750","processed":20,"updated":20,"errors":0,"api_error":null,"upsert_errors":[],"next_after_id":"8cf8b9a0-143d-4c3f-bc1e-0f2e3527bcf0","has_more":true,"dry_run":false}
batch=784 {"success":true,"platform":"tiktok","merchant_id":"ffe8519e-49a2-467b-a0ec-57d28ba8be49","shop_id":"7495127669839399750","processed":20,"updated":20,"errors":0,"api_error":null,"upsert_errors":[],"next_after_id":"8d195fe9-0570-466c-9504-83c5f975c897","has_more":true,"dry_run":false}
batch=785 {"success":true,"platform":"tiktok","merchant_id":"ffe8519e-49a2-467b-a0ec-57d28ba8be49","shop_id":"7495127669839399750","processed":20,"updated":20,"errors":0,"api_error":null,"upsert_errors":[],"next_after_id":"8d34d243-f1c5-4bbc-bff4-048d672b0e38","has_more":true,"dry_run":false}
batch=786 {"success":true,"platform":"tiktok","merchant_id":"ffe8519e-49a2-467b-a0ec-57d28ba8be49","shop_id":"7495127669839399750","processed":20,"updated":20,"errors":0,"api_error":null,"upsert_errors":[],"next_after_id":"8d567329-3baa-431c-81c6-25cb78a955a1","has_more":true,"dry_run":false}
batch=787 {"success":true,"platform":"tiktok","merchant_id":"ffe8519e-49a2-467b-a0ec-57d28ba8be49","shop_id":"7495127669839399750","processed":20,"updated":20,"errors":0,"api_error":null,"upsert_errors":[],"next_after_id":"8d84ba2c-983a-44c7-9e05-b746f1646dc1","has_more":true,"dry_run":false}
batch=788 {"success":true,"platform":"tiktok","merchant_id":"ffe8519e-49a2-467b-a0ec-57d28ba8be49","shop_id":"7495127669839399750","processed":20,"updated":20,"errors":0,"api_error":null,"upsert_errors":[],"next_after_id":"8db388d7-044a-4d2b-b815-c8e3f8c1c36e","has_more":true,"dry_run":false}
batch=789 {"success":true,"platform":"tiktok","merchant_id":"ffe8519e-49a2-467b-a0ec-57d28ba8be49","shop_id":"7495127669839399750","processed":20,"updated":20,"errors":0,"api_error":null,"upsert_errors":[],"next_after_id":"8ddf2b31-8019-4541-b5e6-ca0bb87b0efb","has_more":true,"dry_run":false}
batch=790 {"success":true,"platform":"tiktok","merchant_id":"ffe8519e-49a2-467b-a0ec-57d28ba8be49","shop_id":"7495127669839399750","processed":20,"updated":20,"errors":0,"api_error":null,"upsert_errors":[],"next_after_id":"8e0b7d21-01f1-4542-96a6-a775c3b382ea","has_more":true,"dry_run":false}
batch=791 {"success":true,"platform":"tiktok","merchant_id":"ffe8519e-49a2-467b-a0ec-57d28ba8be49","shop_id":"7495127669839399750","processed":20,"updated":20,"errors":0,"api_error":null,"upsert_errors":[],"next_after_id":"8e356a6d-e07a-496a-8677-8bb5984df0ac","has_more":true,"dry_run":false}
batch=792 {"success":true,"platform":"tiktok","merchant_id":"ffe8519e-49a2-467b-a0ec-57d28ba8be49","shop_id":"7495127669839399750","processed":20,"updated":20,"errors":0,"api_error":null,"upsert_errors":[],"next_after_id":"8e648c31-0d29-49db-99cd-78f213018f73","has_more":true,"dry_run":false}
batch=793 {"success":true,"platform":"tiktok","merchant_id":"ffe8519e-49a2-467b-a0ec-57d28ba8be49","shop_id":"7495127669839399750","processed":20,"updated":20,"errors":0,"api_error":null,"upsert_errors":[],"next_after_id":"8e910215-6d6e-4a0e-9bbf-642e9f0441bc","has_more":true,"dry_run":false}
batch=794 {"success":true,"platform":"tiktok","merchant_id":"ffe8519e-49a2-467b-a0ec-57d28ba8be49","shop_id":"7495127669839399750","processed":20,"updated":20,"errors":0,"api_error":null,"upsert_errors":[],"next_after_id":"8eb49409-7fb5-49df-93b2-4e4919cb7c68","has_more":true,"dry_run":false}
batch=795 {"success":true,"platform":"tiktok","merchant_id":"ffe8519e-49a2-467b-a0ec-57d28ba8be49","shop_id":"7495127669839399750","processed":20,"updated":20,"errors":0,"api_error":null,"upsert_errors":[],"next_after_id":"8ee84fc9-a07d-4fde-ab35-72ff5801e551","has_more":true,"dry_run":false}
batch=796 {"success":true,"platform":"tiktok","merchant_id":"ffe8519e-49a2-467b-a0ec-57d28ba8be49","shop_id":"7495127669839399750","processed":20,"updated":20,"errors":0,"api_error":null,"upsert_errors":[],"next_after_id":"8f105576-b704-4e4a-b3c8-8a39fda98527","has_more":true,"dry_run":false}
batch=797 {"success":true,"platform":"tiktok","merchant_id":"ffe8519e-49a2-467b-a0ec-57d28ba8be49","shop_id":"7495127669839399750","processed":20,"updated":20,"errors":0,"api_error":null,"upsert_errors":[],"next_after_id":"8f3be292-de92-4ca0-9453-befe565d4de3","has_more":true,"dry_run":false}
batch=798 {"success":true,"platform":"tiktok","merchant_id":"ffe8519e-49a2-467b-a0ec-57d28ba8be49","shop_id":"7495127669839399750","processed":20,"updated":20,"errors":0,"api_error":null,"upsert_errors":[],"next_after_id":"8f6d897f-d98f-413f-b7d3-d874ebd17161","has_more":true,"dry_run":false}
batch=799 {"success":true,"platform":"tiktok","merchant_id":"ffe8519e-49a2-467b-a0ec-57d28ba8be49","shop_id":"7495127669839399750","processed":20,"updated":20,"errors":0,"api_error":null,"upsert_errors":[],"next_after_id":"8fa23641-5de7-4ae2-8b38-d2cb0e13424d","has_more":true,"dry_run":false}
batch=800 {"success":true,"platform":"tiktok","merchant_id":"ffe8519e-49a2-467b-a0ec-57d28ba8be49","shop_id":"7495127669839399750","processed":20,"updated":20,"errors":0,"api_error":null,"upsert_errors":[],"next_after_id":"8fd21b55-934d-4e27-bbf6-a1ec033fde7f","has_more":true,"dry_run":false}
batch=801 {"success":true,"platform":"tiktok","merchant_id":"ffe8519e-49a2-467b-a0ec-57d28ba8be49","shop_id":"7495127669839399750","processed":20,"updated":20,"errors":0,"api_error":null,"upsert_errors":[],"next_after_id":"900679fa-aa26-411d-86f3-a3d3e17ef066","has_more":true,"dry_run":false}
batch=802 {"success":true,"platform":"tiktok","merchant_id":"ffe8519e-49a2-467b-a0ec-57d28ba8be49","shop_id":"7495127669839399750","processed":20,"updated":20,"errors":0,"api_error":null,"upsert_errors":[],"next_after_id":"903260a8-1d9a-4307-9dd5-93c686212de4","has_more":true,"dry_run":false}
batch=803 {"success":true,"platform":"tiktok","merchant_id":"ffe8519e-49a2-467b-a0ec-57d28ba8be49","shop_id":"7495127669839399750","processed":20,"updated":20,"errors":0,"api_error":null,"upsert_errors":[],"next_after_id":"905a0fc7-868e-46c4-b8ec-db5ce71ed9d0","has_more":true,"dry_run":false}
batch=804 {"success":true,"platform":"tiktok","merchant_id":"ffe8519e-49a2-467b-a0ec-57d28ba8be49","shop_id":"7495127669839399750","processed":20,"updated":20,"errors":0,"api_error":null,"upsert_errors":[],"next_after_id":"9082521f-738f-425d-bbfe-43957dbccf8f","has_more":true,"dry_run":false}
batch=805 {"success":true,"platform":"tiktok","merchant_id":"ffe8519e-49a2-467b-a0ec-57d28ba8be49","shop_id":"7495127669839399750","processed":20,"updated":20,"errors":0,"api_error":null,"upsert_errors":[],"next_after_id":"90b256fe-139d-4bee-918f-13022c7e5e80","has_more":true,"dry_run":false}
batch=806 {"success":true,"platform":"tiktok","merchant_id":"ffe8519e-49a2-467b-a0ec-57d28ba8be49","shop_id":"7495127669839399750","processed":20,"updated":20,"errors":0,"api_error":null,"upsert_errors":[],"next_after_id":"90d4013a-0bd2-4c8f-8837-a24b0d664b3e","has_more":true,"dry_run":false}
batch=807 {"success":true,"platform":"tiktok","merchant_id":"ffe8519e-49a2-467b-a0ec-57d28ba8be49","shop_id":"7495127669839399750","processed":20,"updated":20,"errors":0,"api_error":null,"upsert_errors":[],"next_after_id":"90f80f2a-4d5a-4889-8dd8-28f0faee54cd","has_more":true,"dry_run":false}
batch=808 {"success":true,"platform":"tiktok","merchant_id":"ffe8519e-49a2-467b-a0ec-57d28ba8be49","shop_id":"7495127669839399750","processed":20,"updated":20,"errors":0,"api_error":null,"upsert_errors":[],"next_after_id":"911d3c28-7597-47d5-96cd-799122d47a83","has_more":true,"dry_run":false}
batch=809 {"success":true,"platform":"tiktok","merchant_id":"ffe8519e-49a2-467b-a0ec-57d28ba8be49","shop_id":"7495127669839399750","processed":20,"updated":20,"errors":0,"api_error":null,"upsert_errors":[],"next_after_id":"9154d30d-d430-401e-b9c2-1503396edf7f","has_more":true,"dry_run":false}
batch=810 {"success":true,"platform":"tiktok","merchant_id":"ffe8519e-49a2-467b-a0ec-57d28ba8be49","shop_id":"7495127669839399750","processed":20,"updated":20,"errors":0,"api_error":null,"upsert_errors":[],"next_after_id":"91802255-e697-4943-aee5-d81f035df5b1","has_more":true,"dry_run":false}
batch=811 {"success":true,"platform":"tiktok","merchant_id":"ffe8519e-49a2-467b-a0ec-57d28ba8be49","shop_id":"7495127669839399750","processed":20,"updated":20,"errors":0,"api_error":null,"upsert_errors":[],"next_after_id":"91b0eee2-6e99-4182-bf79-72d1fab9abe2","has_more":true,"dry_run":false}
batch=812 {"success":true,"platform":"tiktok","merchant_id":"ffe8519e-49a2-467b-a0ec-57d28ba8be49","shop_id":"7495127669839399750","processed":20,"updated":20,"errors":0,"api_error":null,"upsert_errors":[],"next_after_id":"91ef5f42-b471-46c0-b9ac-5d9474c708aa","has_more":true,"dry_run":false}
batch=813 {"success":true,"platform":"tiktok","merchant_id":"ffe8519e-49a2-467b-a0ec-57d28ba8be49","shop_id":"7495127669839399750","processed":20,"updated":20,"errors":0,"api_error":null,"upsert_errors":[],"next_after_id":"9213a5c5-6eb5-4c72-9d44-0bc1563ce71c","has_more":true,"dry_run":false}
batch=814 {"success":true,"platform":"tiktok","merchant_id":"ffe8519e-49a2-467b-a0ec-57d28ba8be49","shop_id":"7495127669839399750","processed":20,"updated":20,"errors":0,"api_error":null,"upsert_errors":[],"next_after_id":"923a3502-9509-4152-8c0a-7584812edae6","has_more":true,"dry_run":false}
batch=815 {"success":true,"platform":"tiktok","merchant_id":"ffe8519e-49a2-467b-a0ec-57d28ba8be49","shop_id":"7495127669839399750","processed":20,"updated":20,"errors":0,"api_error":null,"upsert_errors":[],"next_after_id":"925a61e5-40e2-4ff7-b1aa-9a6174cac528","has_more":true,"dry_run":false}
batch=816 {"success":true,"platform":"tiktok","merchant_id":"ffe8519e-49a2-467b-a0ec-57d28ba8be49","shop_id":"7495127669839399750","processed":20,"updated":20,"errors":0,"api_error":null,"upsert_errors":[],"next_after_id":"9280135c-6dfb-440e-98f1-57ae2bdbfcc0","has_more":true,"dry_run":false}
batch=817 {"success":true,"platform":"tiktok","merchant_id":"ffe8519e-49a2-467b-a0ec-57d28ba8be49","shop_id":"7495127669839399750","processed":20,"updated":20,"errors":0,"api_error":null,"upsert_errors":[],"next_after_id":"92a5115e-61c1-4bc8-bd9b-9dffa6b60a15","has_more":true,"dry_run":false}
batch=818 {"success":true,"platform":"tiktok","merchant_id":"ffe8519e-49a2-467b-a0ec-57d28ba8be49","shop_id":"7495127669839399750","processed":20,"updated":20,"errors":0,"api_error":null,"upsert_errors":[],"next_after_id":"92c82191-adb1-4f21-8e92-c61fa6541754","has_more":true,"dry_run":false}
batch=819 {"success":true,"platform":"tiktok","merchant_id":"ffe8519e-49a2-467b-a0ec-57d28ba8be49","shop_id":"7495127669839399750","processed":20,"updated":20,"errors":0,"api_error":null,"upsert_errors":[],"next_after_id":"930bb740-a573-4528-97a0-cfb6c6946ce0","has_more":true,"dry_run":false}
batch=820 {"success":true,"platform":"tiktok","merchant_id":"ffe8519e-49a2-467b-a0ec-57d28ba8be49","shop_id":"7495127669839399750","processed":20,"updated":20,"errors":0,"api_error":null,"upsert_errors":[],"next_after_id":"93346f66-4ed4-47a2-8ef3-41f3c9f97c00","has_more":true,"dry_run":false}
batch=821 {"success":true,"platform":"tiktok","merchant_id":"ffe8519e-49a2-467b-a0ec-57d28ba8be49","shop_id":"7495127669839399750","processed":20,"updated":20,"errors":0,"api_error":null,"upsert_errors":[],"next_after_id":"9355f33e-626f-43c1-832d-a85441fc5904","has_more":true,"dry_run":false}
batch=822 {"success":true,"platform":"tiktok","merchant_id":"ffe8519e-49a2-467b-a0ec-57d28ba8be49","shop_id":"7495127669839399750","processed":20,"updated":20,"errors":0,"api_error":null,"upsert_errors":[],"next_after_id":"938b702c-ed6d-48ec-a0c4-9560291b9e74","has_more":true,"dry_run":false}
batch=823 {"success":true,"platform":"tiktok","merchant_id":"ffe8519e-49a2-467b-a0ec-57d28ba8be49","shop_id":"7495127669839399750","processed":20,"updated":20,"errors":0,"api_error":null,"upsert_errors":[],"next_after_id":"93b7c9a3-532a-4eb4-8e7f-e9bbf731f5ae","has_more":true,"dry_run":false}
batch=824 {"success":true,"platform":"tiktok","merchant_id":"ffe8519e-49a2-467b-a0ec-57d28ba8be49","shop_id":"7495127669839399750","processed":20,"updated":20,"errors":0,"api_error":null,"upsert_errors":[],"next_after_id":"93ebcc59-030f-41d9-b66c-6e051cc2a25e","has_more":true,"dry_run":false}
batch=825 {"success":true,"platform":"tiktok","merchant_id":"ffe8519e-49a2-467b-a0ec-57d28ba8be49","shop_id":"7495127669839399750","processed":20,"updated":20,"errors":0,"api_error":null,"upsert_errors":[],"next_after_id":"94198487-ade7-42a6-8e10-cfac259cab59","has_more":true,"dry_run":false}
batch=826 {"success":true,"platform":"tiktok","merchant_id":"ffe8519e-49a2-467b-a0ec-57d28ba8be49","shop_id":"7495127669839399750","processed":20,"updated":20,"errors":0,"api_error":null,"upsert_errors":[],"next_after_id":"94415156-ee8f-4692-998c-064ac485d512","has_more":true,"dry_run":false}
batch=827 {"success":true,"platform":"tiktok","merchant_id":"ffe8519e-49a2-467b-a0ec-57d28ba8be49","shop_id":"7495127669839399750","processed":20,"updated":20,"errors":0,"api_error":null,"upsert_errors":[],"next_after_id":"94613be5-3f3f-47d4-bef4-b667ba496105","has_more":true,"dry_run":false}
batch=828 {"success":true,"platform":"tiktok","merchant_id":"ffe8519e-49a2-467b-a0ec-57d28ba8be49","shop_id":"7495127669839399750","processed":20,"updated":20,"errors":0,"api_error":null,"upsert_errors":[],"next_after_id":"948996e6-7730-4dcb-8c3d-7cd13fabd47a","has_more":true,"dry_run":false}
batch=829 {"success":true,"platform":"tiktok","merchant_id":"ffe8519e-49a2-467b-a0ec-57d28ba8be49","shop_id":"7495127669839399750","processed":20,"updated":20,"errors":0,"api_error":null,"upsert_errors":[],"next_after_id":"94ab0c8c-4801-4d8e-b689-a4a332b2b586","has_more":true,"dry_run":false}
batch=830 {"success":true,"platform":"tiktok","merchant_id":"ffe8519e-49a2-467b-a0ec-57d28ba8be49","shop_id":"7495127669839399750","processed":20,"updated":20,"errors":0,"api_error":null,"upsert_errors":[],"next_after_id":"94ce9eac-fbdb-40cf-a1a4-5b42b6143042","has_more":true,"dry_run":false}
batch=831 {"success":true,"platform":"tiktok","merchant_id":"ffe8519e-49a2-467b-a0ec-57d28ba8be49","shop_id":"7495127669839399750","processed":20,"updated":20,"errors":0,"api_error":null,"upsert_errors":[],"next_after_id":"94fc716f-ac3e-488d-8687-1c5ecf697f07","has_more":true,"dry_run":false}
batch=832 {"success":true,"platform":"tiktok","merchant_id":"ffe8519e-49a2-467b-a0ec-57d28ba8be49","shop_id":"7495127669839399750","processed":20,"updated":20,"errors":0,"api_error":null,"upsert_errors":[],"next_after_id":"951c7152-3b5e-4e3d-898d-e87bfb0f9a53","has_more":true,"dry_run":false}
batch=833 {"success":true,"platform":"tiktok","merchant_id":"ffe8519e-49a2-467b-a0ec-57d28ba8be49","shop_id":"7495127669839399750","processed":20,"updated":20,"errors":0,"api_error":null,"upsert_errors":[],"next_after_id":"953be74f-f16f-4e4d-9729-d43fe0fc91ad","has_more":true,"dry_run":false}
batch=834 {"success":true,"platform":"tiktok","merchant_id":"ffe8519e-49a2-467b-a0ec-57d28ba8be49","shop_id":"7495127669839399750","processed":20,"updated":20,"errors":0,"api_error":null,"upsert_errors":[],"next_after_id":"9571ae1c-f212-41a5-a4a3-5b5533a6d912","has_more":true,"dry_run":false}
batch=835 {"success":true,"platform":"tiktok","merchant_id":"ffe8519e-49a2-467b-a0ec-57d28ba8be49","shop_id":"7495127669839399750","processed":20,"updated":20,"errors":0,"api_error":null,"upsert_errors":[],"next_after_id":"95a4f37c-1cbb-4635-b81e-5ca22af574f2","has_more":true,"dry_run":false}
batch=836 {"success":true,"platform":"tiktok","merchant_id":"ffe8519e-49a2-467b-a0ec-57d28ba8be49","shop_id":"7495127669839399750","processed":20,"updated":20,"errors":0,"api_error":null,"upsert_errors":[],"next_after_id":"95be98bd-d0c1-42c5-a31c-74e9163fd839","has_more":true,"dry_run":false}
batch=837 {"success":true,"platform":"tiktok","merchant_id":"ffe8519e-49a2-467b-a0ec-57d28ba8be49","shop_id":"7495127669839399750","processed":20,"updated":20,"errors":0,"api_error":null,"upsert_errors":[],"next_after_id":"95e71b35-f87a-42bb-b3a3-85d94027fa06","has_more":true,"dry_run":false}
batch=838 {"success":true,"platform":"tiktok","merchant_id":"ffe8519e-49a2-467b-a0ec-57d28ba8be49","shop_id":"7495127669839399750","processed":20,"updated":20,"errors":0,"api_error":null,"upsert_errors":[],"next_after_id":"9601fa4c-63e0-4ceb-af7a-60b85192fb58","has_more":true,"dry_run":false}
batch=839 {"success":true,"platform":"tiktok","merchant_id":"ffe8519e-49a2-467b-a0ec-57d28ba8be49","shop_id":"7495127669839399750","processed":20,"updated":20,"errors":0,"api_error":null,"upsert_errors":[],"next_after_id":"96303391-14c8-4d33-825b-6c906c1bc7e6","has_more":true,"dry_run":false}
batch=840 {"success":true,"platform":"tiktok","merchant_id":"ffe8519e-49a2-467b-a0ec-57d28ba8be49","shop_id":"7495127669839399750","processed":20,"updated":20,"errors":0,"api_error":null,"upsert_errors":[],"next_after_id":"965a2009-fd7f-4e45-bc77-3fe38001b7d6","has_more":true,"dry_run":false}
batch=841 {"success":true,"platform":"tiktok","merchant_id":"ffe8519e-49a2-467b-a0ec-57d28ba8be49","shop_id":"7495127669839399750","processed":20,"updated":20,"errors":0,"api_error":null,"upsert_errors":[],"next_after_id":"9689fe08-702d-4726-8cad-2467d3c758ab","has_more":true,"dry_run":false}
batch=842 {"success":true,"platform":"tiktok","merchant_id":"ffe8519e-49a2-467b-a0ec-57d28ba8be49","shop_id":"7495127669839399750","processed":20,"updated":20,"errors":0,"api_error":null,"upsert_errors":[],"next_after_id":"96b242f5-c80d-4415-a198-dced2bf0e329","has_more":true,"dry_run":false}
batch=843 {"success":true,"platform":"tiktok","merchant_id":"ffe8519e-49a2-467b-a0ec-57d28ba8be49","shop_id":"7495127669839399750","processed":20,"updated":20,"errors":0,"api_error":null,"upsert_errors":[],"next_after_id":"96da3120-75a0-4ba8-8713-526f727c48f3","has_more":true,"dry_run":false}
batch=844 {"success":true,"platform":"tiktok","merchant_id":"ffe8519e-49a2-467b-a0ec-57d28ba8be49","shop_id":"7495127669839399750","processed":20,"updated":20,"errors":0,"api_error":null,"upsert_errors":[],"next_after_id":"96fa4a16-033c-4d06-bc4c-9ca608edfc81","has_more":true,"dry_run":false}
batch=845 {"success":true,"platform":"tiktok","merchant_id":"ffe8519e-49a2-467b-a0ec-57d28ba8be49","shop_id":"7495127669839399750","processed":20,"updated":20,"errors":0,"api_error":null,"upsert_errors":[],"next_after_id":"972262dc-4035-4092-8944-8f22c240e987","has_more":true,"dry_run":false}
batch=846 {"success":true,"platform":"tiktok","merchant_id":"ffe8519e-49a2-467b-a0ec-57d28ba8be49","shop_id":"7495127669839399750","processed":20,"updated":20,"errors":0,"api_error":null,"upsert_errors":[],"next_after_id":"97560c59-0f3d-47a4-ba1b-d4480f1f0885","has_more":true,"dry_run":false}
batch=847 {"success":true,"platform":"tiktok","merchant_id":"ffe8519e-49a2-467b-a0ec-57d28ba8be49","shop_id":"7495127669839399750","processed":20,"updated":20,"errors":0,"api_error":null,"upsert_errors":[],"next_after_id":"9774dbb0-ac24-471b-a9cd-da618c1f4304","has_more":true,"dry_run":false}
batch=848 {"success":true,"platform":"tiktok","merchant_id":"ffe8519e-49a2-467b-a0ec-57d28ba8be49","shop_id":"7495127669839399750","processed":20,"updated":20,"errors":0,"api_error":null,"upsert_errors":[],"next_after_id":"9788629e-a543-440c-86da-34e184fd3276","has_more":true,"dry_run":false}
batch=849 {"success":true,"platform":"tiktok","merchant_id":"ffe8519e-49a2-467b-a0ec-57d28ba8be49","shop_id":"7495127669839399750","processed":20,"updated":20,"errors":0,"api_error":null,"upsert_errors":[],"next_after_id":"97bc5f01-229b-456c-b360-bf62081e4bca","has_more":true,"dry_run":false}
batch=850 {"success":true,"platform":"tiktok","merchant_id":"ffe8519e-49a2-467b-a0ec-57d28ba8be49","shop_id":"7495127669839399750","processed":20,"updated":20,"errors":0,"api_error":null,"upsert_errors":[],"next_after_id":"97ff9070-ea01-41e6-9326-ec272da8a733","has_more":true,"dry_run":false}
batch=851 {"success":true,"platform":"tiktok","merchant_id":"ffe8519e-49a2-467b-a0ec-57d28ba8be49","shop_id":"7495127669839399750","processed":20,"updated":20,"errors":0,"api_error":null,"upsert_errors":[],"next_after_id":"9826734e-9013-4ba2-92d4-eb9345fe6514","has_more":true,"dry_run":false}
batch=852 {"success":true,"platform":"tiktok","merchant_id":"ffe8519e-49a2-467b-a0ec-57d28ba8be49","shop_id":"7495127669839399750","processed":20,"updated":20,"errors":0,"api_error":null,"upsert_errors":[],"next_after_id":"9854f994-7788-41ce-a3a9-fdb06a3b23a1","has_more":true,"dry_run":false}
batch=853 {"success":true,"platform":"tiktok","merchant_id":"ffe8519e-49a2-467b-a0ec-57d28ba8be49","shop_id":"7495127669839399750","processed":20,"updated":20,"errors":0,"api_error":null,"upsert_errors":[],"next_after_id":"9884874c-57be-419d-b835-ad7afb03b2d5","has_more":true,"dry_run":false}
batch=854 {"success":true,"platform":"tiktok","merchant_id":"ffe8519e-49a2-467b-a0ec-57d28ba8be49","shop_id":"7495127669839399750","processed":20,"updated":20,"errors":0,"api_error":null,"upsert_errors":[],"next_after_id":"98b79df3-d816-4b25-9db5-51825de76a50","has_more":true,"dry_run":false}
batch=855 {"success":true,"platform":"tiktok","merchant_id":"ffe8519e-49a2-467b-a0ec-57d28ba8be49","shop_id":"7495127669839399750","processed":20,"updated":20,"errors":0,"api_error":null,"upsert_errors":[],"next_after_id":"98f267d5-ca5a-4078-99c1-4dd5c5be91a0","has_more":true,"dry_run":false}
batch=856 {"success":true,"platform":"tiktok","merchant_id":"ffe8519e-49a2-467b-a0ec-57d28ba8be49","shop_id":"7495127669839399750","processed":20,"updated":20,"errors":0,"api_error":null,"upsert_errors":[],"next_after_id":"991d2b25-fdb7-4908-b3ba-e5c50b80ca1e","has_more":true,"dry_run":false}
batch=857 {"success":true,"platform":"tiktok","merchant_id":"ffe8519e-49a2-467b-a0ec-57d28ba8be49","shop_id":"7495127669839399750","processed":20,"updated":20,"errors":0,"api_error":null,"upsert_errors":[],"next_after_id":"993f98ef-030d-4f7f-96d3-b0c8e5df97a2","has_more":true,"dry_run":false}
batch=858 {"success":true,"platform":"tiktok","merchant_id":"ffe8519e-49a2-467b-a0ec-57d28ba8be49","shop_id":"7495127669839399750","processed":20,"updated":20,"errors":0,"api_error":null,"upsert_errors":[],"next_after_id":"997e7ed4-d4c8-4117-a5c4-11dd3029d262","has_more":true,"dry_run":false}
batch=859 {"success":true,"platform":"tiktok","merchant_id":"ffe8519e-49a2-467b-a0ec-57d28ba8be49","shop_id":"7495127669839399750","processed":20,"updated":20,"errors":0,"api_error":null,"upsert_errors":[],"next_after_id":"99a1e0c7-2e3c-4a1e-a054-dea529e946b7","has_more":true,"dry_run":false}
batch=860 {"success":true,"platform":"tiktok","merchant_id":"ffe8519e-49a2-467b-a0ec-57d28ba8be49","shop_id":"7495127669839399750","processed":20,"updated":20,"errors":0,"api_error":null,"upsert_errors":[],"next_after_id":"99c7b69b-73f8-4ef5-9674-ae534a52ebdf","has_more":true,"dry_run":false}
batch=861 {"success":true,"platform":"tiktok","merchant_id":"ffe8519e-49a2-467b-a0ec-57d28ba8be49","shop_id":"7495127669839399750","processed":20,"updated":20,"errors":0,"api_error":null,"upsert_errors":[],"next_after_id":"99ebb107-8f95-4bf0-9c4a-cf1423e2e94e","has_more":true,"dry_run":false}
batch=862 {"success":true,"platform":"tiktok","merchant_id":"ffe8519e-49a2-467b-a0ec-57d28ba8be49","shop_id":"7495127669839399750","processed":20,"updated":20,"errors":0,"api_error":null,"upsert_errors":[],"next_after_id":"9a1e415d-8bc4-4065-ac10-e5a47202df89","has_more":true,"dry_run":false}
batch=863 {"success":true,"platform":"tiktok","merchant_id":"ffe8519e-49a2-467b-a0ec-57d28ba8be49","shop_id":"7495127669839399750","processed":20,"updated":20,"errors":0,"api_error":null,"upsert_errors":[],"next_after_id":"9a4e00b0-a5a8-4926-bc3d-b7604a39b075","has_more":true,"dry_run":false}
batch=864 {"success":true,"platform":"tiktok","merchant_id":"ffe8519e-49a2-467b-a0ec-57d28ba8be49","shop_id":"7495127669839399750","processed":20,"updated":20,"errors":0,"api_error":null,"upsert_errors":[],"next_after_id":"9a7bce0b-7448-4be7-8691-a3445531a50c","has_more":true,"dry_run":false}
batch=865 {"success":true,"platform":"tiktok","merchant_id":"ffe8519e-49a2-467b-a0ec-57d28ba8be49","shop_id":"7495127669839399750","processed":20,"updated":20,"errors":0,"api_error":null,"upsert_errors":[],"next_after_id":"9aa0139e-ec95-45ed-b29e-be6dd343bf1a","has_more":true,"dry_run":false}
batch=866 {"success":true,"platform":"tiktok","merchant_id":"ffe8519e-49a2-467b-a0ec-57d28ba8be49","shop_id":"7495127669839399750","processed":20,"updated":20,"errors":0,"api_error":null,"upsert_errors":[],"next_after_id":"9abd1aca-5e8c-4bca-ba8b-27d86c1a677a","has_more":true,"dry_run":false}
batch=867 {"success":true,"platform":"tiktok","merchant_id":"ffe8519e-49a2-467b-a0ec-57d28ba8be49","shop_id":"7495127669839399750","processed":20,"updated":20,"errors":0,"api_error":null,"upsert_errors":[],"next_after_id":"9af3f456-0b98-4ef2-8820-1d50d3cccc5f","has_more":true,"dry_run":false}
batch=868 {"success":true,"platform":"tiktok","merchant_id":"ffe8519e-49a2-467b-a0ec-57d28ba8be49","shop_id":"7495127669839399750","processed":20,"updated":20,"errors":0,"api_error":null,"upsert_errors":[],"next_after_id":"9b11852a-4bdd-4e11-a5dd-7ef932793bb5","has_more":true,"dry_run":false}
batch=869 {"success":true,"platform":"tiktok","merchant_id":"ffe8519e-49a2-467b-a0ec-57d28ba8be49","shop_id":"7495127669839399750","processed":20,"updated":20,"errors":0,"api_error":null,"upsert_errors":[],"next_after_id":"9b3b6c13-ec36-4cde-aa3a-af07c6a6aa4c","has_more":true,"dry_run":false}
batch=870 {"success":true,"platform":"tiktok","merchant_id":"ffe8519e-49a2-467b-a0ec-57d28ba8be49","shop_id":"7495127669839399750","processed":20,"updated":20,"errors":0,"api_error":null,"upsert_errors":[],"next_after_id":"9b777a53-8bdd-40f6-804b-a9c617cda8f2","has_more":true,"dry_run":false}
batch=871 {"success":true,"platform":"tiktok","merchant_id":"ffe8519e-49a2-467b-a0ec-57d28ba8be49","shop_id":"7495127669839399750","processed":20,"updated":20,"errors":0,"api_error":null,"upsert_errors":[],"next_after_id":"9baabf7e-7e4e-48ce-853d-776f8971adad","has_more":true,"dry_run":false}
batch=872 {"success":true,"platform":"tiktok","merchant_id":"ffe8519e-49a2-467b-a0ec-57d28ba8be49","shop_id":"7495127669839399750","processed":20,"updated":20,"errors":0,"api_error":null,"upsert_errors":[],"next_after_id":"9bd1152e-b0ba-4aa0-9093-17d8ed0cbe65","has_more":true,"dry_run":false}
batch=873 {"success":true,"platform":"tiktok","merchant_id":"ffe8519e-49a2-467b-a0ec-57d28ba8be49","shop_id":"7495127669839399750","processed":20,"updated":20,"errors":0,"api_error":null,"upsert_errors":[],"next_after_id":"9bf15ff9-54c5-4edc-b84a-18c8d005374c","has_more":true,"dry_run":false}
batch=874 {"success":true,"platform":"tiktok","merchant_id":"ffe8519e-49a2-467b-a0ec-57d28ba8be49","shop_id":"7495127669839399750","processed":20,"updated":20,"errors":0,"api_error":null,"upsert_errors":[],"next_after_id":"9c203b46-53b9-4f4d-b56f-341828261e8e","has_more":true,"dry_run":false}
batch=875 {"success":true,"platform":"tiktok","merchant_id":"ffe8519e-49a2-467b-a0ec-57d28ba8be49","shop_id":"7495127669839399750","processed":20,"updated":20,"errors":0,"api_error":null,"upsert_errors":[],"next_after_id":"9c452e11-2513-4f50-a94a-d3316940935e","has_more":true,"dry_run":false}
batch=876 {"success":true,"platform":"tiktok","merchant_id":"ffe8519e-49a2-467b-a0ec-57d28ba8be49","shop_id":"7495127669839399750","processed":20,"updated":20,"errors":0,"api_error":null,"upsert_errors":[],"next_after_id":"9c6e6b8e-7111-401e-81fb-5646ebdbfc48","has_more":true,"dry_run":false}
batch=877 {"success":true,"platform":"tiktok","merchant_id":"ffe8519e-49a2-467b-a0ec-57d28ba8be49","shop_id":"7495127669839399750","processed":20,"updated":20,"errors":0,"api_error":null,"upsert_errors":[],"next_after_id":"9ca4cb83-ea9c-4855-a2ca-e9d34da1cf3f","has_more":true,"dry_run":false}
batch=878 {"success":true,"platform":"tiktok","merchant_id":"ffe8519e-49a2-467b-a0ec-57d28ba8be49","shop_id":"7495127669839399750","processed":20,"updated":20,"errors":0,"api_error":null,"upsert_errors":[],"next_after_id":"9cc14215-ddee-498e-85a4-3bc103a9362f","has_more":true,"dry_run":false}
batch=879 {"success":true,"platform":"tiktok","merchant_id":"ffe8519e-49a2-467b-a0ec-57d28ba8be49","shop_id":"7495127669839399750","processed":20,"updated":20,"errors":0,"api_error":null,"upsert_errors":[],"next_after_id":"9cf41ae8-f515-46a2-84ef-c0d192b1b5ac","has_more":true,"dry_run":false}
batch=880 {"success":true,"platform":"tiktok","merchant_id":"ffe8519e-49a2-467b-a0ec-57d28ba8be49","shop_id":"7495127669839399750","processed":20,"updated":20,"errors":0,"api_error":null,"upsert_errors":[],"next_after_id":"9d1e94c6-bd88-43f2-ab25-4fe73fed5018","has_more":true,"dry_run":false}
batch=881 {"success":true,"platform":"tiktok","merchant_id":"ffe8519e-49a2-467b-a0ec-57d28ba8be49","shop_id":"7495127669839399750","processed":20,"updated":20,"errors":0,"api_error":null,"upsert_errors":[],"next_after_id":"9d4dc917-2553-4d72-986b-750047adf1e5","has_more":true,"dry_run":false}
batch=882 {"success":true,"platform":"tiktok","merchant_id":"ffe8519e-49a2-467b-a0ec-57d28ba8be49","shop_id":"7495127669839399750","processed":20,"updated":20,"errors":0,"api_error":null,"upsert_errors":[],"next_after_id":"9d62fead-1a12-4d2a-8e11-6ab4f3586a35","has_more":true,"dry_run":false}
batch=883 {"success":true,"platform":"tiktok","merchant_id":"ffe8519e-49a2-467b-a0ec-57d28ba8be49","shop_id":"7495127669839399750","processed":20,"updated":20,"errors":0,"api_error":null,"upsert_errors":[],"next_after_id":"9d87ae07-367b-4acc-bb34-89f07c3694b7","has_more":true,"dry_run":false}
batch=884 {"success":true,"platform":"tiktok","merchant_id":"ffe8519e-49a2-467b-a0ec-57d28ba8be49","shop_id":"7495127669839399750","processed":20,"updated":20,"errors":0,"api_error":null,"upsert_errors":[],"next_after_id":"9dbe10c4-5b6e-429c-8b4e-f20ad04b666b","has_more":true,"dry_run":false}
batch=885 {"success":true,"platform":"tiktok","merchant_id":"ffe8519e-49a2-467b-a0ec-57d28ba8be49","shop_id":"7495127669839399750","processed":20,"updated":20,"errors":0,"api_error":null,"upsert_errors":[],"next_after_id":"9df86868-5936-4ccd-a368-25f85f0720d5","has_more":true,"dry_run":false}
batch=886 {"success":true,"platform":"tiktok","merchant_id":"ffe8519e-49a2-467b-a0ec-57d28ba8be49","shop_id":"7495127669839399750","processed":20,"updated":20,"errors":0,"api_error":null,"upsert_errors":[],"next_after_id":"9e161970-e0c8-4c4f-b5d4-bc1a1e80a376","has_more":true,"dry_run":false}
batch=887 {"success":true,"platform":"tiktok","merchant_id":"ffe8519e-49a2-467b-a0ec-57d28ba8be49","shop_id":"7495127669839399750","processed":20,"updated":20,"errors":0,"api_error":null,"upsert_errors":[],"next_after_id":"9e41fc2f-dcb2-49ad-9ebe-6e80583227a2","has_more":true,"dry_run":false}
batch=888 {"success":true,"platform":"tiktok","merchant_id":"ffe8519e-49a2-467b-a0ec-57d28ba8be49","shop_id":"7495127669839399750","processed":20,"updated":20,"errors":0,"api_error":null,"upsert_errors":[],"next_after_id":"9e7d6f7c-b567-4e94-9d22-416aeb9c51e3","has_more":true,"dry_run":false}
batch=889 {"success":true,"platform":"tiktok","merchant_id":"ffe8519e-49a2-467b-a0ec-57d28ba8be49","shop_id":"7495127669839399750","processed":20,"updated":20,"errors":0,"api_error":null,"upsert_errors":[],"next_after_id":"9e9c26e6-cf0d-4e4d-b356-26ec03114c7a","has_more":true,"dry_run":false}
batch=890 {"success":true,"platform":"tiktok","merchant_id":"ffe8519e-49a2-467b-a0ec-57d28ba8be49","shop_id":"7495127669839399750","processed":20,"updated":20,"errors":0,"api_error":null,"upsert_errors":[],"next_after_id":"9ebdab36-92f3-40b7-b6fc-077d1f97f9ea","has_more":true,"dry_run":false}
batch=891 {"success":true,"platform":"tiktok","merchant_id":"ffe8519e-49a2-467b-a0ec-57d28ba8be49","shop_id":"7495127669839399750","processed":20,"updated":20,"errors":0,"api_error":null,"upsert_errors":[],"next_after_id":"9ede4654-6441-4ba8-9af1-e9bfe0cf12b4","has_more":true,"dry_run":false}
batch=892 {"success":true,"platform":"tiktok","merchant_id":"ffe8519e-49a2-467b-a0ec-57d28ba8be49","shop_id":"7495127669839399750","processed":20,"updated":20,"errors":0,"api_error":null,"upsert_errors":[],"next_after_id":"9ef79d9b-235b-45a4-98e8-91f71cd68bd8","has_more":true,"dry_run":false}
batch=893 {"success":true,"platform":"tiktok","merchant_id":"ffe8519e-49a2-467b-a0ec-57d28ba8be49","shop_id":"7495127669839399750","processed":20,"updated":20,"errors":0,"api_error":null,"upsert_errors":[],"next_after_id":"9f2088dc-dc0d-4311-98db-93a308380dff","has_more":true,"dry_run":false}
batch=894 {"success":true,"platform":"tiktok","merchant_id":"ffe8519e-49a2-467b-a0ec-57d28ba8be49","shop_id":"7495127669839399750","processed":20,"updated":20,"errors":0,"api_error":null,"upsert_errors":[],"next_after_id":"9f4fca4d-85f9-4508-9693-1b12623c1561","has_more":true,"dry_run":false}
batch=895 {"success":true,"platform":"tiktok","merchant_id":"ffe8519e-49a2-467b-a0ec-57d28ba8be49","shop_id":"7495127669839399750","processed":20,"updated":20,"errors":0,"api_error":null,"upsert_errors":[],"next_after_id":"9f6e03f6-0aa9-4829-b913-9828a794ab88","has_more":true,"dry_run":false}
batch=896 {"success":true,"platform":"tiktok","merchant_id":"ffe8519e-49a2-467b-a0ec-57d28ba8be49","shop_id":"7495127669839399750","processed":20,"updated":20,"errors":0,"api_error":null,"upsert_errors":[],"next_after_id":"9f9c805f-7ae9-44ff-8d70-363fdf8147be","has_more":true,"dry_run":false}
batch=897 {"success":true,"platform":"tiktok","merchant_id":"ffe8519e-49a2-467b-a0ec-57d28ba8be49","shop_id":"7495127669839399750","processed":20,"updated":20,"errors":0,"api_error":null,"upsert_errors":[],"next_after_id":"9fc30db5-eb42-438b-895a-f9e22bf5961a","has_more":true,"dry_run":false}
batch=898 {"success":true,"platform":"tiktok","merchant_id":"ffe8519e-49a2-467b-a0ec-57d28ba8be49","shop_id":"7495127669839399750","processed":20,"updated":20,"errors":0,"api_error":null,"upsert_errors":[],"next_after_id":"9ff3fb03-7f93-4302-a0c8-0a23aabdd7e5","has_more":true,"dry_run":false}
batch=899 {"success":true,"platform":"tiktok","merchant_id":"ffe8519e-49a2-467b-a0ec-57d28ba8be49","shop_id":"7495127669839399750","processed":20,"updated":20,"errors":0,"api_error":null,"upsert_errors":[],"next_after_id":"a01116b1-74c7-4b6a-81a4-17fe6d61889c","has_more":true,"dry_run":false}
batch=900 {"success":true,"platform":"tiktok","merchant_id":"ffe8519e-49a2-467b-a0ec-57d28ba8be49","shop_id":"7495127669839399750","processed":20,"updated":20,"errors":0,"api_error":null,"upsert_errors":[],"next_after_id":"a0344033-4abd-4fa4-a266-8d9fbacc4a57","has_more":true,"dry_run":false}
batch=901 {"success":true,"platform":"tiktok","merchant_id":"ffe8519e-49a2-467b-a0ec-57d28ba8be49","shop_id":"7495127669839399750","processed":20,"updated":20,"errors":0,"api_error":null,"upsert_errors":[],"next_after_id":"a05bdcb9-8dea-44d7-b870-891623708c1f","has_more":true,"dry_run":false}
batch=902 {"success":true,"platform":"tiktok","merchant_id":"ffe8519e-49a2-467b-a0ec-57d28ba8be49","shop_id":"7495127669839399750","processed":20,"updated":20,"errors":0,"api_error":null,"upsert_errors":[],"next_after_id":"a076ddd1-a5be-4027-9873-45c26ff018c4","has_more":true,"dry_run":false}
batch=903 {"success":true,"platform":"tiktok","merchant_id":"ffe8519e-49a2-467b-a0ec-57d28ba8be49","shop_id":"7495127669839399750","processed":20,"updated":20,"errors":0,"api_error":null,"upsert_errors":[],"next_after_id":"a0991a41-3bb2-461f-9b12-514cadf32450","has_more":true,"dry_run":false}
batch=904 {"success":true,"platform":"tiktok","merchant_id":"ffe8519e-49a2-467b-a0ec-57d28ba8be49","shop_id":"7495127669839399750","processed":20,"updated":20,"errors":0,"api_error":null,"upsert_errors":[],"next_after_id":"a0b45d07-c64f-4cd0-8012-475b016eb2d9","has_more":true,"dry_run":false}
batch=905 {"success":true,"platform":"tiktok","merchant_id":"ffe8519e-49a2-467b-a0ec-57d28ba8be49","shop_id":"7495127669839399750","processed":20,"updated":20,"errors":0,"api_error":null,"upsert_errors":[],"next_after_id":"a0e30473-178b-4239-a546-1205b0d659b7","has_more":true,"dry_run":false}
batch=906 {"success":true,"platform":"tiktok","merchant_id":"ffe8519e-49a2-467b-a0ec-57d28ba8be49","shop_id":"7495127669839399750","processed":20,"updated":20,"errors":0,"api_error":null,"upsert_errors":[],"next_after_id":"a11ea6ee-2b62-4ffb-b3fa-1dd4516326b7","has_more":true,"dry_run":false}
batch=907 {"success":true,"platform":"tiktok","merchant_id":"ffe8519e-49a2-467b-a0ec-57d28ba8be49","shop_id":"7495127669839399750","processed":20,"updated":20,"errors":0,"api_error":null,"upsert_errors":[],"next_after_id":"a1472a87-e1e3-4a91-bcc3-53c1574cb32e","has_more":true,"dry_run":false}
batch=908 {"success":true,"platform":"tiktok","merchant_id":"ffe8519e-49a2-467b-a0ec-57d28ba8be49","shop_id":"7495127669839399750","processed":20,"updated":20,"errors":0,"api_error":null,"upsert_errors":[],"next_after_id":"a175df82-fa90-4806-b312-bbd85e3cb062","has_more":true,"dry_run":false}
batch=909 {"success":true,"platform":"tiktok","merchant_id":"ffe8519e-49a2-467b-a0ec-57d28ba8be49","shop_id":"7495127669839399750","processed":20,"updated":20,"errors":0,"api_error":null,"upsert_errors":[],"next_after_id":"a1a08f8c-18e3-4bfd-a5d1-7fd2228b5497","has_more":true,"dry_run":false}
batch=910 {"success":true,"platform":"tiktok","merchant_id":"ffe8519e-49a2-467b-a0ec-57d28ba8be49","shop_id":"7495127669839399750","processed":20,"updated":20,"errors":0,"api_error":null,"upsert_errors":[],"next_after_id":"a1cccd4a-3ef2-4748-b8c0-5d291510c106","has_more":true,"dry_run":false}
batch=911 {"success":true,"platform":"tiktok","merchant_id":"ffe8519e-49a2-467b-a0ec-57d28ba8be49","shop_id":"7495127669839399750","processed":20,"updated":20,"errors":0,"api_error":null,"upsert_errors":[],"next_after_id":"a1ed6d0f-a5f0-462e-869e-d610cc6a5f64","has_more":true,"dry_run":false}
batch=912 {"success":true,"platform":"tiktok","merchant_id":"ffe8519e-49a2-467b-a0ec-57d28ba8be49","shop_id":"7495127669839399750","processed":20,"updated":20,"errors":0,"api_error":null,"upsert_errors":[],"next_after_id":"a20e9ed8-a0c8-4fb0-9ecf-04c269126ddb","has_more":true,"dry_run":false}
batch=913 {"success":true,"platform":"tiktok","merchant_id":"ffe8519e-49a2-467b-a0ec-57d28ba8be49","shop_id":"7495127669839399750","processed":20,"updated":20,"errors":0,"api_error":null,"upsert_errors":[],"next_after_id":"a23e885b-9fd7-40f2-abf9-c5b7a06ab9c8","has_more":true,"dry_run":false}
batch=914 {"success":true,"platform":"tiktok","merchant_id":"ffe8519e-49a2-467b-a0ec-57d28ba8be49","shop_id":"7495127669839399750","processed":20,"updated":20,"errors":0,"api_error":null,"upsert_errors":[],"next_after_id":"a26a8ce1-f716-47ee-aa44-b5e011bddc84","has_more":true,"dry_run":false}
batch=915 {"success":true,"platform":"tiktok","merchant_id":"ffe8519e-49a2-467b-a0ec-57d28ba8be49","shop_id":"7495127669839399750","processed":20,"updated":20,"errors":0,"api_error":null,"upsert_errors":[],"next_after_id":"a28c6975-1f4b-410b-8f18-087442db3151","has_more":true,"dry_run":false}
batch=916 {"success":true,"platform":"tiktok","merchant_id":"ffe8519e-49a2-467b-a0ec-57d28ba8be49","shop_id":"7495127669839399750","processed":20,"updated":20,"errors":0,"api_error":null,"upsert_errors":[],"next_after_id":"a2b3192f-bfde-4bdb-8fae-f1bffa961111","has_more":true,"dry_run":false}
batch=917 {"success":true,"platform":"tiktok","merchant_id":"ffe8519e-49a2-467b-a0ec-57d28ba8be49","shop_id":"7495127669839399750","processed":20,"updated":20,"errors":0,"api_error":null,"upsert_errors":[],"next_after_id":"a2d5c8cc-2b22-4bc9-9d4d-75d781b0bf91","has_more":true,"dry_run":false}
batch=918 {"success":true,"platform":"tiktok","merchant_id":"ffe8519e-49a2-467b-a0ec-57d28ba8be49","shop_id":"7495127669839399750","processed":20,"updated":20,"errors":0,"api_error":null,"upsert_errors":[],"next_after_id":"a2f948fa-02ba-4f24-b6ed-10aa8fb7e790","has_more":true,"dry_run":false}
batch=919 {"success":true,"platform":"tiktok","merchant_id":"ffe8519e-49a2-467b-a0ec-57d28ba8be49","shop_id":"7495127669839399750","processed":20,"updated":20,"errors":0,"api_error":null,"upsert_errors":[],"next_after_id":"a325f293-cff0-4677-b0e5-380a56e3d8b7","has_more":true,"dry_run":false}
batch=920 {"success":true,"platform":"tiktok","merchant_id":"ffe8519e-49a2-467b-a0ec-57d28ba8be49","shop_id":"7495127669839399750","processed":20,"updated":20,"errors":0,"api_error":null,"upsert_errors":[],"next_after_id":"a33f96c2-d110-45c2-b0b6-5a92b058766b","has_more":true,"dry_run":false}
batch=921 {"success":true,"platform":"tiktok","merchant_id":"ffe8519e-49a2-467b-a0ec-57d28ba8be49","shop_id":"7495127669839399750","processed":20,"updated":20,"errors":0,"api_error":null,"upsert_errors":[],"next_after_id":"a35f09af-264d-4682-9115-07b3e66f8e99","has_more":true,"dry_run":false}
batch=922 {"success":true,"platform":"tiktok","merchant_id":"ffe8519e-49a2-467b-a0ec-57d28ba8be49","shop_id":"7495127669839399750","processed":20,"updated":20,"errors":0,"api_error":null,"upsert_errors":[],"next_after_id":"a385e20a-1945-4ed5-85bf-bbce0239070c","has_more":true,"dry_run":false}
batch=923 {"success":true,"platform":"tiktok","merchant_id":"ffe8519e-49a2-467b-a0ec-57d28ba8be49","shop_id":"7495127669839399750","processed":20,"updated":20,"errors":0,"api_error":null,"upsert_errors":[],"next_after_id":"a3a21701-979a-434f-87b3-9e87732e9220","has_more":true,"dry_run":false}
batch=924 {"success":true,"platform":"tiktok","merchant_id":"ffe8519e-49a2-467b-a0ec-57d28ba8be49","shop_id":"7495127669839399750","processed":20,"updated":20,"errors":0,"api_error":null,"upsert_errors":[],"next_after_id":"a3cd686a-7970-44e7-8904-99e2344c4b65","has_more":true,"dry_run":false}
batch=925 {"success":true,"platform":"tiktok","merchant_id":"ffe8519e-49a2-467b-a0ec-57d28ba8be49","shop_id":"7495127669839399750","processed":20,"updated":20,"errors":0,"api_error":null,"upsert_errors":[],"next_after_id":"a408f9a3-2931-48c4-9a81-f7a005c0ff82","has_more":true,"dry_run":false}
batch=926 {"success":true,"platform":"tiktok","merchant_id":"ffe8519e-49a2-467b-a0ec-57d28ba8be49","shop_id":"7495127669839399750","processed":20,"updated":20,"errors":0,"api_error":null,"upsert_errors":[],"next_after_id":"a43c7bc3-6191-408b-8b27-49dd3cdce2b5","has_more":true,"dry_run":false}
batch=927 {"success":true,"platform":"tiktok","merchant_id":"ffe8519e-49a2-467b-a0ec-57d28ba8be49","shop_id":"7495127669839399750","processed":20,"updated":20,"errors":0,"api_error":null,"upsert_errors":[],"next_after_id":"a468d745-4760-4fe8-9d4f-07e6c5b348ea","has_more":true,"dry_run":false}
batch=928 {"success":true,"platform":"tiktok","merchant_id":"ffe8519e-49a2-467b-a0ec-57d28ba8be49","shop_id":"7495127669839399750","processed":20,"updated":20,"errors":0,"api_error":null,"upsert_errors":[],"next_after_id":"a49a186a-e849-4013-a5fc-a36c3de9caac","has_more":true,"dry_run":false}
batch=929 {"success":true,"platform":"tiktok","merchant_id":"ffe8519e-49a2-467b-a0ec-57d28ba8be49","shop_id":"7495127669839399750","processed":20,"updated":20,"errors":0,"api_error":null,"upsert_errors":[],"next_after_id":"a4c51f03-4b9e-4817-819c-1cc22d92b05a","has_more":true,"dry_run":false}
batch=930 {"success":true,"platform":"tiktok","merchant_id":"ffe8519e-49a2-467b-a0ec-57d28ba8be49","shop_id":"7495127669839399750","processed":20,"updated":20,"errors":0,"api_error":null,"upsert_errors":[],"next_after_id":"a4e9bb1e-bedc-4832-9dee-388abe7f7692","has_more":true,"dry_run":false}
batch=931 {"success":true,"platform":"tiktok","merchant_id":"ffe8519e-49a2-467b-a0ec-57d28ba8be49","shop_id":"7495127669839399750","processed":20,"updated":20,"errors":0,"api_error":null,"upsert_errors":[],"next_after_id":"a515a9bc-a5a7-4655-8a48-ae6660f980db","has_more":true,"dry_run":false}
batch=932 {"success":true,"platform":"tiktok","merchant_id":"ffe8519e-49a2-467b-a0ec-57d28ba8be49","shop_id":"7495127669839399750","processed":20,"updated":20,"errors":0,"api_error":null,"upsert_errors":[],"next_after_id":"a53862ca-621c-4e5e-8e09-dbdc95995d32","has_more":true,"dry_run":false}
batch=933 {"success":true,"platform":"tiktok","merchant_id":"ffe8519e-49a2-467b-a0ec-57d28ba8be49","shop_id":"7495127669839399750","processed":20,"updated":20,"errors":0,"api_error":null,"upsert_errors":[],"next_after_id":"a559d50d-a7d3-496b-aa8b-5f7c9a9dbb9b","has_more":true,"dry_run":false}
batch=934 {"success":true,"platform":"tiktok","merchant_id":"ffe8519e-49a2-467b-a0ec-57d28ba8be49","shop_id":"7495127669839399750","processed":20,"updated":20,"errors":0,"api_error":null,"upsert_errors":[],"next_after_id":"a589e5e0-ceb4-4a57-9235-0a076a744d60","has_more":true,"dry_run":false}
batch=935 {"success":true,"platform":"tiktok","merchant_id":"ffe8519e-49a2-467b-a0ec-57d28ba8be49","shop_id":"7495127669839399750","processed":20,"updated":20,"errors":0,"api_error":null,"upsert_errors":[],"next_after_id":"a5b53b15-61d9-4f11-9e80-a329a6dad73a","has_more":true,"dry_run":false}
batch=936 {"success":true,"platform":"tiktok","merchant_id":"ffe8519e-49a2-467b-a0ec-57d28ba8be49","shop_id":"7495127669839399750","processed":20,"updated":20,"errors":0,"api_error":null,"upsert_errors":[],"next_after_id":"a5efdbd7-c3ae-4b44-a162-115cb810c53b","has_more":true,"dry_run":false}
batch=937 {"success":true,"platform":"tiktok","merchant_id":"ffe8519e-49a2-467b-a0ec-57d28ba8be49","shop_id":"7495127669839399750","processed":20,"updated":20,"errors":0,"api_error":null,"upsert_errors":[],"next_after_id":"a61a7584-0243-46c4-b86e-92bb59da858b","has_more":true,"dry_run":false}
batch=938 {"success":true,"platform":"tiktok","merchant_id":"ffe8519e-49a2-467b-a0ec-57d28ba8be49","shop_id":"7495127669839399750","processed":20,"updated":20,"errors":0,"api_error":null,"upsert_errors":[],"next_after_id":"a6543275-1f38-43dd-8894-fce5323925f3","has_more":true,"dry_run":false}
batch=939 {"success":true,"platform":"tiktok","merchant_id":"ffe8519e-49a2-467b-a0ec-57d28ba8be49","shop_id":"7495127669839399750","processed":20,"updated":20,"errors":0,"api_error":null,"upsert_errors":[],"next_after_id":"a68e210f-19fc-42ff-99de-5b29dc72c9df","has_more":true,"dry_run":false}
batch=940 {"success":true,"platform":"tiktok","merchant_id":"ffe8519e-49a2-467b-a0ec-57d28ba8be49","shop_id":"7495127669839399750","processed":20,"updated":20,"errors":0,"api_error":null,"upsert_errors":[],"next_after_id":"a6b25831-7596-4565-9c16-85374a5fff25","has_more":true,"dry_run":false}
batch=941 {"success":true,"platform":"tiktok","merchant_id":"ffe8519e-49a2-467b-a0ec-57d28ba8be49","shop_id":"7495127669839399750","processed":20,"updated":20,"errors":0,"api_error":null,"upsert_errors":[],"next_after_id":"a6e5b62a-36dd-4fbc-95bd-71b9dc4b1f60","has_more":true,"dry_run":false}
batch=942 {"success":true,"platform":"tiktok","merchant_id":"ffe8519e-49a2-467b-a0ec-57d28ba8be49","shop_id":"7495127669839399750","processed":20,"updated":20,"errors":0,"api_error":null,"upsert_errors":[],"next_after_id":"a713a2af-938b-490d-b5fe-aad7d7225ea0","has_more":true,"dry_run":false}
batch=943 {"success":true,"platform":"tiktok","merchant_id":"ffe8519e-49a2-467b-a0ec-57d28ba8be49","shop_id":"7495127669839399750","processed":20,"updated":20,"errors":0,"api_error":null,"upsert_errors":[],"next_after_id":"a746d64b-7752-43f3-b5c6-26b2a9b1508c","has_more":true,"dry_run":false}
batch=944 {"success":true,"platform":"tiktok","merchant_id":"ffe8519e-49a2-467b-a0ec-57d28ba8be49","shop_id":"7495127669839399750","processed":20,"updated":20,"errors":0,"api_error":null,"upsert_errors":[],"next_after_id":"a774edc9-b2d2-4ae9-8cee-4fb064032b1e","has_more":true,"dry_run":false}
batch=945 {"success":true,"platform":"tiktok","merchant_id":"ffe8519e-49a2-467b-a0ec-57d28ba8be49","shop_id":"7495127669839399750","processed":20,"updated":20,"errors":0,"api_error":null,"upsert_errors":[],"next_after_id":"a7aac62b-0d58-442a-8687-5feec9e4d1b6","has_more":true,"dry_run":false}
batch=946 {"success":true,"platform":"tiktok","merchant_id":"ffe8519e-49a2-467b-a0ec-57d28ba8be49","shop_id":"7495127669839399750","processed":20,"updated":20,"errors":0,"api_error":null,"upsert_errors":[],"next_after_id":"a7e1ec6f-2577-4bfc-abef-7208aec99756","has_more":true,"dry_run":false}
batch=947 {"success":true,"platform":"tiktok","merchant_id":"ffe8519e-49a2-467b-a0ec-57d28ba8be49","shop_id":"7495127669839399750","processed":20,"updated":20,"errors":0,"api_error":null,"upsert_errors":[],"next_after_id":"a80d7bbc-0744-4a92-bedf-9444c4102533","has_more":true,"dry_run":false}
batch=948 {"success":true,"platform":"tiktok","merchant_id":"ffe8519e-49a2-467b-a0ec-57d28ba8be49","shop_id":"7495127669839399750","processed":20,"updated":20,"errors":0,"api_error":null,"upsert_errors":[],"next_after_id":"a82fe1cb-0a2a-4c16-9c09-e94cc0a4b63a","has_more":true,"dry_run":false}
batch=949 {"success":true,"platform":"tiktok","merchant_id":"ffe8519e-49a2-467b-a0ec-57d28ba8be49","shop_id":"7495127669839399750","processed":20,"updated":20,"errors":0,"api_error":null,"upsert_errors":[],"next_after_id":"a86beff4-10a2-4a34-b52e-0bdd80288fa7","has_more":true,"dry_run":false}
batch=950 {"success":true,"platform":"tiktok","merchant_id":"ffe8519e-49a2-467b-a0ec-57d28ba8be49","shop_id":"7495127669839399750","processed":20,"updated":20,"errors":0,"api_error":null,"upsert_errors":[],"next_after_id":"a8822ed0-7213-48c1-8e87-7339512f74dc","has_more":true,"dry_run":false}
batch=951 {"success":true,"platform":"tiktok","merchant_id":"ffe8519e-49a2-467b-a0ec-57d28ba8be49","shop_id":"7495127669839399750","processed":20,"updated":20,"errors":0,"api_error":null,"upsert_errors":[],"next_after_id":"a8aca2a8-3d5f-4313-812d-d696b2f1ee95","has_more":true,"dry_run":false}
batch=952 {"success":true,"platform":"tiktok","merchant_id":"ffe8519e-49a2-467b-a0ec-57d28ba8be49","shop_id":"7495127669839399750","processed":20,"updated":20,"errors":0,"api_error":null,"upsert_errors":[],"next_after_id":"a8dce96b-b934-4980-9ec4-ae0d2c1fa3cc","has_more":true,"dry_run":false}
batch=953 {"success":true,"platform":"tiktok","merchant_id":"ffe8519e-49a2-467b-a0ec-57d28ba8be49","shop_id":"7495127669839399750","processed":20,"updated":20,"errors":0,"api_error":null,"upsert_errors":[],"next_after_id":"a9067546-bdd3-43eb-9659-3b7812926151","has_more":true,"dry_run":false}
batch=954 {"success":true,"platform":"tiktok","merchant_id":"ffe8519e-49a2-467b-a0ec-57d28ba8be49","shop_id":"7495127669839399750","processed":20,"updated":20,"errors":0,"api_error":null,"upsert_errors":[],"next_after_id":"a92554fc-20ca-4f8b-a07e-7ba97dc44769","has_more":true,"dry_run":false}
batch=955 {"success":true,"platform":"tiktok","merchant_id":"ffe8519e-49a2-467b-a0ec-57d28ba8be49","shop_id":"7495127669839399750","processed":20,"updated":20,"errors":0,"api_error":null,"upsert_errors":[],"next_after_id":"a943965c-44a6-4a0e-8cc3-3b1ec70a98ea","has_more":true,"dry_run":false}
batch=956 {"success":true,"platform":"tiktok","merchant_id":"ffe8519e-49a2-467b-a0ec-57d28ba8be49","shop_id":"7495127669839399750","processed":20,"updated":20,"errors":0,"api_error":null,"upsert_errors":[],"next_after_id":"a97369ed-0181-4bc9-a06e-dd305208bd20","has_more":true,"dry_run":false}
batch=957 {"success":true,"platform":"tiktok","merchant_id":"ffe8519e-49a2-467b-a0ec-57d28ba8be49","shop_id":"7495127669839399750","processed":20,"updated":20,"errors":0,"api_error":null,"upsert_errors":[],"next_after_id":"a99633a6-31ef-47c7-8c00-8d0b40f84fbb","has_more":true,"dry_run":false}
batch=958 {"success":true,"platform":"tiktok","merchant_id":"ffe8519e-49a2-467b-a0ec-57d28ba8be49","shop_id":"7495127669839399750","processed":20,"updated":20,"errors":0,"api_error":null,"upsert_errors":[],"next_after_id":"a9bfe1a9-8200-40bc-858e-de5ab888dcdd","has_more":true,"dry_run":false}
batch=959 {"success":true,"platform":"tiktok","merchant_id":"ffe8519e-49a2-467b-a0ec-57d28ba8be49","shop_id":"7495127669839399750","processed":20,"updated":20,"errors":0,"api_error":null,"upsert_errors":[],"next_after_id":"a9f8785b-7905-4e57-aba3-2ef2a9d2200a","has_more":true,"dry_run":false}
batch=960 {"success":true,"platform":"tiktok","merchant_id":"ffe8519e-49a2-467b-a0ec-57d28ba8be49","shop_id":"7495127669839399750","processed":20,"updated":20,"errors":0,"api_error":null,"upsert_errors":[],"next_after_id":"aa19bb5d-36b1-42a5-8c2d-5e37b7eed15c","has_more":true,"dry_run":false}
batch=961 {"success":true,"platform":"tiktok","merchant_id":"ffe8519e-49a2-467b-a0ec-57d28ba8be49","shop_id":"7495127669839399750","processed":20,"updated":20,"errors":0,"api_error":null,"upsert_errors":[],"next_after_id":"aa3b9248-dbff-45be-84b0-c41d7ab63f48","has_more":true,"dry_run":false}
batch=962 {"success":true,"platform":"tiktok","merchant_id":"ffe8519e-49a2-467b-a0ec-57d28ba8be49","shop_id":"7495127669839399750","processed":20,"updated":20,"errors":0,"api_error":null,"upsert_errors":[],"next_after_id":"aa6183b8-636d-475b-a952-1beb30f93288","has_more":true,"dry_run":false}
batch=963 {"success":true,"platform":"tiktok","merchant_id":"ffe8519e-49a2-467b-a0ec-57d28ba8be49","shop_id":"7495127669839399750","processed":20,"updated":20,"errors":0,"api_error":null,"upsert_errors":[],"next_after_id":"aa7c0cd0-56b5-49a3-88b5-97088ea76d4e","has_more":true,"dry_run":false}
batch=964 {"success":true,"platform":"tiktok","merchant_id":"ffe8519e-49a2-467b-a0ec-57d28ba8be49","shop_id":"7495127669839399750","processed":20,"updated":20,"errors":0,"api_error":null,"upsert_errors":[],"next_after_id":"aaa1c18a-6508-40b8-9faa-6094f47e92fd","has_more":true,"dry_run":false}
batch=965 {"success":true,"platform":"tiktok","merchant_id":"ffe8519e-49a2-467b-a0ec-57d28ba8be49","shop_id":"7495127669839399750","processed":20,"updated":20,"errors":0,"api_error":null,"upsert_errors":[],"next_after_id":"aad10129-79d2-404a-891b-c9d8b9697f95","has_more":true,"dry_run":false}
batch=966 {"success":true,"platform":"tiktok","merchant_id":"ffe8519e-49a2-467b-a0ec-57d28ba8be49","shop_id":"7495127669839399750","processed":20,"updated":20,"errors":0,"api_error":null,"upsert_errors":[],"next_after_id":"aaf881da-6b47-477e-8e36-d935a3426d06","has_more":true,"dry_run":false}
batch=967 {"success":true,"platform":"tiktok","merchant_id":"ffe8519e-49a2-467b-a0ec-57d28ba8be49","shop_id":"7495127669839399750","processed":20,"updated":20,"errors":0,"api_error":null,"upsert_errors":[],"next_after_id":"ab16c524-8088-4981-896e-817214806260","has_more":true,"dry_run":false}
batch=968 {"success":true,"platform":"tiktok","merchant_id":"ffe8519e-49a2-467b-a0ec-57d28ba8be49","shop_id":"7495127669839399750","processed":20,"updated":20,"errors":0,"api_error":null,"upsert_errors":[],"next_after_id":"ab3f6662-bfec-49c4-992d-230b9cb4f005","has_more":true,"dry_run":false}
batch=969 {"success":true,"platform":"tiktok","merchant_id":"ffe8519e-49a2-467b-a0ec-57d28ba8be49","shop_id":"7495127669839399750","processed":20,"updated":20,"errors":0,"api_error":null,"upsert_errors":[],"next_after_id":"ab68e7cd-bb83-4150-a471-925a73ed8b0f","has_more":true,"dry_run":false}
batch=970 {"success":true,"platform":"tiktok","merchant_id":"ffe8519e-49a2-467b-a0ec-57d28ba8be49","shop_id":"7495127669839399750","processed":20,"updated":20,"errors":0,"api_error":null,"upsert_errors":[],"next_after_id":"ab83ea3c-b55c-46e5-810e-09f75e15e86b","has_more":true,"dry_run":false}
batch=971 {"success":true,"platform":"tiktok","merchant_id":"ffe8519e-49a2-467b-a0ec-57d28ba8be49","shop_id":"7495127669839399750","processed":20,"updated":20,"errors":0,"api_error":null,"upsert_errors":[],"next_after_id":"abb54d63-3381-4b1e-9a13-563b0c4c6b49","has_more":true,"dry_run":false}
batch=972 {"success":true,"platform":"tiktok","merchant_id":"ffe8519e-49a2-467b-a0ec-57d28ba8be49","shop_id":"7495127669839399750","processed":20,"updated":20,"errors":0,"api_error":null,"upsert_errors":[],"next_after_id":"abe9d3a9-cbba-4347-a19d-c977a54d1aac","has_more":true,"dry_run":false}
batch=973 {"success":true,"platform":"tiktok","merchant_id":"ffe8519e-49a2-467b-a0ec-57d28ba8be49","shop_id":"7495127669839399750","processed":20,"updated":20,"errors":0,"api_error":null,"upsert_errors":[],"next_after_id":"ac2e5b0c-327e-4ba9-8087-a22bacd3c051","has_more":true,"dry_run":false}
batch=974 {"success":true,"platform":"tiktok","merchant_id":"ffe8519e-49a2-467b-a0ec-57d28ba8be49","shop_id":"7495127669839399750","processed":20,"updated":20,"errors":0,"api_error":null,"upsert_errors":[],"next_after_id":"ac4de540-93cb-4437-afd0-c9508177b734","has_more":true,"dry_run":false}
batch=975 {"success":true,"platform":"tiktok","merchant_id":"ffe8519e-49a2-467b-a0ec-57d28ba8be49","shop_id":"7495127669839399750","processed":20,"updated":20,"errors":0,"api_error":null,"upsert_errors":[],"next_after_id":"ac78ebc9-5f98-4897-b537-ec01282b22fd","has_more":true,"dry_run":false}
batch=976 {"success":true,"platform":"tiktok","merchant_id":"ffe8519e-49a2-467b-a0ec-57d28ba8be49","shop_id":"7495127669839399750","processed":20,"updated":20,"errors":0,"api_error":null,"upsert_errors":[],"next_after_id":"acb9825b-2494-4cd3-9554-f92750ee8938","has_more":true,"dry_run":false}
batch=977 {"success":true,"platform":"tiktok","merchant_id":"ffe8519e-49a2-467b-a0ec-57d28ba8be49","shop_id":"7495127669839399750","processed":20,"updated":20,"errors":0,"api_error":null,"upsert_errors":[],"next_after_id":"aceda09d-2da4-4e2e-ae2b-6142b887b11e","has_more":true,"dry_run":false}
batch=978 {"success":true,"platform":"tiktok","merchant_id":"ffe8519e-49a2-467b-a0ec-57d28ba8be49","shop_id":"7495127669839399750","processed":20,"updated":20,"errors":0,"api_error":null,"upsert_errors":[],"next_after_id":"ad1761ef-4778-4d11-907e-0af93ddb3208","has_more":true,"dry_run":false}
batch=979 {"success":true,"platform":"tiktok","merchant_id":"ffe8519e-49a2-467b-a0ec-57d28ba8be49","shop_id":"7495127669839399750","processed":20,"updated":20,"errors":0,"api_error":null,"upsert_errors":[],"next_after_id":"ad4f237b-e715-4465-b6bf-a79e5cd20636","has_more":true,"dry_run":false}
batch=980 {"success":true,"platform":"tiktok","merchant_id":"ffe8519e-49a2-467b-a0ec-57d28ba8be49","shop_id":"7495127669839399750","processed":20,"updated":20,"errors":0,"api_error":null,"upsert_errors":[],"next_after_id":"ad81b7da-a535-4738-8f42-57cd08cf3238","has_more":true,"dry_run":false}
batch=981 {"success":true,"platform":"tiktok","merchant_id":"ffe8519e-49a2-467b-a0ec-57d28ba8be49","shop_id":"7495127669839399750","processed":20,"updated":20,"errors":0,"api_error":null,"upsert_errors":[],"next_after_id":"adad0318-6551-487d-81e7-5a9e7ab94033","has_more":true,"dry_run":false}
batch=982 {"success":true,"platform":"tiktok","merchant_id":"ffe8519e-49a2-467b-a0ec-57d28ba8be49","shop_id":"7495127669839399750","processed":20,"updated":20,"errors":0,"api_error":null,"upsert_errors":[],"next_after_id":"adcf3b30-de7e-4501-8b5c-8e32f1849181","has_more":true,"dry_run":false}
batch=983 {"success":true,"platform":"tiktok","merchant_id":"ffe8519e-49a2-467b-a0ec-57d28ba8be49","shop_id":"7495127669839399750","processed":20,"updated":20,"errors":0,"api_error":null,"upsert_errors":[],"next_after_id":"adf8bef2-07c3-4e4e-8bc2-959cfa5d6e0b","has_more":true,"dry_run":false}
batch=984 {"success":true,"platform":"tiktok","merchant_id":"ffe8519e-49a2-467b-a0ec-57d28ba8be49","shop_id":"7495127669839399750","processed":20,"updated":20,"errors":0,"api_error":null,"upsert_errors":[],"next_after_id":"ae26105b-a338-4b39-b4c2-aa7503f13c8a","has_more":true,"dry_run":false}
batch=985 {"success":true,"platform":"tiktok","merchant_id":"ffe8519e-49a2-467b-a0ec-57d28ba8be49","shop_id":"7495127669839399750","processed":20,"updated":20,"errors":0,"api_error":null,"upsert_errors":[],"next_after_id":"ae4548bd-81bb-48de-8de4-22e7f2980a5e","has_more":true,"dry_run":false}
batch=986 {"success":true,"platform":"tiktok","merchant_id":"ffe8519e-49a2-467b-a0ec-57d28ba8be49","shop_id":"7495127669839399750","processed":20,"updated":20,"errors":0,"api_error":null,"upsert_errors":[],"next_after_id":"ae72f131-05e6-4abf-aa01-c704b2435de7","has_more":true,"dry_run":false}
batch=987 {"success":true,"platform":"tiktok","merchant_id":"ffe8519e-49a2-467b-a0ec-57d28ba8be49","shop_id":"7495127669839399750","processed":20,"updated":20,"errors":0,"api_error":null,"upsert_errors":[],"next_after_id":"ae9aad90-25f0-428e-8cda-0081cdc35d2c","has_more":true,"dry_run":false}
batch=988 {"success":true,"platform":"tiktok","merchant_id":"ffe8519e-49a2-467b-a0ec-57d28ba8be49","shop_id":"7495127669839399750","processed":20,"updated":20,"errors":0,"api_error":null,"upsert_errors":[],"next_after_id":"aed2624c-6a76-483f-802a-817d8f08a854","has_more":true,"dry_run":false}
batch=989 {"success":true,"platform":"tiktok","merchant_id":"ffe8519e-49a2-467b-a0ec-57d28ba8be49","shop_id":"7495127669839399750","processed":20,"updated":20,"errors":0,"api_error":null,"upsert_errors":[],"next_after_id":"aefc087b-faef-431b-9b7a-03a35747b9eb","has_more":true,"dry_run":false}
batch=990 {"success":true,"platform":"tiktok","merchant_id":"ffe8519e-49a2-467b-a0ec-57d28ba8be49","shop_id":"7495127669839399750","processed":20,"updated":20,"errors":0,"api_error":null,"upsert_errors":[],"next_after_id":"af1d4110-4515-4139-8ddb-da81a0baeb4f","has_more":true,"dry_run":false}
batch=991 {"success":true,"platform":"tiktok","merchant_id":"ffe8519e-49a2-467b-a0ec-57d28ba8be49","shop_id":"7495127669839399750","processed":20,"updated":20,"errors":0,"api_error":null,"upsert_errors":[],"next_after_id":"af402615-f5a0-43d8-8e25-2d63548ddbdd","has_more":true,"dry_run":false}
batch=992 {"success":true,"platform":"tiktok","merchant_id":"ffe8519e-49a2-467b-a0ec-57d28ba8be49","shop_id":"7495127669839399750","processed":20,"updated":20,"errors":0,"api_error":null,"upsert_errors":[],"next_after_id":"af708bb8-0384-49de-941a-9c9ff54cf96d","has_more":true,"dry_run":false}
batch=993 {"success":true,"platform":"tiktok","merchant_id":"ffe8519e-49a2-467b-a0ec-57d28ba8be49","shop_id":"7495127669839399750","processed":20,"updated":20,"errors":0,"api_error":null,"upsert_errors":[],"next_after_id":"af97b768-18e6-4cbc-9e38-d5b0ce690d68","has_more":true,"dry_run":false}
batch=994 {"success":true,"platform":"tiktok","merchant_id":"ffe8519e-49a2-467b-a0ec-57d28ba8be49","shop_id":"7495127669839399750","processed":20,"updated":20,"errors":0,"api_error":null,"upsert_errors":[],"next_after_id":"afcceab0-0925-43f3-a880-1d06bae84027","has_more":true,"dry_run":false}
batch=995 {"success":true,"platform":"tiktok","merchant_id":"ffe8519e-49a2-467b-a0ec-57d28ba8be49","shop_id":"7495127669839399750","processed":20,"updated":20,"errors":0,"api_error":null,"upsert_errors":[],"next_after_id":"aff0794d-429e-4b42-b6b3-e9f7dc40fc1c","has_more":true,"dry_run":false}
batch=996 {"success":true,"platform":"tiktok","merchant_id":"ffe8519e-49a2-467b-a0ec-57d28ba8be49","shop_id":"7495127669839399750","processed":20,"updated":20,"errors":0,"api_error":null,"upsert_errors":[],"next_after_id":"b00c0614-619c-4cd3-a832-32da5ba8a54b","has_more":true,"dry_run":false}
batch=997 {"success":true,"platform":"tiktok","merchant_id":"ffe8519e-49a2-467b-a0ec-57d28ba8be49","shop_id":"7495127669839399750","processed":20,"updated":20,"errors":0,"api_error":null,"upsert_errors":[],"next_after_id":"b03192ef-b2d7-402b-8216-de5e1b5f7b60","has_more":true,"dry_run":false}
batch=998 {"success":true,"platform":"tiktok","merchant_id":"ffe8519e-49a2-467b-a0ec-57d28ba8be49","shop_id":"7495127669839399750","processed":20,"updated":20,"errors":0,"api_error":null,"upsert_errors":[],"next_after_id":"b0528920-12ba-46d0-87ea-5ec22c8fe09c","has_more":true,"dry_run":false}
batch=999 {"success":true,"platform":"tiktok","merchant_id":"ffe8519e-49a2-467b-a0ec-57d28ba8be49","shop_id":"7495127669839399750","processed":20,"updated":20,"errors":0,"api_error":null,"upsert_errors":[],"next_after_id":"b086d528-6b15-477a-9078-9a3dfee4c417","has_more":true,"dry_run":false}
batch=1000 {"success":true,"platform":"tiktok","merchant_id":"ffe8519e-49a2-467b-a0ec-57d28ba8be49","shop_id":"7495127669839399750","processed":20,"updated":20,"errors":0,"api_error":null,"upsert_errors":[],"next_after_id":"b0a8a4ce-19fe-439b-a76f-f3aa8c71525c","has_more":true,"dry_run":false}
batch=1001 {"success":true,"platform":"tiktok","merchant_id":"ffe8519e-49a2-467b-a0ec-57d28ba8be49","shop_id":"7495127669839399750","processed":20,"updated":20,"errors":0,"api_error":null,"upsert_errors":[],"next_after_id":"b0d76876-99ca-449c-b43e-151a2feb5afd","has_more":true,"dry_run":false}
batch=1002 {"success":true,"platform":"tiktok","merchant_id":"ffe8519e-49a2-467b-a0ec-57d28ba8be49","shop_id":"7495127669839399750","processed":20,"updated":20,"errors":0,"api_error":null,"upsert_errors":[],"next_after_id":"b0f717fc-08a9-4ad1-823e-9b16e17a7fe8","has_more":true,"dry_run":false}
batch=1003 {"success":true,"platform":"tiktok","merchant_id":"ffe8519e-49a2-467b-a0ec-57d28ba8be49","shop_id":"7495127669839399750","processed":20,"updated":20,"errors":0,"api_error":null,"upsert_errors":[],"next_after_id":"b12ab3bb-f5f6-436b-96c0-dfba06be02ca","has_more":true,"dry_run":false}
batch=1004 {"success":true,"platform":"tiktok","merchant_id":"ffe8519e-49a2-467b-a0ec-57d28ba8be49","shop_id":"7495127669839399750","processed":20,"updated":20,"errors":0,"api_error":null,"upsert_errors":[],"next_after_id":"b15e138c-b443-45cd-8258-488f5e4dd3ca","has_more":true,"dry_run":false}
batch=1005 {"success":true,"platform":"tiktok","merchant_id":"ffe8519e-49a2-467b-a0ec-57d28ba8be49","shop_id":"7495127669839399750","processed":20,"updated":20,"errors":0,"api_error":null,"upsert_errors":[],"next_after_id":"b177524c-ded3-4e8d-bcf6-181134994e6b","has_more":true,"dry_run":false}
batch=1006 {"success":true,"platform":"tiktok","merchant_id":"ffe8519e-49a2-467b-a0ec-57d28ba8be49","shop_id":"7495127669839399750","processed":20,"updated":20,"errors":0,"api_error":null,"upsert_errors":[],"next_after_id":"b19a2e04-5bad-444c-85a9-7bc8ebcda8a7","has_more":true,"dry_run":false}
batch=1007 {"success":true,"platform":"tiktok","merchant_id":"ffe8519e-49a2-467b-a0ec-57d28ba8be49","shop_id":"7495127669839399750","processed":20,"updated":20,"errors":0,"api_error":null,"upsert_errors":[],"next_after_id":"b1b98c60-abaa-49e1-bcfc-d9369903f1c3","has_more":true,"dry_run":false}
batch=1008 {"success":true,"platform":"tiktok","merchant_id":"ffe8519e-49a2-467b-a0ec-57d28ba8be49","shop_id":"7495127669839399750","processed":20,"updated":20,"errors":0,"api_error":null,"upsert_errors":[],"next_after_id":"b1edc961-9f5f-4bd2-95c3-23a5a4b9e835","has_more":true,"dry_run":false}
batch=1009 {"success":true,"platform":"tiktok","merchant_id":"ffe8519e-49a2-467b-a0ec-57d28ba8be49","shop_id":"7495127669839399750","processed":20,"updated":20,"errors":0,"api_error":null,"upsert_errors":[],"next_after_id":"b21737f9-58a0-40cc-9edc-6974b235cec1","has_more":true,"dry_run":false}
batch=1010 {"success":true,"platform":"tiktok","merchant_id":"ffe8519e-49a2-467b-a0ec-57d28ba8be49","shop_id":"7495127669839399750","processed":20,"updated":20,"errors":0,"api_error":null,"upsert_errors":[],"next_after_id":"b231f4a1-0cf6-4cd6-bddf-b9fb4a72e9b0","has_more":true,"dry_run":false}
batch=1011 {"success":true,"platform":"tiktok","merchant_id":"ffe8519e-49a2-467b-a0ec-57d28ba8be49","shop_id":"7495127669839399750","processed":20,"updated":20,"errors":0,"api_error":null,"upsert_errors":[],"next_after_id":"b259947f-56e4-40c8-9235-316df7bb5342","has_more":true,"dry_run":false}
batch=1012 {"success":true,"platform":"tiktok","merchant_id":"ffe8519e-49a2-467b-a0ec-57d28ba8be49","shop_id":"7495127669839399750","processed":20,"updated":20,"errors":0,"api_error":null,"upsert_errors":[],"next_after_id":"b2789b9a-7a0a-4c17-a41a-0786d3ddf519","has_more":true,"dry_run":false}
batch=1013 {"success":true,"platform":"tiktok","merchant_id":"ffe8519e-49a2-467b-a0ec-57d28ba8be49","shop_id":"7495127669839399750","processed":20,"updated":20,"errors":0,"api_error":null,"upsert_errors":[],"next_after_id":"b29d3536-3b74-458a-8abc-d5fbc0735e48","has_more":true,"dry_run":false}
batch=1014 {"success":true,"platform":"tiktok","merchant_id":"ffe8519e-49a2-467b-a0ec-57d28ba8be49","shop_id":"7495127669839399750","processed":20,"updated":20,"errors":0,"api_error":null,"upsert_errors":[],"next_after_id":"b2c6e9ba-c302-4764-bce6-0de307ad00c5","has_more":true,"dry_run":false}
batch=1015 {"success":true,"platform":"tiktok","merchant_id":"ffe8519e-49a2-467b-a0ec-57d28ba8be49","shop_id":"7495127669839399750","processed":20,"updated":20,"errors":0,"api_error":null,"upsert_errors":[],"next_after_id":"b3047272-4327-48d2-b01e-1acb594903a8","has_more":true,"dry_run":false}
batch=1016 {"success":true,"platform":"tiktok","merchant_id":"ffe8519e-49a2-467b-a0ec-57d28ba8be49","shop_id":"7495127669839399750","processed":20,"updated":20,"errors":0,"api_error":null,"upsert_errors":[],"next_after_id":"b332beeb-0d3a-4bc5-a964-6bfda203ee55","has_more":true,"dry_run":false}
batch=1017 {"success":true,"platform":"tiktok","merchant_id":"ffe8519e-49a2-467b-a0ec-57d28ba8be49","shop_id":"7495127669839399750","processed":20,"updated":20,"errors":0,"api_error":null,"upsert_errors":[],"next_after_id":"b34ea075-e573-4bd3-a1e3-baa310958dab","has_more":true,"dry_run":false}
batch=1018 {"success":true,"platform":"tiktok","merchant_id":"ffe8519e-49a2-467b-a0ec-57d28ba8be49","shop_id":"7495127669839399750","processed":20,"updated":20,"errors":0,"api_error":null,"upsert_errors":[],"next_after_id":"b36e8c58-6a25-4328-8081-1f0e2a82845c","has_more":true,"dry_run":false}
batch=1019 {"success":true,"platform":"tiktok","merchant_id":"ffe8519e-49a2-467b-a0ec-57d28ba8be49","shop_id":"7495127669839399750","processed":20,"updated":20,"errors":0,"api_error":null,"upsert_errors":[],"next_after_id":"b39ac3a1-bc32-4f86-8342-0bb652b8f27d","has_more":true,"dry_run":false}
batch=1020 {"success":true,"platform":"tiktok","merchant_id":"ffe8519e-49a2-467b-a0ec-57d28ba8be49","shop_id":"7495127669839399750","processed":20,"updated":20,"errors":0,"api_error":null,"upsert_errors":[],"next_after_id":"b3cc2566-0535-47db-9fff-7363a614ee1c","has_more":true,"dry_run":false}
batch=1021 {"success":true,"platform":"tiktok","merchant_id":"ffe8519e-49a2-467b-a0ec-57d28ba8be49","shop_id":"7495127669839399750","processed":20,"updated":20,"errors":0,"api_error":null,"upsert_errors":[],"next_after_id":"b4020e84-897c-4b67-bd8a-22b514825031","has_more":true,"dry_run":false}
batch=1022 {"success":true,"platform":"tiktok","merchant_id":"ffe8519e-49a2-467b-a0ec-57d28ba8be49","shop_id":"7495127669839399750","processed":20,"updated":20,"errors":0,"api_error":null,"upsert_errors":[],"next_after_id":"b4352541-98c8-417d-8a3d-80aa7488c548","has_more":true,"dry_run":false}
batch=1023 {"success":true,"platform":"tiktok","merchant_id":"ffe8519e-49a2-467b-a0ec-57d28ba8be49","shop_id":"7495127669839399750","processed":20,"updated":20,"errors":0,"api_error":null,"upsert_errors":[],"next_after_id":"b456006b-5ed6-4c41-afba-2d587b3c75e8","has_more":true,"dry_run":false}
batch=1024 {"success":true,"platform":"tiktok","merchant_id":"ffe8519e-49a2-467b-a0ec-57d28ba8be49","shop_id":"7495127669839399750","processed":20,"updated":20,"errors":0,"api_error":null,"upsert_errors":[],"next_after_id":"b47c62e0-e7e4-4a42-a218-58573d53e628","has_more":true,"dry_run":false}
batch=1025 {"success":true,"platform":"tiktok","merchant_id":"ffe8519e-49a2-467b-a0ec-57d28ba8be49","shop_id":"7495127669839399750","processed":20,"updated":20,"errors":0,"api_error":null,"upsert_errors":[],"next_after_id":"b4a3f943-0082-443b-9d95-fcca944c6fcc","has_more":true,"dry_run":false}
batch=1026 {"success":true,"platform":"tiktok","merchant_id":"ffe8519e-49a2-467b-a0ec-57d28ba8be49","shop_id":"7495127669839399750","processed":20,"updated":20,"errors":0,"api_error":null,"upsert_errors":[],"next_after_id":"b4d06b61-f523-47d0-b0aa-d074dff67f9e","has_more":true,"dry_run":false}
batch=1027 {"success":true,"platform":"tiktok","merchant_id":"ffe8519e-49a2-467b-a0ec-57d28ba8be49","shop_id":"7495127669839399750","processed":20,"updated":20,"errors":0,"api_error":null,"upsert_errors":[],"next_after_id":"b4f75d26-2eed-4110-bcdc-7718bdffc733","has_more":true,"dry_run":false}
batch=1028 {"success":true,"platform":"tiktok","merchant_id":"ffe8519e-49a2-467b-a0ec-57d28ba8be49","shop_id":"7495127669839399750","processed":20,"updated":20,"errors":0,"api_error":null,"upsert_errors":[],"next_after_id":"b51de3e9-497e-4978-bdbf-b933d8d5397d","has_more":true,"dry_run":false}
batch=1029 {"success":true,"platform":"tiktok","merchant_id":"ffe8519e-49a2-467b-a0ec-57d28ba8be49","shop_id":"7495127669839399750","processed":20,"updated":20,"errors":0,"api_error":null,"upsert_errors":[],"next_after_id":"b543b225-4c8a-4d09-818b-b2518d6068f5","has_more":true,"dry_run":false}
batch=1030 {"success":true,"platform":"tiktok","merchant_id":"ffe8519e-49a2-467b-a0ec-57d28ba8be49","shop_id":"7495127669839399750","processed":20,"updated":20,"errors":0,"api_error":null,"upsert_errors":[],"next_after_id":"b573aa0c-e0cd-459f-9cef-a3289a3f2b64","has_more":true,"dry_run":false}
batch=1031 {"success":true,"platform":"tiktok","merchant_id":"ffe8519e-49a2-467b-a0ec-57d28ba8be49","shop_id":"7495127669839399750","processed":20,"updated":20,"errors":0,"api_error":null,"upsert_errors":[],"next_after_id":"b5a3fbe2-beb6-4fa0-9ac7-253838a79655","has_more":true,"dry_run":false}
batch=1032 {"success":true,"platform":"tiktok","merchant_id":"ffe8519e-49a2-467b-a0ec-57d28ba8be49","shop_id":"7495127669839399750","processed":20,"updated":20,"errors":0,"api_error":null,"upsert_errors":[],"next_after_id":"b5d084ab-59c3-4253-b57c-a2db48b87f13","has_more":true,"dry_run":false}
batch=1033 {"success":true,"platform":"tiktok","merchant_id":"ffe8519e-49a2-467b-a0ec-57d28ba8be49","shop_id":"7495127669839399750","processed":20,"updated":20,"errors":0,"api_error":null,"upsert_errors":[],"next_after_id":"b5fcc02d-075b-46f8-a99e-6964c4d8f2e6","has_more":true,"dry_run":false}
batch=1034 {"success":true,"platform":"tiktok","merchant_id":"ffe8519e-49a2-467b-a0ec-57d28ba8be49","shop_id":"7495127669839399750","processed":20,"updated":20,"errors":0,"api_error":null,"upsert_errors":[],"next_after_id":"b625df86-a1b0-45af-a3bc-45639cb7dabb","has_more":true,"dry_run":false}
batch=1035 {"success":true,"platform":"tiktok","merchant_id":"ffe8519e-49a2-467b-a0ec-57d28ba8be49","shop_id":"7495127669839399750","processed":20,"updated":20,"errors":0,"api_error":null,"upsert_errors":[],"next_after_id":"b650a3bf-d7a3-4bdd-9b5c-bacf5931772d","has_more":true,"dry_run":false}
batch=1036 {"success":true,"platform":"tiktok","merchant_id":"ffe8519e-49a2-467b-a0ec-57d28ba8be49","shop_id":"7495127669839399750","processed":20,"updated":20,"errors":0,"api_error":null,"upsert_errors":[],"next_after_id":"b6714082-e065-402d-82ef-3614ba2a6ac5","has_more":true,"dry_run":false}
batch=1037 {"success":true,"platform":"tiktok","merchant_id":"ffe8519e-49a2-467b-a0ec-57d28ba8be49","shop_id":"7495127669839399750","processed":20,"updated":20,"errors":0,"api_error":null,"upsert_errors":[],"next_after_id":"b69fb2f6-60ab-41aa-85bd-f1d54a3960ce","has_more":true,"dry_run":false}
batch=1038 {"success":true,"platform":"tiktok","merchant_id":"ffe8519e-49a2-467b-a0ec-57d28ba8be49","shop_id":"7495127669839399750","processed":20,"updated":20,"errors":0,"api_error":null,"upsert_errors":[],"next_after_id":"b6c6d7e5-0283-4fd5-ba0e-c3f2c9ed85e1","has_more":true,"dry_run":false}
batch=1039 {"success":true,"platform":"tiktok","merchant_id":"ffe8519e-49a2-467b-a0ec-57d28ba8be49","shop_id":"7495127669839399750","processed":20,"updated":20,"errors":0,"api_error":null,"upsert_errors":[],"next_after_id":"b6e48589-e5b3-4cff-878a-bd75fd0b37c9","has_more":true,"dry_run":false}
batch=1040 {"success":true,"platform":"tiktok","merchant_id":"ffe8519e-49a2-467b-a0ec-57d28ba8be49","shop_id":"7495127669839399750","processed":20,"updated":20,"errors":0,"api_error":null,"upsert_errors":[],"next_after_id":"b71b1dd9-1e3c-4db5-b17c-9d80f74d71c5","has_more":true,"dry_run":false}
batch=1041 {"success":true,"platform":"tiktok","merchant_id":"ffe8519e-49a2-467b-a0ec-57d28ba8be49","shop_id":"7495127669839399750","processed":20,"updated":20,"errors":0,"api_error":null,"upsert_errors":[],"next_after_id":"b746a968-15f6-43be-80ac-781cf1dfc590","has_more":true,"dry_run":false}
batch=1042 {"success":true,"platform":"tiktok","merchant_id":"ffe8519e-49a2-467b-a0ec-57d28ba8be49","shop_id":"7495127669839399750","processed":20,"updated":20,"errors":0,"api_error":null,"upsert_errors":[],"next_after_id":"b7781e22-1dfc-412b-86c7-2f19a7f85f8b","has_more":true,"dry_run":false}
batch=1043 {"success":true,"platform":"tiktok","merchant_id":"ffe8519e-49a2-467b-a0ec-57d28ba8be49","shop_id":"7495127669839399750","processed":20,"updated":20,"errors":0,"api_error":null,"upsert_errors":[],"next_after_id":"b799a9e1-0a5a-4014-9a59-bf1b6bab7d2e","has_more":true,"dry_run":false}
batch=1044 {"success":true,"platform":"tiktok","merchant_id":"ffe8519e-49a2-467b-a0ec-57d28ba8be49","shop_id":"7495127669839399750","processed":20,"updated":20,"errors":0,"api_error":null,"upsert_errors":[],"next_after_id":"b7ba6f4b-e726-4013-b593-ca989347894f","has_more":true,"dry_run":false}
batch=1045 {"success":true,"platform":"tiktok","merchant_id":"ffe8519e-49a2-467b-a0ec-57d28ba8be49","shop_id":"7495127669839399750","processed":20,"updated":20,"errors":0,"api_error":null,"upsert_errors":[],"next_after_id":"b7e80cc2-1619-4cf2-a1f4-87043b79465f","has_more":true,"dry_run":false}
batch=1046 {"success":true,"platform":"tiktok","merchant_id":"ffe8519e-49a2-467b-a0ec-57d28ba8be49","shop_id":"7495127669839399750","processed":20,"updated":20,"errors":0,"api_error":null,"upsert_errors":[],"next_after_id":"b82839d3-c88e-4dbb-bc0a-b8834c763549","has_more":true,"dry_run":false}
batch=1047 {"success":true,"platform":"tiktok","merchant_id":"ffe8519e-49a2-467b-a0ec-57d28ba8be49","shop_id":"7495127669839399750","processed":20,"updated":20,"errors":0,"api_error":null,"upsert_errors":[],"next_after_id":"b84a1a17-0750-4037-bb52-70da2a89e1b9","has_more":true,"dry_run":false}
batch=1048 {"success":true,"platform":"tiktok","merchant_id":"ffe8519e-49a2-467b-a0ec-57d28ba8be49","shop_id":"7495127669839399750","processed":20,"updated":20,"errors":0,"api_error":null,"upsert_errors":[],"next_after_id":"b8675ac3-e3da-4e5e-abfe-fc00d5881e7a","has_more":true,"dry_run":false}
batch=1049 {"success":true,"platform":"tiktok","merchant_id":"ffe8519e-49a2-467b-a0ec-57d28ba8be49","shop_id":"7495127669839399750","processed":20,"updated":20,"errors":0,"api_error":null,"upsert_errors":[],"next_after_id":"b888b493-830f-4858-8159-b654b874f58a","has_more":true,"dry_run":false}
batch=1050 {"success":true,"platform":"tiktok","merchant_id":"ffe8519e-49a2-467b-a0ec-57d28ba8be49","shop_id":"7495127669839399750","processed":20,"updated":20,"errors":0,"api_error":null,"upsert_errors":[],"next_after_id":"b8befa7e-0188-41f2-a631-e357a6b76da3","has_more":true,"dry_run":false}
batch=1051 {"success":true,"platform":"tiktok","merchant_id":"ffe8519e-49a2-467b-a0ec-57d28ba8be49","shop_id":"7495127669839399750","processed":20,"updated":20,"errors":0,"api_error":null,"upsert_errors":[],"next_after_id":"b8ea5f1b-f438-41ab-9184-6e3218577594","has_more":true,"dry_run":false}
batch=1052 {"success":true,"platform":"tiktok","merchant_id":"ffe8519e-49a2-467b-a0ec-57d28ba8be49","shop_id":"7495127669839399750","processed":20,"updated":20,"errors":0,"api_error":null,"upsert_errors":[],"next_after_id":"b91b167c-82c9-4ea0-a529-f7decf2ba42f","has_more":true,"dry_run":false}
batch=1053 {"success":true,"platform":"tiktok","merchant_id":"ffe8519e-49a2-467b-a0ec-57d28ba8be49","shop_id":"7495127669839399750","processed":20,"updated":20,"errors":0,"api_error":null,"upsert_errors":[],"next_after_id":"b9427106-2f5d-486c-b0d6-137ef24b4db0","has_more":true,"dry_run":false}
batch=1054 {"success":true,"platform":"tiktok","merchant_id":"ffe8519e-49a2-467b-a0ec-57d28ba8be49","shop_id":"7495127669839399750","processed":20,"updated":20,"errors":0,"api_error":null,"upsert_errors":[],"next_after_id":"b97a113d-ae31-4b8c-a011-d43f7947b5e4","has_more":true,"dry_run":false}
batch=1055 {"success":true,"platform":"tiktok","merchant_id":"ffe8519e-49a2-467b-a0ec-57d28ba8be49","shop_id":"7495127669839399750","processed":20,"updated":20,"errors":0,"api_error":null,"upsert_errors":[],"next_after_id":"b99bbb6d-ab9e-4a4d-bbfc-d0233d770806","has_more":true,"dry_run":false}
batch=1056 {"success":true,"platform":"tiktok","merchant_id":"ffe8519e-49a2-467b-a0ec-57d28ba8be49","shop_id":"7495127669839399750","processed":20,"updated":20,"errors":0,"api_error":null,"upsert_errors":[],"next_after_id":"b9c262c4-7c41-46b2-92a5-068c46669465","has_more":true,"dry_run":false}
batch=1057 {"success":true,"platform":"tiktok","merchant_id":"ffe8519e-49a2-467b-a0ec-57d28ba8be49","shop_id":"7495127669839399750","processed":20,"updated":20,"errors":0,"api_error":null,"upsert_errors":[],"next_after_id":"b9e1bcb5-8f55-4710-8c79-5e7160e6fd92","has_more":true,"dry_run":false}
batch=1058 {"success":true,"platform":"tiktok","merchant_id":"ffe8519e-49a2-467b-a0ec-57d28ba8be49","shop_id":"7495127669839399750","processed":20,"updated":20,"errors":0,"api_error":null,"upsert_errors":[],"next_after_id":"ba1abbf2-137a-43f9-b753-0b23e166c224","has_more":true,"dry_run":false}
batch=1059 {"success":true,"platform":"tiktok","merchant_id":"ffe8519e-49a2-467b-a0ec-57d28ba8be49","shop_id":"7495127669839399750","processed":20,"updated":20,"errors":0,"api_error":null,"upsert_errors":[],"next_after_id":"ba3c206b-e78e-4ce7-ac4c-6a691aee9b48","has_more":true,"dry_run":false}
batch=1060 {"success":true,"platform":"tiktok","merchant_id":"ffe8519e-49a2-467b-a0ec-57d28ba8be49","shop_id":"7495127669839399750","processed":20,"updated":20,"errors":0,"api_error":null,"upsert_errors":[],"next_after_id":"ba61de02-925f-4911-9e17-dc35e26b602e","has_more":true,"dry_run":false}
batch=1061 {"success":true,"platform":"tiktok","merchant_id":"ffe8519e-49a2-467b-a0ec-57d28ba8be49","shop_id":"7495127669839399750","processed":20,"updated":20,"errors":0,"api_error":null,"upsert_errors":[],"next_after_id":"ba84d68f-071c-4db1-8fe6-08cfede0fc0c","has_more":true,"dry_run":false}
batch=1062 {"success":true,"platform":"tiktok","merchant_id":"ffe8519e-49a2-467b-a0ec-57d28ba8be49","shop_id":"7495127669839399750","processed":20,"updated":20,"errors":0,"api_error":null,"upsert_errors":[],"next_after_id":"bab1d766-df77-44a1-a3e8-ba80312a8847","has_more":true,"dry_run":false}
batch=1063 {"success":true,"platform":"tiktok","merchant_id":"ffe8519e-49a2-467b-a0ec-57d28ba8be49","shop_id":"7495127669839399750","processed":20,"updated":20,"errors":0,"api_error":null,"upsert_errors":[],"next_after_id":"bada0bb7-cb10-4247-b8e0-bcd8eb81e575","has_more":true,"dry_run":false}
batch=1064 {"success":true,"platform":"tiktok","merchant_id":"ffe8519e-49a2-467b-a0ec-57d28ba8be49","shop_id":"7495127669839399750","processed":20,"updated":20,"errors":0,"api_error":null,"upsert_errors":[],"next_after_id":"bb0ca452-7660-4171-8f49-c3d12c856d52","has_more":true,"dry_run":false}
batch=1065 {"success":true,"platform":"tiktok","merchant_id":"ffe8519e-49a2-467b-a0ec-57d28ba8be49","shop_id":"7495127669839399750","processed":20,"updated":20,"errors":0,"api_error":null,"upsert_errors":[],"next_after_id":"bb3730fb-36fb-48c9-9b3c-00ae500f1b06","has_more":true,"dry_run":false}
batch=1066 {"success":true,"platform":"tiktok","merchant_id":"ffe8519e-49a2-467b-a0ec-57d28ba8be49","shop_id":"7495127669839399750","processed":20,"updated":20,"errors":0,"api_error":null,"upsert_errors":[],"next_after_id":"bb6a15f4-663c-45b4-8c58-1cfde79a23dc","has_more":true,"dry_run":false}
batch=1067 {"success":true,"platform":"tiktok","merchant_id":"ffe8519e-49a2-467b-a0ec-57d28ba8be49","shop_id":"7495127669839399750","processed":20,"updated":20,"errors":0,"api_error":null,"upsert_errors":[],"next_after_id":"bb98bc90-1801-41f0-b0d0-806e9a4b9233","has_more":true,"dry_run":false}
batch=1068 {"success":true,"platform":"tiktok","merchant_id":"ffe8519e-49a2-467b-a0ec-57d28ba8be49","shop_id":"7495127669839399750","processed":20,"updated":20,"errors":0,"api_error":null,"upsert_errors":[],"next_after_id":"bbce80a0-a159-4ddb-a4c1-05d9f10e0a7d","has_more":true,"dry_run":false}
batch=1069 {"success":true,"platform":"tiktok","merchant_id":"ffe8519e-49a2-467b-a0ec-57d28ba8be49","shop_id":"7495127669839399750","processed":20,"updated":20,"errors":0,"api_error":null,"upsert_errors":[],"next_after_id":"bc01cdbf-7bf3-48db-b604-1a097e782e5b","has_more":true,"dry_run":false}
batch=1070 {"success":true,"platform":"tiktok","merchant_id":"ffe8519e-49a2-467b-a0ec-57d28ba8be49","shop_id":"7495127669839399750","processed":20,"updated":20,"errors":0,"api_error":null,"upsert_errors":[],"next_after_id":"bc221b6d-612e-4d27-825e-544e1d820395","has_more":true,"dry_run":false}
batch=1071 {"success":true,"platform":"tiktok","merchant_id":"ffe8519e-49a2-467b-a0ec-57d28ba8be49","shop_id":"7495127669839399750","processed":20,"updated":20,"errors":0,"api_error":null,"upsert_errors":[],"next_after_id":"bc4e141d-6434-4d72-936d-f52ab6808b1f","has_more":true,"dry_run":false}
batch=1072 {"success":true,"platform":"tiktok","merchant_id":"ffe8519e-49a2-467b-a0ec-57d28ba8be49","shop_id":"7495127669839399750","processed":20,"updated":20,"errors":0,"api_error":null,"upsert_errors":[],"next_after_id":"bc8c5306-048c-4257-86c1-7841dc5d07a3","has_more":true,"dry_run":false}
batch=1073 {"success":true,"platform":"tiktok","merchant_id":"ffe8519e-49a2-467b-a0ec-57d28ba8be49","shop_id":"7495127669839399750","processed":20,"updated":20,"errors":0,"api_error":null,"upsert_errors":[],"next_after_id":"bcb91003-70b9-4438-9268-a1135a7642d5","has_more":true,"dry_run":false}
batch=1074 {"success":true,"platform":"tiktok","merchant_id":"ffe8519e-49a2-467b-a0ec-57d28ba8be49","shop_id":"7495127669839399750","processed":20,"updated":20,"errors":0,"api_error":null,"upsert_errors":[],"next_after_id":"bcebda7f-f964-4136-8ea2-8b2a8c02f338","has_more":true,"dry_run":false}
batch=1075 {"success":true,"platform":"tiktok","merchant_id":"ffe8519e-49a2-467b-a0ec-57d28ba8be49","shop_id":"7495127669839399750","processed":20,"updated":20,"errors":0,"api_error":null,"upsert_errors":[],"next_after_id":"bd23fab4-9e42-441a-862b-3a713b2abe9d","has_more":true,"dry_run":false}
batch=1076 {"success":true,"platform":"tiktok","merchant_id":"ffe8519e-49a2-467b-a0ec-57d28ba8be49","shop_id":"7495127669839399750","processed":20,"updated":20,"errors":0,"api_error":null,"upsert_errors":[],"next_after_id":"bd4da6b8-0a3e-4c1a-8ff2-a50271532a9d","has_more":true,"dry_run":false}
batch=1077 {"success":true,"platform":"tiktok","merchant_id":"ffe8519e-49a2-467b-a0ec-57d28ba8be49","shop_id":"7495127669839399750","processed":20,"updated":20,"errors":0,"api_error":null,"upsert_errors":[],"next_after_id":"bd757461-058b-467e-9d60-9cf60b165816","has_more":true,"dry_run":false}
batch=1078 {"success":true,"platform":"tiktok","merchant_id":"ffe8519e-49a2-467b-a0ec-57d28ba8be49","shop_id":"7495127669839399750","processed":20,"updated":20,"errors":0,"api_error":null,"upsert_errors":[],"next_after_id":"bd9eaf8b-35a4-4fa2-abe5-47075400572b","has_more":true,"dry_run":false}
batch=1079 {"success":true,"platform":"tiktok","merchant_id":"ffe8519e-49a2-467b-a0ec-57d28ba8be49","shop_id":"7495127669839399750","processed":20,"updated":20,"errors":0,"api_error":null,"upsert_errors":[],"next_after_id":"bdc9e3e1-fda8-40e4-b050-764e25e2fe15","has_more":true,"dry_run":false}
batch=1080 {"success":true,"platform":"tiktok","merchant_id":"ffe8519e-49a2-467b-a0ec-57d28ba8be49","shop_id":"7495127669839399750","processed":20,"updated":20,"errors":0,"api_error":null,"upsert_errors":[],"next_after_id":"bdf074c2-4b71-4d88-96e3-b2848ca5e533","has_more":true,"dry_run":false}
batch=1081 {"success":true,"platform":"tiktok","merchant_id":"ffe8519e-49a2-467b-a0ec-57d28ba8be49","shop_id":"7495127669839399750","processed":20,"updated":20,"errors":0,"api_error":null,"upsert_errors":[],"next_after_id":"be0d0ac7-ef44-40fe-a069-95718067ca0e","has_more":true,"dry_run":false}
batch=1082 {"success":true,"platform":"tiktok","merchant_id":"ffe8519e-49a2-467b-a0ec-57d28ba8be49","shop_id":"7495127669839399750","processed":20,"updated":20,"errors":0,"api_error":null,"upsert_errors":[],"next_after_id":"be4b3f91-6cb1-4f45-8d98-f5b1fd479efe","has_more":true,"dry_run":false}
batch=1083 {"success":true,"platform":"tiktok","merchant_id":"ffe8519e-49a2-467b-a0ec-57d28ba8be49","shop_id":"7495127669839399750","processed":20,"updated":20,"errors":0,"api_error":null,"upsert_errors":[],"next_after_id":"be6e1808-c690-435e-9baf-c1a2cd177aa0","has_more":true,"dry_run":false}
batch=1084 {"success":true,"platform":"tiktok","merchant_id":"ffe8519e-49a2-467b-a0ec-57d28ba8be49","shop_id":"7495127669839399750","processed":20,"updated":20,"errors":0,"api_error":null,"upsert_errors":[],"next_after_id":"be9f0be8-23eb-4161-91a1-2cee35246b4b","has_more":true,"dry_run":false}
batch=1085 {"success":true,"platform":"tiktok","merchant_id":"ffe8519e-49a2-467b-a0ec-57d28ba8be49","shop_id":"7495127669839399750","processed":20,"updated":20,"errors":0,"api_error":null,"upsert_errors":[],"next_after_id":"bebe651b-5af3-4876-860d-78a4998ad1e5","has_more":true,"dry_run":false}
batch=1086 {"success":true,"platform":"tiktok","merchant_id":"ffe8519e-49a2-467b-a0ec-57d28ba8be49","shop_id":"7495127669839399750","processed":20,"updated":20,"errors":0,"api_error":null,"upsert_errors":[],"next_after_id":"bee1f109-3d33-46e4-8240-426b70301b88","has_more":true,"dry_run":false}
batch=1087 {"success":true,"platform":"tiktok","merchant_id":"ffe8519e-49a2-467b-a0ec-57d28ba8be49","shop_id":"7495127669839399750","processed":20,"updated":20,"errors":0,"api_error":null,"upsert_errors":[],"next_after_id":"bf054463-b573-4d5f-b92d-a68870029a21","has_more":true,"dry_run":false}
batch=1088 {"success":true,"platform":"tiktok","merchant_id":"ffe8519e-49a2-467b-a0ec-57d28ba8be49","shop_id":"7495127669839399750","processed":20,"updated":20,"errors":0,"api_error":null,"upsert_errors":[],"next_after_id":"bf3c4a3a-0632-48e6-9aaf-937c3e1837a8","has_more":true,"dry_run":false}
batch=1089 {"success":true,"platform":"tiktok","merchant_id":"ffe8519e-49a2-467b-a0ec-57d28ba8be49","shop_id":"7495127669839399750","processed":20,"updated":20,"errors":0,"api_error":null,"upsert_errors":[],"next_after_id":"bf6c33a6-6683-4e91-b2da-09f51383e652","has_more":true,"dry_run":false}
batch=1090 {"success":true,"platform":"tiktok","merchant_id":"ffe8519e-49a2-467b-a0ec-57d28ba8be49","shop_id":"7495127669839399750","processed":20,"updated":20,"errors":0,"api_error":null,"upsert_errors":[],"next_after_id":"bf902e26-08ca-4bb0-b14b-d9d4ae4cb797","has_more":true,"dry_run":false}
batch=1091 {"success":true,"platform":"tiktok","merchant_id":"ffe8519e-49a2-467b-a0ec-57d28ba8be49","shop_id":"7495127669839399750","processed":20,"updated":20,"errors":0,"api_error":null,"upsert_errors":[],"next_after_id":"bfb60016-4e91-49ff-b0e4-f8f3b423fca5","has_more":true,"dry_run":false}
batch=1092 {"success":true,"platform":"tiktok","merchant_id":"ffe8519e-49a2-467b-a0ec-57d28ba8be49","shop_id":"7495127669839399750","processed":20,"updated":20,"errors":0,"api_error":null,"upsert_errors":[],"next_after_id":"bfda326c-992e-496e-b6f4-a731ed6359bf","has_more":true,"dry_run":false}
batch=1093 {"success":true,"platform":"tiktok","merchant_id":"ffe8519e-49a2-467b-a0ec-57d28ba8be49","shop_id":"7495127669839399750","processed":20,"updated":20,"errors":0,"api_error":null,"upsert_errors":[],"next_after_id":"bffa2079-d714-4f26-b84a-678100927d31","has_more":true,"dry_run":false}
batch=1094 {"success":true,"platform":"tiktok","merchant_id":"ffe8519e-49a2-467b-a0ec-57d28ba8be49","shop_id":"7495127669839399750","processed":20,"updated":20,"errors":0,"api_error":null,"upsert_errors":[],"next_after_id":"c01b15ac-2586-4c3d-9897-c61935226bc0","has_more":true,"dry_run":false}
batch=1095 {"success":true,"platform":"tiktok","merchant_id":"ffe8519e-49a2-467b-a0ec-57d28ba8be49","shop_id":"7495127669839399750","processed":20,"updated":20,"errors":0,"api_error":null,"upsert_errors":[],"next_after_id":"c03f743f-3e5b-4737-99e1-0c10ceace1ac","has_more":true,"dry_run":false}
batch=1096 {"success":true,"platform":"tiktok","merchant_id":"ffe8519e-49a2-467b-a0ec-57d28ba8be49","shop_id":"7495127669839399750","processed":20,"updated":20,"errors":0,"api_error":null,"upsert_errors":[],"next_after_id":"c066d799-bd30-41dc-ba99-7a19258b5aef","has_more":true,"dry_run":false}
batch=1097 {"success":true,"platform":"tiktok","merchant_id":"ffe8519e-49a2-467b-a0ec-57d28ba8be49","shop_id":"7495127669839399750","processed":20,"updated":20,"errors":0,"api_error":null,"upsert_errors":[],"next_after_id":"c08a7178-a9b2-4ef5-ab9e-5f3289000422","has_more":true,"dry_run":false}
batch=1098 {"success":true,"platform":"tiktok","merchant_id":"ffe8519e-49a2-467b-a0ec-57d28ba8be49","shop_id":"7495127669839399750","processed":20,"updated":20,"errors":0,"api_error":null,"upsert_errors":[],"next_after_id":"c0b59b16-e54c-4f49-a28f-8ca9e548f3f9","has_more":true,"dry_run":false}
batch=1099 {"success":true,"platform":"tiktok","merchant_id":"ffe8519e-49a2-467b-a0ec-57d28ba8be49","shop_id":"7495127669839399750","processed":20,"updated":20,"errors":0,"api_error":null,"upsert_errors":[],"next_after_id":"c0e01f07-5814-4d05-86d3-e3a8760dacf1","has_more":true,"dry_run":false}
batch=1100 {"success":true,"platform":"tiktok","merchant_id":"ffe8519e-49a2-467b-a0ec-57d28ba8be49","shop_id":"7495127669839399750","processed":20,"updated":20,"errors":0,"api_error":null,"upsert_errors":[],"next_after_id":"c102cf5f-7d62-4c1b-b671-555ac0704ca4","has_more":true,"dry_run":false}
batch=1101 {"success":true,"platform":"tiktok","merchant_id":"ffe8519e-49a2-467b-a0ec-57d28ba8be49","shop_id":"7495127669839399750","processed":20,"updated":20,"errors":0,"api_error":null,"upsert_errors":[],"next_after_id":"c12cd416-e2c6-4c51-a4a1-d262cb3db052","has_more":true,"dry_run":false}
batch=1102 {"success":true,"platform":"tiktok","merchant_id":"ffe8519e-49a2-467b-a0ec-57d28ba8be49","shop_id":"7495127669839399750","processed":20,"updated":20,"errors":0,"api_error":null,"upsert_errors":[],"next_after_id":"c145a9ff-b78e-43d9-af39-dd2ee6ff1d9a","has_more":true,"dry_run":false}
batch=1103 {"success":true,"platform":"tiktok","merchant_id":"ffe8519e-49a2-467b-a0ec-57d28ba8be49","shop_id":"7495127669839399750","processed":20,"updated":20,"errors":0,"api_error":null,"upsert_errors":[],"next_after_id":"c17045bc-61c1-496f-9242-1ce1b889bf34","has_more":true,"dry_run":false}
batch=1104 {"success":true,"platform":"tiktok","merchant_id":"ffe8519e-49a2-467b-a0ec-57d28ba8be49","shop_id":"7495127669839399750","processed":20,"updated":20,"errors":0,"api_error":null,"upsert_errors":[],"next_after_id":"c1952197-e692-41b0-8e4d-b5854a41b05e","has_more":true,"dry_run":false}
batch=1105 {"success":true,"platform":"tiktok","merchant_id":"ffe8519e-49a2-467b-a0ec-57d28ba8be49","shop_id":"7495127669839399750","processed":20,"updated":20,"errors":0,"api_error":null,"upsert_errors":[],"next_after_id":"c1c0e83f-0cb9-4987-b856-1b7222e54a00","has_more":true,"dry_run":false}
batch=1106 {"success":true,"platform":"tiktok","merchant_id":"ffe8519e-49a2-467b-a0ec-57d28ba8be49","shop_id":"7495127669839399750","processed":20,"updated":20,"errors":0,"api_error":null,"upsert_errors":[],"next_after_id":"c1e74381-7689-41ad-90a4-8ebc781ea191","has_more":true,"dry_run":false}
batch=1107 {"success":true,"platform":"tiktok","merchant_id":"ffe8519e-49a2-467b-a0ec-57d28ba8be49","shop_id":"7495127669839399750","processed":20,"updated":20,"errors":0,"api_error":null,"upsert_errors":[],"next_after_id":"c20ddd45-8deb-4bb0-95fd-5f94cdd2bfd4","has_more":true,"dry_run":false}
batch=1108 {"success":true,"platform":"tiktok","merchant_id":"ffe8519e-49a2-467b-a0ec-57d28ba8be49","shop_id":"7495127669839399750","processed":20,"updated":20,"errors":0,"api_error":null,"upsert_errors":[],"next_after_id":"c237290c-d12b-46be-83e7-0bb380ceb62a","has_more":true,"dry_run":false}
batch=1109 {"success":true,"platform":"tiktok","merchant_id":"ffe8519e-49a2-467b-a0ec-57d28ba8be49","shop_id":"7495127669839399750","processed":20,"updated":20,"errors":0,"api_error":null,"upsert_errors":[],"next_after_id":"c2710f33-bf07-4b5e-915b-841d333504d6","has_more":true,"dry_run":false}
batch=1110 {"success":true,"platform":"tiktok","merchant_id":"ffe8519e-49a2-467b-a0ec-57d28ba8be49","shop_id":"7495127669839399750","processed":20,"updated":20,"errors":0,"api_error":null,"upsert_errors":[],"next_after_id":"c297f06f-5eff-4161-968a-efab4b875a93","has_more":true,"dry_run":false}
batch=1111 {"success":true,"platform":"tiktok","merchant_id":"ffe8519e-49a2-467b-a0ec-57d28ba8be49","shop_id":"7495127669839399750","processed":20,"updated":20,"errors":0,"api_error":null,"upsert_errors":[],"next_after_id":"c2c08e92-9fec-462d-b1d2-c5429a9ef2be","has_more":true,"dry_run":false}
batch=1112 {"success":true,"platform":"tiktok","merchant_id":"ffe8519e-49a2-467b-a0ec-57d28ba8be49","shop_id":"7495127669839399750","processed":20,"updated":20,"errors":0,"api_error":null,"upsert_errors":[],"next_after_id":"c2e0ccb0-5f44-43bc-9847-1a128b66b48c","has_more":true,"dry_run":false}
batch=1113 {"success":true,"platform":"tiktok","merchant_id":"ffe8519e-49a2-467b-a0ec-57d28ba8be49","shop_id":"7495127669839399750","processed":20,"updated":20,"errors":0,"api_error":null,"upsert_errors":[],"next_after_id":"c2fc9d96-90f6-4137-bf7b-4b73cfbdd33a","has_more":true,"dry_run":false}
batch=1114 {"success":true,"platform":"tiktok","merchant_id":"ffe8519e-49a2-467b-a0ec-57d28ba8be49","shop_id":"7495127669839399750","processed":20,"updated":20,"errors":0,"api_error":null,"upsert_errors":[],"next_after_id":"c3248037-b727-46fc-9afe-0dea598efb14","has_more":true,"dry_run":false}
batch=1115 {"success":true,"platform":"tiktok","merchant_id":"ffe8519e-49a2-467b-a0ec-57d28ba8be49","shop_id":"7495127669839399750","processed":20,"updated":20,"errors":0,"api_error":null,"upsert_errors":[],"next_after_id":"c34a2afc-b3dd-4435-8437-e570b1d8690a","has_more":true,"dry_run":false}
batch=1116 {"success":true,"platform":"tiktok","merchant_id":"ffe8519e-49a2-467b-a0ec-57d28ba8be49","shop_id":"7495127669839399750","processed":20,"updated":20,"errors":0,"api_error":null,"upsert_errors":[],"next_after_id":"c3720f37-d362-43e2-b385-1046e4818c93","has_more":true,"dry_run":false}
batch=1117 {"success":true,"platform":"tiktok","merchant_id":"ffe8519e-49a2-467b-a0ec-57d28ba8be49","shop_id":"7495127669839399750","processed":20,"updated":20,"errors":0,"api_error":null,"upsert_errors":[],"next_after_id":"c3a31a57-3912-4507-9c35-86ccf051b21f","has_more":true,"dry_run":false}
batch=1118 {"success":true,"platform":"tiktok","merchant_id":"ffe8519e-49a2-467b-a0ec-57d28ba8be49","shop_id":"7495127669839399750","processed":20,"updated":20,"errors":0,"api_error":null,"upsert_errors":[],"next_after_id":"c3cb5b12-133b-4c31-a4ab-34bf4d73efdb","has_more":true,"dry_run":false}
batch=1119 {"success":true,"platform":"tiktok","merchant_id":"ffe8519e-49a2-467b-a0ec-57d28ba8be49","shop_id":"7495127669839399750","processed":20,"updated":20,"errors":0,"api_error":null,"upsert_errors":[],"next_after_id":"c3eea1c3-e77e-4e4f-b031-59741c28b0f4","has_more":true,"dry_run":false}
batch=1120 {"success":true,"platform":"tiktok","merchant_id":"ffe8519e-49a2-467b-a0ec-57d28ba8be49","shop_id":"7495127669839399750","processed":20,"updated":20,"errors":0,"api_error":null,"upsert_errors":[],"next_after_id":"c4081e88-2de4-400d-a1fa-a9cf5543a41c","has_more":true,"dry_run":false}
batch=1121 {"success":true,"platform":"tiktok","merchant_id":"ffe8519e-49a2-467b-a0ec-57d28ba8be49","shop_id":"7495127669839399750","processed":20,"updated":20,"errors":0,"api_error":null,"upsert_errors":[],"next_after_id":"c43986e8-2567-4da6-b649-89bb7bce280d","has_more":true,"dry_run":false}
batch=1122 {"success":true,"platform":"tiktok","merchant_id":"ffe8519e-49a2-467b-a0ec-57d28ba8be49","shop_id":"7495127669839399750","processed":20,"updated":20,"errors":0,"api_error":null,"upsert_errors":[],"next_after_id":"c4623ad1-7825-4fdc-a0a7-55a7889dbda9","has_more":true,"dry_run":false}
batch=1123 {"success":true,"platform":"tiktok","merchant_id":"ffe8519e-49a2-467b-a0ec-57d28ba8be49","shop_id":"7495127669839399750","processed":20,"updated":20,"errors":0,"api_error":null,"upsert_errors":[],"next_after_id":"c48e06b6-8583-4063-b12c-3659b8abe252","has_more":true,"dry_run":false}
batch=1124 {"success":true,"platform":"tiktok","merchant_id":"ffe8519e-49a2-467b-a0ec-57d28ba8be49","shop_id":"7495127669839399750","processed":20,"updated":20,"errors":0,"api_error":null,"upsert_errors":[],"next_after_id":"c4ce7319-8542-4112-8675-66e547697999","has_more":true,"dry_run":false}
batch=1125 {"success":true,"platform":"tiktok","merchant_id":"ffe8519e-49a2-467b-a0ec-57d28ba8be49","shop_id":"7495127669839399750","processed":20,"updated":20,"errors":0,"api_error":null,"upsert_errors":[],"next_after_id":"c4fb7c2c-ccb8-49d1-8fa5-a2c69f90954d","has_more":true,"dry_run":false}
batch=1126 {"success":true,"platform":"tiktok","merchant_id":"ffe8519e-49a2-467b-a0ec-57d28ba8be49","shop_id":"7495127669839399750","processed":20,"updated":20,"errors":0,"api_error":null,"upsert_errors":[],"next_after_id":"c51d50e8-d6c1-48f3-b7fe-59db6cd61725","has_more":true,"dry_run":false}
batch=1127 {"success":true,"platform":"tiktok","merchant_id":"ffe8519e-49a2-467b-a0ec-57d28ba8be49","shop_id":"7495127669839399750","processed":20,"updated":20,"errors":0,"api_error":null,"upsert_errors":[],"next_after_id":"c546d614-e53c-4fd8-a432-41847cc6fbba","has_more":true,"dry_run":false}
batch=1128 {"success":true,"platform":"tiktok","merchant_id":"ffe8519e-49a2-467b-a0ec-57d28ba8be49","shop_id":"7495127669839399750","processed":20,"updated":20,"errors":0,"api_error":null,"upsert_errors":[],"next_after_id":"c57ec2a2-2dc9-4de9-a64c-385e96395325","has_more":true,"dry_run":false}
batch=1129 {"success":true,"platform":"tiktok","merchant_id":"ffe8519e-49a2-467b-a0ec-57d28ba8be49","shop_id":"7495127669839399750","processed":20,"updated":20,"errors":0,"api_error":null,"upsert_errors":[],"next_after_id":"c59be098-db3c-4c9a-a9f6-425d4b1d5af9","has_more":true,"dry_run":false}
batch=1130 {"success":true,"platform":"tiktok","merchant_id":"ffe8519e-49a2-467b-a0ec-57d28ba8be49","shop_id":"7495127669839399750","processed":20,"updated":20,"errors":0,"api_error":null,"upsert_errors":[],"next_after_id":"c5b80b63-52e0-409a-9fa9-4438d49e8f8f","has_more":true,"dry_run":false}
batch=1131 {"success":true,"platform":"tiktok","merchant_id":"ffe8519e-49a2-467b-a0ec-57d28ba8be49","shop_id":"7495127669839399750","processed":20,"updated":20,"errors":0,"api_error":null,"upsert_errors":[],"next_after_id":"c5dca232-43a5-4cac-ab10-5202e59d5573","has_more":true,"dry_run":false}
batch=1132 {"success":true,"platform":"tiktok","merchant_id":"ffe8519e-49a2-467b-a0ec-57d28ba8be49","shop_id":"7495127669839399750","processed":20,"updated":20,"errors":0,"api_error":null,"upsert_errors":[],"next_after_id":"c611f7a3-6d84-49f0-b98a-c5d37712d7fa","has_more":true,"dry_run":false}
batch=1133 {"success":true,"platform":"tiktok","merchant_id":"ffe8519e-49a2-467b-a0ec-57d28ba8be49","shop_id":"7495127669839399750","processed":20,"updated":20,"errors":0,"api_error":null,"upsert_errors":[],"next_after_id":"c638168b-a740-415b-a402-e4897f865dab","has_more":true,"dry_run":false}
batch=1134 {"success":true,"platform":"tiktok","merchant_id":"ffe8519e-49a2-467b-a0ec-57d28ba8be49","shop_id":"7495127669839399750","processed":20,"updated":20,"errors":0,"api_error":null,"upsert_errors":[],"next_after_id":"c656d3b0-042f-44ba-b25e-4091fc94490d","has_more":true,"dry_run":false}
batch=1135 {"success":true,"platform":"tiktok","merchant_id":"ffe8519e-49a2-467b-a0ec-57d28ba8be49","shop_id":"7495127669839399750","processed":20,"updated":20,"errors":0,"api_error":null,"upsert_errors":[],"next_after_id":"c68e5bc8-c99f-49f8-8ba8-778ad1f4649a","has_more":true,"dry_run":false}
batch=1136 {"success":true,"platform":"tiktok","merchant_id":"ffe8519e-49a2-467b-a0ec-57d28ba8be49","shop_id":"7495127669839399750","processed":20,"updated":20,"errors":0,"api_error":null,"upsert_errors":[],"next_after_id":"c6b8b923-131a-4540-b148-d765346b2c61","has_more":true,"dry_run":false}
batch=1137 {"success":true,"platform":"tiktok","merchant_id":"ffe8519e-49a2-467b-a0ec-57d28ba8be49","shop_id":"7495127669839399750","processed":20,"updated":20,"errors":0,"api_error":null,"upsert_errors":[],"next_after_id":"c6e98af2-52b1-4b08-97b9-303bac664fa7","has_more":true,"dry_run":false}
batch=1138 {"success":true,"platform":"tiktok","merchant_id":"ffe8519e-49a2-467b-a0ec-57d28ba8be49","shop_id":"7495127669839399750","processed":20,"updated":20,"errors":0,"api_error":null,"upsert_errors":[],"next_after_id":"c7065998-4fb3-4fb1-999d-cd936aee3e4e","has_more":true,"dry_run":false}
batch=1139 {"success":true,"platform":"tiktok","merchant_id":"ffe8519e-49a2-467b-a0ec-57d28ba8be49","shop_id":"7495127669839399750","processed":20,"updated":20,"errors":0,"api_error":null,"upsert_errors":[],"next_after_id":"c7301213-e5a5-43ea-8d04-656522c3e45a","has_more":true,"dry_run":false}
batch=1140 {"success":true,"platform":"tiktok","merchant_id":"ffe8519e-49a2-467b-a0ec-57d28ba8be49","shop_id":"7495127669839399750","processed":20,"updated":20,"errors":0,"api_error":null,"upsert_errors":[],"next_after_id":"c761111c-ff44-454b-b81f-b7c1b9eef727","has_more":true,"dry_run":false}
batch=1141 {"success":true,"platform":"tiktok","merchant_id":"ffe8519e-49a2-467b-a0ec-57d28ba8be49","shop_id":"7495127669839399750","processed":20,"updated":20,"errors":0,"api_error":null,"upsert_errors":[],"next_after_id":"c7929f12-09c8-4982-8f84-7ab40d15cf21","has_more":true,"dry_run":false}
batch=1142 {"success":true,"platform":"tiktok","merchant_id":"ffe8519e-49a2-467b-a0ec-57d28ba8be49","shop_id":"7495127669839399750","processed":20,"updated":20,"errors":0,"api_error":null,"upsert_errors":[],"next_after_id":"c7cb2fbb-0884-4f4d-a561-bcbd44609f42","has_more":true,"dry_run":false}
batch=1143 {"success":true,"platform":"tiktok","merchant_id":"ffe8519e-49a2-467b-a0ec-57d28ba8be49","shop_id":"7495127669839399750","processed":20,"updated":20,"errors":0,"api_error":null,"upsert_errors":[],"next_after_id":"c7efa407-81d8-4308-a531-905087188b08","has_more":true,"dry_run":false}
batch=1144 {"success":true,"platform":"tiktok","merchant_id":"ffe8519e-49a2-467b-a0ec-57d28ba8be49","shop_id":"7495127669839399750","processed":20,"updated":20,"errors":0,"api_error":null,"upsert_errors":[],"next_after_id":"c8078743-695b-4be4-a2fe-bfcfdc484dc2","has_more":true,"dry_run":false}
batch=1145 {"success":true,"platform":"tiktok","merchant_id":"ffe8519e-49a2-467b-a0ec-57d28ba8be49","shop_id":"7495127669839399750","processed":20,"updated":20,"errors":0,"api_error":null,"upsert_errors":[],"next_after_id":"c82a1560-8efd-42dd-b5e8-414c60ff3f89","has_more":true,"dry_run":false}
batch=1146 {"success":true,"platform":"tiktok","merchant_id":"ffe8519e-49a2-467b-a0ec-57d28ba8be49","shop_id":"7495127669839399750","processed":20,"updated":20,"errors":0,"api_error":null,"upsert_errors":[],"next_after_id":"c84b7395-511b-462c-b766-2af27689c99b","has_more":true,"dry_run":false}
batch=1147 {"success":true,"platform":"tiktok","merchant_id":"ffe8519e-49a2-467b-a0ec-57d28ba8be49","shop_id":"7495127669839399750","processed":20,"updated":20,"errors":0,"api_error":null,"upsert_errors":[],"next_after_id":"c86d6923-1fb1-48d4-b748-d8aa85365c7f","has_more":true,"dry_run":false}
batch=1148 {"success":true,"platform":"tiktok","merchant_id":"ffe8519e-49a2-467b-a0ec-57d28ba8be49","shop_id":"7495127669839399750","processed":20,"updated":20,"errors":0,"api_error":null,"upsert_errors":[],"next_after_id":"c8a21483-4b01-4e02-8d37-5989cd438cc2","has_more":true,"dry_run":false}
batch=1149 {"success":true,"platform":"tiktok","merchant_id":"ffe8519e-49a2-467b-a0ec-57d28ba8be49","shop_id":"7495127669839399750","processed":20,"updated":20,"errors":0,"api_error":null,"upsert_errors":[],"next_after_id":"c8bab0bd-0f29-48f4-9c92-f2ae98dd2e16","has_more":true,"dry_run":false}
batch=1150 {"success":true,"platform":"tiktok","merchant_id":"ffe8519e-49a2-467b-a0ec-57d28ba8be49","shop_id":"7495127669839399750","processed":20,"updated":20,"errors":0,"api_error":null,"upsert_errors":[],"next_after_id":"c8fbed4b-1082-448a-bf79-1d92595e9d10","has_more":true,"dry_run":false}
batch=1151 {"success":true,"platform":"tiktok","merchant_id":"ffe8519e-49a2-467b-a0ec-57d28ba8be49","shop_id":"7495127669839399750","processed":20,"updated":20,"errors":0,"api_error":null,"upsert_errors":[],"next_after_id":"c924c246-7297-4dea-912d-8f28256dae7a","has_more":true,"dry_run":false}
batch=1152 {"success":true,"platform":"tiktok","merchant_id":"ffe8519e-49a2-467b-a0ec-57d28ba8be49","shop_id":"7495127669839399750","processed":20,"updated":20,"errors":0,"api_error":null,"upsert_errors":[],"next_after_id":"c95ecfae-e6e5-4dd4-b8f0-d11a1637acd2","has_more":true,"dry_run":false}
batch=1153 {"success":true,"platform":"tiktok","merchant_id":"ffe8519e-49a2-467b-a0ec-57d28ba8be49","shop_id":"7495127669839399750","processed":20,"updated":20,"errors":0,"api_error":null,"upsert_errors":[],"next_after_id":"c98de5a3-e33e-44a7-af99-209c0d27916a","has_more":true,"dry_run":false}
batch=1154 {"success":true,"platform":"tiktok","merchant_id":"ffe8519e-49a2-467b-a0ec-57d28ba8be49","shop_id":"7495127669839399750","processed":20,"updated":20,"errors":0,"api_error":null,"upsert_errors":[],"next_after_id":"c9b887a8-f752-4127-ac04-efc847d4f9c6","has_more":true,"dry_run":false}
batch=1155 {"success":true,"platform":"tiktok","merchant_id":"ffe8519e-49a2-467b-a0ec-57d28ba8be49","shop_id":"7495127669839399750","processed":20,"updated":20,"errors":0,"api_error":null,"upsert_errors":[],"next_after_id":"c9ecec8d-15ab-4e05-842c-d0c386d45ceb","has_more":true,"dry_run":false}
batch=1156 {"success":true,"platform":"tiktok","merchant_id":"ffe8519e-49a2-467b-a0ec-57d28ba8be49","shop_id":"7495127669839399750","processed":20,"updated":20,"errors":0,"api_error":null,"upsert_errors":[],"next_after_id":"ca1d88a3-deed-4a27-be2b-0bc7524bac49","has_more":true,"dry_run":false}
batch=1157 {"success":true,"platform":"tiktok","merchant_id":"ffe8519e-49a2-467b-a0ec-57d28ba8be49","shop_id":"7495127669839399750","processed":20,"updated":20,"errors":0,"api_error":null,"upsert_errors":[],"next_after_id":"ca5be47e-b75f-4a77-93cd-6260f0bfb9e4","has_more":true,"dry_run":false}
batch=1158 {"success":true,"platform":"tiktok","merchant_id":"ffe8519e-49a2-467b-a0ec-57d28ba8be49","shop_id":"7495127669839399750","processed":20,"updated":20,"errors":0,"api_error":null,"upsert_errors":[],"next_after_id":"ca93f0c0-1489-4c97-9548-ad4d5b790bb7","has_more":true,"dry_run":false}
batch=1159 {"success":true,"platform":"tiktok","merchant_id":"ffe8519e-49a2-467b-a0ec-57d28ba8be49","shop_id":"7495127669839399750","processed":20,"updated":20,"errors":0,"api_error":null,"upsert_errors":[],"next_after_id":"cab72fd2-be3b-4178-82ff-386ffc7a7abb","has_more":true,"dry_run":false}
batch=1160 {"success":true,"platform":"tiktok","merchant_id":"ffe8519e-49a2-467b-a0ec-57d28ba8be49","shop_id":"7495127669839399750","processed":20,"updated":20,"errors":0,"api_error":null,"upsert_errors":[],"next_after_id":"cadc118d-268c-4414-bec3-319b86941cf3","has_more":true,"dry_run":false}
batch=1161 {"success":true,"platform":"tiktok","merchant_id":"ffe8519e-49a2-467b-a0ec-57d28ba8be49","shop_id":"7495127669839399750","processed":20,"updated":20,"errors":0,"api_error":null,"upsert_errors":[],"next_after_id":"cb059d0e-fe04-4167-b919-3ca0aca8c1f4","has_more":true,"dry_run":false}
batch=1162 {"success":true,"platform":"tiktok","merchant_id":"ffe8519e-49a2-467b-a0ec-57d28ba8be49","shop_id":"7495127669839399750","processed":20,"updated":20,"errors":0,"api_error":null,"upsert_errors":[],"next_after_id":"cb26cc74-55da-4aee-b0dd-b9dc46f0c73a","has_more":true,"dry_run":false}
batch=1163 {"success":true,"platform":"tiktok","merchant_id":"ffe8519e-49a2-467b-a0ec-57d28ba8be49","shop_id":"7495127669839399750","processed":20,"updated":20,"errors":0,"api_error":null,"upsert_errors":[],"next_after_id":"cb5715ec-1977-4984-afbf-687c125ad27e","has_more":true,"dry_run":false}
batch=1164 {"success":true,"platform":"tiktok","merchant_id":"ffe8519e-49a2-467b-a0ec-57d28ba8be49","shop_id":"7495127669839399750","processed":20,"updated":20,"errors":0,"api_error":null,"upsert_errors":[],"next_after_id":"cb7feb5f-7661-43cd-9bca-b29be3091dbc","has_more":true,"dry_run":false}
batch=1165 {"success":true,"platform":"tiktok","merchant_id":"ffe8519e-49a2-467b-a0ec-57d28ba8be49","shop_id":"7495127669839399750","processed":20,"updated":20,"errors":0,"api_error":null,"upsert_errors":[],"next_after_id":"cba5615e-6ac1-42c4-97e5-cd3fa4f4f160","has_more":true,"dry_run":false}
batch=1166 {"success":true,"platform":"tiktok","merchant_id":"ffe8519e-49a2-467b-a0ec-57d28ba8be49","shop_id":"7495127669839399750","processed":20,"updated":20,"errors":0,"api_error":null,"upsert_errors":[],"next_after_id":"cbca2820-4072-4adb-a47a-c3015f776bcb","has_more":true,"dry_run":false}
batch=1167 {"success":true,"platform":"tiktok","merchant_id":"ffe8519e-49a2-467b-a0ec-57d28ba8be49","shop_id":"7495127669839399750","processed":20,"updated":20,"errors":0,"api_error":null,"upsert_errors":[],"next_after_id":"cbeeaecf-4120-4ade-b18d-a52f84347106","has_more":true,"dry_run":false}
batch=1168 {"success":true,"platform":"tiktok","merchant_id":"ffe8519e-49a2-467b-a0ec-57d28ba8be49","shop_id":"7495127669839399750","processed":20,"updated":20,"errors":0,"api_error":null,"upsert_errors":[],"next_after_id":"cc1a20a3-1cf1-4c58-96c8-7d8a50abb7a4","has_more":true,"dry_run":false}
batch=1169 {"success":true,"platform":"tiktok","merchant_id":"ffe8519e-49a2-467b-a0ec-57d28ba8be49","shop_id":"7495127669839399750","processed":20,"updated":20,"errors":0,"api_error":null,"upsert_errors":[],"next_after_id":"cc4b12cc-ba95-42f3-8c1c-61853855c6a6","has_more":true,"dry_run":false}
batch=1170 {"success":true,"platform":"tiktok","merchant_id":"ffe8519e-49a2-467b-a0ec-57d28ba8be49","shop_id":"7495127669839399750","processed":20,"updated":20,"errors":0,"api_error":null,"upsert_errors":[],"next_after_id":"cc738a29-f7c4-4ecf-856a-d078dda6f97f","has_more":true,"dry_run":false}
batch=1171 {"success":true,"platform":"tiktok","merchant_id":"ffe8519e-49a2-467b-a0ec-57d28ba8be49","shop_id":"7495127669839399750","processed":20,"updated":20,"errors":0,"api_error":null,"upsert_errors":[],"next_after_id":"ccaaaabb-7fb6-462f-b3a3-5c48c17d605c","has_more":true,"dry_run":false}
batch=1172 {"success":true,"platform":"tiktok","merchant_id":"ffe8519e-49a2-467b-a0ec-57d28ba8be49","shop_id":"7495127669839399750","processed":20,"updated":20,"errors":0,"api_error":null,"upsert_errors":[],"next_after_id":"ccd3db2a-c5ab-4bbf-acfa-b53d4c8cad44","has_more":true,"dry_run":false}
batch=1173 {"success":true,"platform":"tiktok","merchant_id":"ffe8519e-49a2-467b-a0ec-57d28ba8be49","shop_id":"7495127669839399750","processed":20,"updated":20,"errors":0,"api_error":null,"upsert_errors":[],"next_after_id":"ccf7008d-3c3c-4e0b-a0fe-e11e82e2f6b7","has_more":true,"dry_run":false}
batch=1174 {"success":true,"platform":"tiktok","merchant_id":"ffe8519e-49a2-467b-a0ec-57d28ba8be49","shop_id":"7495127669839399750","processed":20,"updated":20,"errors":0,"api_error":null,"upsert_errors":[],"next_after_id":"cd2b2a15-638f-454c-ba0d-e9fdbaad920f","has_more":true,"dry_run":false}
batch=1175 {"success":true,"platform":"tiktok","merchant_id":"ffe8519e-49a2-467b-a0ec-57d28ba8be49","shop_id":"7495127669839399750","processed":20,"updated":20,"errors":0,"api_error":null,"upsert_errors":[],"next_after_id":"cd5d31ce-55a0-4832-bac9-5f2a8b36dedd","has_more":true,"dry_run":false}
batch=1176 {"success":true,"platform":"tiktok","merchant_id":"ffe8519e-49a2-467b-a0ec-57d28ba8be49","shop_id":"7495127669839399750","processed":20,"updated":20,"errors":0,"api_error":null,"upsert_errors":[],"next_after_id":"cd85d2cf-18e8-4013-99ac-269a8ef2cdd3","has_more":true,"dry_run":false}
batch=1177 {"success":true,"platform":"tiktok","merchant_id":"ffe8519e-49a2-467b-a0ec-57d28ba8be49","shop_id":"7495127669839399750","processed":20,"updated":20,"errors":0,"api_error":null,"upsert_errors":[],"next_after_id":"cdb44ddc-c7ab-4045-ac91-c50f309964c4","has_more":true,"dry_run":false}
batch=1178 {"success":true,"platform":"tiktok","merchant_id":"ffe8519e-49a2-467b-a0ec-57d28ba8be49","shop_id":"7495127669839399750","processed":20,"updated":20,"errors":0,"api_error":null,"upsert_errors":[],"next_after_id":"cde47847-b9b4-4a11-be8f-666d4ff9f5e6","has_more":true,"dry_run":false}
batch=1179 {"success":true,"platform":"tiktok","merchant_id":"ffe8519e-49a2-467b-a0ec-57d28ba8be49","shop_id":"7495127669839399750","processed":20,"updated":20,"errors":0,"api_error":null,"upsert_errors":[],"next_after_id":"ce171d2b-76cc-4e05-9297-f537202d23f3","has_more":true,"dry_run":false}
batch=1180 {"success":true,"platform":"tiktok","merchant_id":"ffe8519e-49a2-467b-a0ec-57d28ba8be49","shop_id":"7495127669839399750","processed":20,"updated":20,"errors":0,"api_error":null,"upsert_errors":[],"next_after_id":"ce492826-2600-4d68-aa8a-2a4ac8650845","has_more":true,"dry_run":false}
batch=1181 {"success":true,"platform":"tiktok","merchant_id":"ffe8519e-49a2-467b-a0ec-57d28ba8be49","shop_id":"7495127669839399750","processed":20,"updated":20,"errors":0,"api_error":null,"upsert_errors":[],"next_after_id":"ce747f03-6137-4e6c-bb96-6ded3055b0aa","has_more":true,"dry_run":false}
batch=1182 {"success":true,"platform":"tiktok","merchant_id":"ffe8519e-49a2-467b-a0ec-57d28ba8be49","shop_id":"7495127669839399750","processed":20,"updated":20,"errors":0,"api_error":null,"upsert_errors":[],"next_after_id":"ceb80ea0-a5bb-4628-ada1-8f45aa3d698f","has_more":true,"dry_run":false}
batch=1183 {"success":true,"platform":"tiktok","merchant_id":"ffe8519e-49a2-467b-a0ec-57d28ba8be49","shop_id":"7495127669839399750","processed":20,"updated":20,"errors":0,"api_error":null,"upsert_errors":[],"next_after_id":"ced817a8-fa85-4645-bfb7-308653ecf079","has_more":true,"dry_run":false}
batch=1184 {"success":true,"platform":"tiktok","merchant_id":"ffe8519e-49a2-467b-a0ec-57d28ba8be49","shop_id":"7495127669839399750","processed":20,"updated":20,"errors":0,"api_error":null,"upsert_errors":[],"next_after_id":"cf040612-76d5-4aea-8c43-b96d8e448978","has_more":true,"dry_run":false}
batch=1185 {"success":true,"platform":"tiktok","merchant_id":"ffe8519e-49a2-467b-a0ec-57d28ba8be49","shop_id":"7495127669839399750","processed":20,"updated":20,"errors":0,"api_error":null,"upsert_errors":[],"next_after_id":"cf34a09c-977c-409d-b627-715442ce869c","has_more":true,"dry_run":false}
batch=1186 {"success":true,"platform":"tiktok","merchant_id":"ffe8519e-49a2-467b-a0ec-57d28ba8be49","shop_id":"7495127669839399750","processed":20,"updated":20,"errors":0,"api_error":null,"upsert_errors":[],"next_after_id":"cf5da26d-607e-4cea-a7b8-676144da1eaf","has_more":true,"dry_run":false}
batch=1187 {"success":true,"platform":"tiktok","merchant_id":"ffe8519e-49a2-467b-a0ec-57d28ba8be49","shop_id":"7495127669839399750","processed":20,"updated":20,"errors":0,"api_error":null,"upsert_errors":[],"next_after_id":"cf849ad8-120a-4133-95c4-51e0c27a1857","has_more":true,"dry_run":false}
batch=1188 {"success":true,"platform":"tiktok","merchant_id":"ffe8519e-49a2-467b-a0ec-57d28ba8be49","shop_id":"7495127669839399750","processed":20,"updated":20,"errors":0,"api_error":null,"upsert_errors":[],"next_after_id":"cfba473f-4669-4438-b17b-04e646ba1df3","has_more":true,"dry_run":false}
batch=1189 {"success":true,"platform":"tiktok","merchant_id":"ffe8519e-49a2-467b-a0ec-57d28ba8be49","shop_id":"7495127669839399750","processed":20,"updated":20,"errors":0,"api_error":null,"upsert_errors":[],"next_after_id":"cfe844c9-80cd-4bcc-86cc-4f65487cad7c","has_more":true,"dry_run":false}
batch=1190 {"success":true,"platform":"tiktok","merchant_id":"ffe8519e-49a2-467b-a0ec-57d28ba8be49","shop_id":"7495127669839399750","processed":20,"updated":20,"errors":0,"api_error":null,"upsert_errors":[],"next_after_id":"d00b98cf-a1e1-494c-85c9-f3d777b82ee2","has_more":true,"dry_run":false}
batch=1191 {"success":true,"platform":"tiktok","merchant_id":"ffe8519e-49a2-467b-a0ec-57d28ba8be49","shop_id":"7495127669839399750","processed":20,"updated":20,"errors":0,"api_error":null,"upsert_errors":[],"next_after_id":"d02a0429-1781-410c-99a4-9e7b7eaa7b43","has_more":true,"dry_run":false}
batch=1192 {"success":true,"platform":"tiktok","merchant_id":"ffe8519e-49a2-467b-a0ec-57d28ba8be49","shop_id":"7495127669839399750","processed":20,"updated":20,"errors":0,"api_error":null,"upsert_errors":[],"next_after_id":"d057e31a-d6d3-45ba-829c-15457f3c2887","has_more":true,"dry_run":false}
batch=1193 {"success":true,"platform":"tiktok","merchant_id":"ffe8519e-49a2-467b-a0ec-57d28ba8be49","shop_id":"7495127669839399750","processed":20,"updated":20,"errors":0,"api_error":null,"upsert_errors":[],"next_after_id":"d089acb9-1c80-42f2-9d6f-12f90146f0c3","has_more":true,"dry_run":false}
batch=1194 {"success":true,"platform":"tiktok","merchant_id":"ffe8519e-49a2-467b-a0ec-57d28ba8be49","shop_id":"7495127669839399750","processed":20,"updated":20,"errors":0,"api_error":null,"upsert_errors":[],"next_after_id":"d0b73f06-8ac1-46d8-aca3-32d3b88f5c3e","has_more":true,"dry_run":false}
batch=1195 {"success":true,"platform":"tiktok","merchant_id":"ffe8519e-49a2-467b-a0ec-57d28ba8be49","shop_id":"7495127669839399750","processed":20,"updated":20,"errors":0,"api_error":null,"upsert_errors":[],"next_after_id":"d0d980a3-a99d-4d2a-80c8-95e0ab02f97b","has_more":true,"dry_run":false}
batch=1196 {"success":true,"platform":"tiktok","merchant_id":"ffe8519e-49a2-467b-a0ec-57d28ba8be49","shop_id":"7495127669839399750","processed":20,"updated":20,"errors":0,"api_error":null,"upsert_errors":[],"next_after_id":"d102925d-d233-4535-972c-23824536159e","has_more":true,"dry_run":false}
batch=1197 {"success":true,"platform":"tiktok","merchant_id":"ffe8519e-49a2-467b-a0ec-57d28ba8be49","shop_id":"7495127669839399750","processed":20,"updated":20,"errors":0,"api_error":null,"upsert_errors":[],"next_after_id":"d124a53a-c4c7-42cf-8258-b95cdcb8ea3e","has_more":true,"dry_run":false}
batch=1198 {"success":true,"platform":"tiktok","merchant_id":"ffe8519e-49a2-467b-a0ec-57d28ba8be49","shop_id":"7495127669839399750","processed":20,"updated":20,"errors":0,"api_error":null,"upsert_errors":[],"next_after_id":"d1461b1b-cd36-4511-8fc3-255dacffad43","has_more":true,"dry_run":false}
batch=1199 {"success":true,"platform":"tiktok","merchant_id":"ffe8519e-49a2-467b-a0ec-57d28ba8be49","shop_id":"7495127669839399750","processed":20,"updated":20,"errors":0,"api_error":null,"upsert_errors":[],"next_after_id":"d16a040e-c876-4072-a8de-33d1ccca2b45","has_more":true,"dry_run":false}
batch=1200 {"success":true,"platform":"tiktok","merchant_id":"ffe8519e-49a2-467b-a0ec-57d28ba8be49","shop_id":"7495127669839399750","processed":20,"updated":20,"errors":0,"api_error":null,"upsert_errors":[],"next_after_id":"d18cb7bd-4dc7-4f58-918d-44097285bf24","has_more":true,"dry_run":false}
batch=1201 {"success":true,"platform":"tiktok","merchant_id":"ffe8519e-49a2-467b-a0ec-57d28ba8be49","shop_id":"7495127669839399750","processed":20,"updated":20,"errors":0,"api_error":null,"upsert_errors":[],"next_after_id":"d1c5a338-d392-4c01-8f20-93cbcdb6f02a","has_more":true,"dry_run":false}
batch=1202 {"success":true,"platform":"tiktok","merchant_id":"ffe8519e-49a2-467b-a0ec-57d28ba8be49","shop_id":"7495127669839399750","processed":20,"updated":20,"errors":0,"api_error":null,"upsert_errors":[],"next_after_id":"d1ed523e-7f74-450e-be1d-1db426f35f14","has_more":true,"dry_run":false}
batch=1203 {"success":true,"platform":"tiktok","merchant_id":"ffe8519e-49a2-467b-a0ec-57d28ba8be49","shop_id":"7495127669839399750","processed":20,"updated":20,"errors":0,"api_error":null,"upsert_errors":[],"next_after_id":"d2220982-a94c-4e91-bc50-82fa96039d24","has_more":true,"dry_run":false}
batch=1204 {"success":true,"platform":"tiktok","merchant_id":"ffe8519e-49a2-467b-a0ec-57d28ba8be49","shop_id":"7495127669839399750","processed":20,"updated":20,"errors":0,"api_error":null,"upsert_errors":[],"next_after_id":"d256c747-515a-4663-ad60-27a8f499a49e","has_more":true,"dry_run":false}
batch=1205 {"success":true,"platform":"tiktok","merchant_id":"ffe8519e-49a2-467b-a0ec-57d28ba8be49","shop_id":"7495127669839399750","processed":20,"updated":20,"errors":0,"api_error":null,"upsert_errors":[],"next_after_id":"d289adf8-7734-4c6a-b26a-0cff12d409aa","has_more":true,"dry_run":false}
batch=1206 {"success":true,"platform":"tiktok","merchant_id":"ffe8519e-49a2-467b-a0ec-57d28ba8be49","shop_id":"7495127669839399750","processed":20,"updated":20,"errors":0,"api_error":null,"upsert_errors":[],"next_after_id":"d2af2d8d-8d75-4ff5-b0bc-06b5fcb65ffc","has_more":true,"dry_run":false}
batch=1207 {"success":true,"platform":"tiktok","merchant_id":"ffe8519e-49a2-467b-a0ec-57d28ba8be49","shop_id":"7495127669839399750","processed":20,"updated":20,"errors":0,"api_error":null,"upsert_errors":[],"next_after_id":"d2d94f90-9609-4674-b7e4-2dabc8dd5be0","has_more":true,"dry_run":false}
batch=1208 {"success":true,"platform":"tiktok","merchant_id":"ffe8519e-49a2-467b-a0ec-57d28ba8be49","shop_id":"7495127669839399750","processed":20,"updated":20,"errors":0,"api_error":null,"upsert_errors":[],"next_after_id":"d3133349-a710-420a-8008-5e0901c99e5b","has_more":true,"dry_run":false}
batch=1209 {"success":true,"platform":"tiktok","merchant_id":"ffe8519e-49a2-467b-a0ec-57d28ba8be49","shop_id":"7495127669839399750","processed":20,"updated":20,"errors":0,"api_error":null,"upsert_errors":[],"next_after_id":"d3328c4a-97d7-4845-9265-087d8c325b1f","has_more":true,"dry_run":false}
batch=1210 {"success":true,"platform":"tiktok","merchant_id":"ffe8519e-49a2-467b-a0ec-57d28ba8be49","shop_id":"7495127669839399750","processed":20,"updated":20,"errors":0,"api_error":null,"upsert_errors":[],"next_after_id":"d3532fe3-970c-4ce1-b417-496baded093d","has_more":true,"dry_run":false}
batch=1211 {"success":true,"platform":"tiktok","merchant_id":"ffe8519e-49a2-467b-a0ec-57d28ba8be49","shop_id":"7495127669839399750","processed":20,"updated":20,"errors":0,"api_error":null,"upsert_errors":[],"next_after_id":"d3890c0a-ce2d-449b-9ef1-7c524d249a1a","has_more":true,"dry_run":false}
batch=1212 {"success":true,"platform":"tiktok","merchant_id":"ffe8519e-49a2-467b-a0ec-57d28ba8be49","shop_id":"7495127669839399750","processed":20,"updated":20,"errors":0,"api_error":null,"upsert_errors":[],"next_after_id":"d3ad64c0-3a55-4620-96b1-75b78275385f","has_more":true,"dry_run":false}
batch=1213 {"success":true,"platform":"tiktok","merchant_id":"ffe8519e-49a2-467b-a0ec-57d28ba8be49","shop_id":"7495127669839399750","processed":20,"updated":20,"errors":0,"api_error":null,"upsert_errors":[],"next_after_id":"d3d2504d-7a42-4b34-a786-59889e360072","has_more":true,"dry_run":false}
batch=1214 {"success":true,"platform":"tiktok","merchant_id":"ffe8519e-49a2-467b-a0ec-57d28ba8be49","shop_id":"7495127669839399750","processed":20,"updated":20,"errors":0,"api_error":null,"upsert_errors":[],"next_after_id":"d406b0d3-a08c-4432-94e0-53ba89f00be9","has_more":true,"dry_run":false}
batch=1215 {"success":true,"platform":"tiktok","merchant_id":"ffe8519e-49a2-467b-a0ec-57d28ba8be49","shop_id":"7495127669839399750","processed":20,"updated":20,"errors":0,"api_error":null,"upsert_errors":[],"next_after_id":"d433e6bd-4428-4760-89c7-582c45b3e46a","has_more":true,"dry_run":false}
batch=1216 {"success":true,"platform":"tiktok","merchant_id":"ffe8519e-49a2-467b-a0ec-57d28ba8be49","shop_id":"7495127669839399750","processed":20,"updated":20,"errors":0,"api_error":null,"upsert_errors":[],"next_after_id":"d45b2b94-b0de-4e6f-a6af-73061f7f9766","has_more":true,"dry_run":false}
batch=1217 {"success":true,"platform":"tiktok","merchant_id":"ffe8519e-49a2-467b-a0ec-57d28ba8be49","shop_id":"7495127669839399750","processed":20,"updated":20,"errors":0,"api_error":null,"upsert_errors":[],"next_after_id":"d4839c84-a2b2-4860-ad7e-b4e1a3490a03","has_more":true,"dry_run":false}
batch=1218 {"success":true,"platform":"tiktok","merchant_id":"ffe8519e-49a2-467b-a0ec-57d28ba8be49","shop_id":"7495127669839399750","processed":20,"updated":20,"errors":0,"api_error":null,"upsert_errors":[],"next_after_id":"d4a61a6e-bf8f-4c01-9f83-42151eaa94f3","has_more":true,"dry_run":false}
batch=1219 {"success":true,"platform":"tiktok","merchant_id":"ffe8519e-49a2-467b-a0ec-57d28ba8be49","shop_id":"7495127669839399750","processed":20,"updated":20,"errors":0,"api_error":null,"upsert_errors":[],"next_after_id":"d4cf16d5-96db-444a-b045-23294ee78d7e","has_more":true,"dry_run":false}
batch=1220 {"success":true,"platform":"tiktok","merchant_id":"ffe8519e-49a2-467b-a0ec-57d28ba8be49","shop_id":"7495127669839399750","processed":20,"updated":20,"errors":0,"api_error":null,"upsert_errors":[],"next_after_id":"d4fb4343-54a6-4243-92da-73a60a7e550f","has_more":true,"dry_run":false}
batch=1221 {"success":true,"platform":"tiktok","merchant_id":"ffe8519e-49a2-467b-a0ec-57d28ba8be49","shop_id":"7495127669839399750","processed":20,"updated":20,"errors":0,"api_error":null,"upsert_errors":[],"next_after_id":"d5287034-d26b-4356-8ea0-2852d7286840","has_more":true,"dry_run":false}
batch=1222 {"success":true,"platform":"tiktok","merchant_id":"ffe8519e-49a2-467b-a0ec-57d28ba8be49","shop_id":"7495127669839399750","processed":20,"updated":20,"errors":0,"api_error":null,"upsert_errors":[],"next_after_id":"d56288d5-1830-481f-8a72-567a96f34ef9","has_more":true,"dry_run":false}
batch=1223 {"success":true,"platform":"tiktok","merchant_id":"ffe8519e-49a2-467b-a0ec-57d28ba8be49","shop_id":"7495127669839399750","processed":20,"updated":20,"errors":0,"api_error":null,"upsert_errors":[],"next_after_id":"d57cb075-f264-42f9-87a7-ef8df80ea17f","has_more":true,"dry_run":false}
batch=1224 {"success":true,"platform":"tiktok","merchant_id":"ffe8519e-49a2-467b-a0ec-57d28ba8be49","shop_id":"7495127669839399750","processed":20,"updated":20,"errors":0,"api_error":null,"upsert_errors":[],"next_after_id":"d5984e30-26f3-461a-aff8-a809d7c78639","has_more":true,"dry_run":false}
batch=1225 {"success":true,"platform":"tiktok","merchant_id":"ffe8519e-49a2-467b-a0ec-57d28ba8be49","shop_id":"7495127669839399750","processed":20,"updated":20,"errors":0,"api_error":null,"upsert_errors":[],"next_after_id":"d5c7dfb8-b0ee-49f6-8ddd-212ff26bf1ee","has_more":true,"dry_run":false}
batch=1226 {"success":true,"platform":"tiktok","merchant_id":"ffe8519e-49a2-467b-a0ec-57d28ba8be49","shop_id":"7495127669839399750","processed":20,"updated":20,"errors":0,"api_error":null,"upsert_errors":[],"next_after_id":"d5e8d772-da00-45a8-bcc6-24ce309fafc4","has_more":true,"dry_run":false}
batch=1227 {"success":true,"platform":"tiktok","merchant_id":"ffe8519e-49a2-467b-a0ec-57d28ba8be49","shop_id":"7495127669839399750","processed":20,"updated":20,"errors":0,"api_error":null,"upsert_errors":[],"next_after_id":"d60acc69-c9c7-4168-a0d4-a6d62f5dbd96","has_more":true,"dry_run":false}
batch=1228 {"success":true,"platform":"tiktok","merchant_id":"ffe8519e-49a2-467b-a0ec-57d28ba8be49","shop_id":"7495127669839399750","processed":20,"updated":20,"errors":0,"api_error":null,"upsert_errors":[],"next_after_id":"d6370f4d-bfa2-4965-b162-708a275e3c51","has_more":true,"dry_run":false}
batch=1229 {"success":true,"platform":"tiktok","merchant_id":"ffe8519e-49a2-467b-a0ec-57d28ba8be49","shop_id":"7495127669839399750","processed":20,"updated":20,"errors":0,"api_error":null,"upsert_errors":[],"next_after_id":"d6599e82-c34c-4059-973d-cfbd18a3baee","has_more":true,"dry_run":false}
batch=1230 {"success":true,"platform":"tiktok","merchant_id":"ffe8519e-49a2-467b-a0ec-57d28ba8be49","shop_id":"7495127669839399750","processed":20,"updated":20,"errors":0,"api_error":null,"upsert_errors":[],"next_after_id":"d68ad7ba-dda2-4434-836f-fda7879e8467","has_more":true,"dry_run":false}
batch=1231 {"success":true,"platform":"tiktok","merchant_id":"ffe8519e-49a2-467b-a0ec-57d28ba8be49","shop_id":"7495127669839399750","processed":20,"updated":20,"errors":0,"api_error":null,"upsert_errors":[],"next_after_id":"d6b2e47b-ac20-4c6d-91b4-fce5cdb7e1a9","has_more":true,"dry_run":false}
batch=1232 {"success":true,"platform":"tiktok","merchant_id":"ffe8519e-49a2-467b-a0ec-57d28ba8be49","shop_id":"7495127669839399750","processed":20,"updated":20,"errors":0,"api_error":null,"upsert_errors":[],"next_after_id":"d6f48777-9314-4372-98be-fd032d1285cd","has_more":true,"dry_run":false}
batch=1233 {"success":true,"platform":"tiktok","merchant_id":"ffe8519e-49a2-467b-a0ec-57d28ba8be49","shop_id":"7495127669839399750","processed":20,"updated":20,"errors":0,"api_error":null,"upsert_errors":[],"next_after_id":"d7202749-7689-498f-9bab-e7b4690f75de","has_more":true,"dry_run":false}
batch=1234 {"success":true,"platform":"tiktok","merchant_id":"ffe8519e-49a2-467b-a0ec-57d28ba8be49","shop_id":"7495127669839399750","processed":20,"updated":20,"errors":0,"api_error":null,"upsert_errors":[],"next_after_id":"d74391b1-d181-4a2f-89af-f88250cafbb7","has_more":true,"dry_run":false}
batch=1235 {"success":true,"platform":"tiktok","merchant_id":"ffe8519e-49a2-467b-a0ec-57d28ba8be49","shop_id":"7495127669839399750","processed":20,"updated":20,"errors":0,"api_error":null,"upsert_errors":[],"next_after_id":"d768b181-cca4-42c0-88c7-41d51261c29a","has_more":true,"dry_run":false}
batch=1236 {"success":true,"platform":"tiktok","merchant_id":"ffe8519e-49a2-467b-a0ec-57d28ba8be49","shop_id":"7495127669839399750","processed":20,"updated":20,"errors":0,"api_error":null,"upsert_errors":[],"next_after_id":"d78c3f15-1add-43c7-8642-eed22d9077cf","has_more":true,"dry_run":false}
batch=1237 {"success":true,"platform":"tiktok","merchant_id":"ffe8519e-49a2-467b-a0ec-57d28ba8be49","shop_id":"7495127669839399750","processed":20,"updated":20,"errors":0,"api_error":null,"upsert_errors":[],"next_after_id":"d7af83c7-550d-47ba-8d49-257aa349a325","has_more":true,"dry_run":false}
batch=1238 {"success":true,"platform":"tiktok","merchant_id":"ffe8519e-49a2-467b-a0ec-57d28ba8be49","shop_id":"7495127669839399750","processed":20,"updated":20,"errors":0,"api_error":null,"upsert_errors":[],"next_after_id":"d7e37be6-01db-472c-be0f-c51387935463","has_more":true,"dry_run":false}
batch=1239 {"success":true,"platform":"tiktok","merchant_id":"ffe8519e-49a2-467b-a0ec-57d28ba8be49","shop_id":"7495127669839399750","processed":20,"updated":20,"errors":0,"api_error":null,"upsert_errors":[],"next_after_id":"d8169fb8-ed3d-412e-b822-63d5167d848f","has_more":true,"dry_run":false}
batch=1240 {"success":true,"platform":"tiktok","merchant_id":"ffe8519e-49a2-467b-a0ec-57d28ba8be49","shop_id":"7495127669839399750","processed":20,"updated":20,"errors":0,"api_error":null,"upsert_errors":[],"next_after_id":"d83b2848-8972-4f5e-90c6-47057a740712","has_more":true,"dry_run":false}
batch=1241 {"success":true,"platform":"tiktok","merchant_id":"ffe8519e-49a2-467b-a0ec-57d28ba8be49","shop_id":"7495127669839399750","processed":20,"updated":20,"errors":0,"api_error":null,"upsert_errors":[],"next_after_id":"d8702370-8136-4504-9113-620c741308f4","has_more":true,"dry_run":false}
batch=1242 {"success":true,"platform":"tiktok","merchant_id":"ffe8519e-49a2-467b-a0ec-57d28ba8be49","shop_id":"7495127669839399750","processed":20,"updated":20,"errors":0,"api_error":null,"upsert_errors":[],"next_after_id":"d8a99938-0f83-4ed4-91a7-187565f204f4","has_more":true,"dry_run":false}
batch=1243 {"success":true,"platform":"tiktok","merchant_id":"ffe8519e-49a2-467b-a0ec-57d28ba8be49","shop_id":"7495127669839399750","processed":20,"updated":20,"errors":0,"api_error":null,"upsert_errors":[],"next_after_id":"d8e24669-f12a-4a69-9c3b-95beff8ad99c","has_more":true,"dry_run":false}
batch=1244 {"success":true,"platform":"tiktok","merchant_id":"ffe8519e-49a2-467b-a0ec-57d28ba8be49","shop_id":"7495127669839399750","processed":20,"updated":20,"errors":0,"api_error":null,"upsert_errors":[],"next_after_id":"d910472b-2e07-45d8-995d-64b0d6a684f5","has_more":true,"dry_run":false}
batch=1245 {"success":true,"platform":"tiktok","merchant_id":"ffe8519e-49a2-467b-a0ec-57d28ba8be49","shop_id":"7495127669839399750","processed":20,"updated":20,"errors":0,"api_error":null,"upsert_errors":[],"next_after_id":"d931a450-e7e6-4ce7-b904-d380c76936ea","has_more":true,"dry_run":false}
batch=1246 {"success":true,"platform":"tiktok","merchant_id":"ffe8519e-49a2-467b-a0ec-57d28ba8be49","shop_id":"7495127669839399750","processed":20,"updated":20,"errors":0,"api_error":null,"upsert_errors":[],"next_after_id":"d9660aa3-4500-46ff-a32a-6641c4e4a075","has_more":true,"dry_run":false}
batch=1247 {"success":true,"platform":"tiktok","merchant_id":"ffe8519e-49a2-467b-a0ec-57d28ba8be49","shop_id":"7495127669839399750","processed":20,"updated":20,"errors":0,"api_error":null,"upsert_errors":[],"next_after_id":"d98385f4-8ded-446d-9150-b3affdf3ceb8","has_more":true,"dry_run":false}
batch=1248 {"success":true,"platform":"tiktok","merchant_id":"ffe8519e-49a2-467b-a0ec-57d28ba8be49","shop_id":"7495127669839399750","processed":20,"updated":20,"errors":0,"api_error":null,"upsert_errors":[],"next_after_id":"d9af955a-1046-48a3-8dd3-ae5c41e49c95","has_more":true,"dry_run":false}
batch=1249 {"success":true,"platform":"tiktok","merchant_id":"ffe8519e-49a2-467b-a0ec-57d28ba8be49","shop_id":"7495127669839399750","processed":20,"updated":20,"errors":0,"api_error":null,"upsert_errors":[],"next_after_id":"d9db9e58-f521-4230-ad68-633692b78776","has_more":true,"dry_run":false}
batch=1250 {"success":true,"platform":"tiktok","merchant_id":"ffe8519e-49a2-467b-a0ec-57d28ba8be49","shop_id":"7495127669839399750","processed":20,"updated":20,"errors":0,"api_error":null,"upsert_errors":[],"next_after_id":"da0c1de8-8586-41ed-91a6-7c6c967aa33c","has_more":true,"dry_run":false}
batch=1251 {"success":true,"platform":"tiktok","merchant_id":"ffe8519e-49a2-467b-a0ec-57d28ba8be49","shop_id":"7495127669839399750","processed":20,"updated":20,"errors":0,"api_error":null,"upsert_errors":[],"next_after_id":"da30b647-da2f-46fc-befa-29b1237b952e","has_more":true,"dry_run":false}
batch=1252 {"success":true,"platform":"tiktok","merchant_id":"ffe8519e-49a2-467b-a0ec-57d28ba8be49","shop_id":"7495127669839399750","processed":20,"updated":20,"errors":0,"api_error":null,"upsert_errors":[],"next_after_id":"da56124f-2f48-431b-b337-72abc1ba78f4","has_more":true,"dry_run":false}
batch=1253 {"success":true,"platform":"tiktok","merchant_id":"ffe8519e-49a2-467b-a0ec-57d28ba8be49","shop_id":"7495127669839399750","processed":20,"updated":20,"errors":0,"api_error":null,"upsert_errors":[],"next_after_id":"da7d9fbd-1d7f-4967-a643-fe9e849ad40e","has_more":true,"dry_run":false}
batch=1254 {"success":true,"platform":"tiktok","merchant_id":"ffe8519e-49a2-467b-a0ec-57d28ba8be49","shop_id":"7495127669839399750","processed":20,"updated":20,"errors":0,"api_error":null,"upsert_errors":[],"next_after_id":"daac20f5-bbd6-40fa-87e1-5edc2cfcc4bf","has_more":true,"dry_run":false}
batch=1255 {"success":true,"platform":"tiktok","merchant_id":"ffe8519e-49a2-467b-a0ec-57d28ba8be49","shop_id":"7495127669839399750","processed":20,"updated":20,"errors":0,"api_error":null,"upsert_errors":[],"next_after_id":"dad8726c-fd41-49da-90d9-82582a268b33","has_more":true,"dry_run":false}
batch=1256 {"success":true,"platform":"tiktok","merchant_id":"ffe8519e-49a2-467b-a0ec-57d28ba8be49","shop_id":"7495127669839399750","processed":20,"updated":20,"errors":0,"api_error":null,"upsert_errors":[],"next_after_id":"db08ab54-cfad-462f-b7dc-87f4304b03d9","has_more":true,"dry_run":false}
batch=1257 {"success":true,"platform":"tiktok","merchant_id":"ffe8519e-49a2-467b-a0ec-57d28ba8be49","shop_id":"7495127669839399750","processed":20,"updated":20,"errors":0,"api_error":null,"upsert_errors":[],"next_after_id":"db201a6f-1c9d-40cd-be59-a9f3c4c33291","has_more":true,"dry_run":false}
batch=1258 {"success":true,"platform":"tiktok","merchant_id":"ffe8519e-49a2-467b-a0ec-57d28ba8be49","shop_id":"7495127669839399750","processed":20,"updated":20,"errors":0,"api_error":null,"upsert_errors":[],"next_after_id":"db57d30e-93a9-4cfe-af13-628ead13666f","has_more":true,"dry_run":false}
batch=1259 {"success":true,"platform":"tiktok","merchant_id":"ffe8519e-49a2-467b-a0ec-57d28ba8be49","shop_id":"7495127669839399750","processed":20,"updated":20,"errors":0,"api_error":null,"upsert_errors":[],"next_after_id":"db8bcb29-6305-426b-bbc2-7480e756ca19","has_more":true,"dry_run":false}
batch=1260 {"success":true,"platform":"tiktok","merchant_id":"ffe8519e-49a2-467b-a0ec-57d28ba8be49","shop_id":"7495127669839399750","processed":20,"updated":20,"errors":0,"api_error":null,"upsert_errors":[],"next_after_id":"dba25862-7114-4647-b874-85c18ade800a","has_more":true,"dry_run":false}
batch=1261 {"success":true,"platform":"tiktok","merchant_id":"ffe8519e-49a2-467b-a0ec-57d28ba8be49","shop_id":"7495127669839399750","processed":20,"updated":20,"errors":0,"api_error":null,"upsert_errors":[],"next_after_id":"dbc7793a-5bfe-4a98-924d-8ed4d9ef14d3","has_more":true,"dry_run":false}
batch=1262 {"success":true,"platform":"tiktok","merchant_id":"ffe8519e-49a2-467b-a0ec-57d28ba8be49","shop_id":"7495127669839399750","processed":20,"updated":20,"errors":0,"api_error":null,"upsert_errors":[],"next_after_id":"dbf2e625-af09-4c91-99f8-838c9acb998a","has_more":true,"dry_run":false}
batch=1263 {"success":true,"platform":"tiktok","merchant_id":"ffe8519e-49a2-467b-a0ec-57d28ba8be49","shop_id":"7495127669839399750","processed":20,"updated":20,"errors":0,"api_error":null,"upsert_errors":[],"next_after_id":"dc0f4ade-7f33-465e-93ab-a43dc873bd41","has_more":true,"dry_run":false}
batch=1264 {"success":true,"platform":"tiktok","merchant_id":"ffe8519e-49a2-467b-a0ec-57d28ba8be49","shop_id":"7495127669839399750","processed":20,"updated":20,"errors":0,"api_error":null,"upsert_errors":[],"next_after_id":"dc4345d4-0d9a-48d5-a016-7c30d3bc140e","has_more":true,"dry_run":false}
batch=1265 {"success":true,"platform":"tiktok","merchant_id":"ffe8519e-49a2-467b-a0ec-57d28ba8be49","shop_id":"7495127669839399750","processed":20,"updated":20,"errors":0,"api_error":null,"upsert_errors":[],"next_after_id":"dc6ac256-1531-4cd5-af23-ff987de2f35f","has_more":true,"dry_run":false}
batch=1266 {"success":true,"platform":"tiktok","merchant_id":"ffe8519e-49a2-467b-a0ec-57d28ba8be49","shop_id":"7495127669839399750","processed":20,"updated":20,"errors":0,"api_error":null,"upsert_errors":[],"next_after_id":"dc8df980-eacf-4730-b9f9-7ac54e4a07f1","has_more":true,"dry_run":false}
batch=1267 {"success":true,"platform":"tiktok","merchant_id":"ffe8519e-49a2-467b-a0ec-57d28ba8be49","shop_id":"7495127669839399750","processed":20,"updated":20,"errors":0,"api_error":null,"upsert_errors":[],"next_after_id":"dcad7d12-d239-41f7-853e-598726b1fb82","has_more":true,"dry_run":false}
batch=1268 {"success":true,"platform":"tiktok","merchant_id":"ffe8519e-49a2-467b-a0ec-57d28ba8be49","shop_id":"7495127669839399750","processed":20,"updated":20,"errors":0,"api_error":null,"upsert_errors":[],"next_after_id":"dce56d44-cc37-42f6-b5ec-013ed79c304d","has_more":true,"dry_run":false}
batch=1269 {"success":true,"platform":"tiktok","merchant_id":"ffe8519e-49a2-467b-a0ec-57d28ba8be49","shop_id":"7495127669839399750","processed":20,"updated":20,"errors":0,"api_error":null,"upsert_errors":[],"next_after_id":"dd0fd039-3a8f-440a-b65f-c2b5b09e7245","has_more":true,"dry_run":false}
batch=1270 {"success":true,"platform":"tiktok","merchant_id":"ffe8519e-49a2-467b-a0ec-57d28ba8be49","shop_id":"7495127669839399750","processed":20,"updated":20,"errors":0,"api_error":null,"upsert_errors":[],"next_after_id":"dd33db69-30f7-4667-94b7-dab84c3674f6","has_more":true,"dry_run":false}
batch=1271 {"success":true,"platform":"tiktok","merchant_id":"ffe8519e-49a2-467b-a0ec-57d28ba8be49","shop_id":"7495127669839399750","processed":20,"updated":20,"errors":0,"api_error":null,"upsert_errors":[],"next_after_id":"dd5e5665-fa77-4911-94c6-26c928d4c1a8","has_more":true,"dry_run":false}
batch=1272 {"success":true,"platform":"tiktok","merchant_id":"ffe8519e-49a2-467b-a0ec-57d28ba8be49","shop_id":"7495127669839399750","processed":20,"updated":20,"errors":0,"api_error":null,"upsert_errors":[],"next_after_id":"dd89f2f1-794e-415b-bb67-4105ede6b51b","has_more":true,"dry_run":false}
batch=1273 {"success":true,"platform":"tiktok","merchant_id":"ffe8519e-49a2-467b-a0ec-57d28ba8be49","shop_id":"7495127669839399750","processed":20,"updated":20,"errors":0,"api_error":null,"upsert_errors":[],"next_after_id":"ddb5b254-8b7d-4c84-bab8-c60368e436ae","has_more":true,"dry_run":false}
batch=1274 {"success":true,"platform":"tiktok","merchant_id":"ffe8519e-49a2-467b-a0ec-57d28ba8be49","shop_id":"7495127669839399750","processed":20,"updated":20,"errors":0,"api_error":null,"upsert_errors":[],"next_after_id":"ddd84442-6671-43ae-bab1-0b337e8ac0cb","has_more":true,"dry_run":false}
batch=1275 {"success":true,"platform":"tiktok","merchant_id":"ffe8519e-49a2-467b-a0ec-57d28ba8be49","shop_id":"7495127669839399750","processed":20,"updated":20,"errors":0,"api_error":null,"upsert_errors":[],"next_after_id":"ddfc4c57-c526-4f73-9565-25a16a295dc7","has_more":true,"dry_run":false}
batch=1276 {"success":true,"platform":"tiktok","merchant_id":"ffe8519e-49a2-467b-a0ec-57d28ba8be49","shop_id":"7495127669839399750","processed":20,"updated":20,"errors":0,"api_error":null,"upsert_errors":[],"next_after_id":"de1d4ec1-fea5-493d-be0f-053eb8f9a887","has_more":true,"dry_run":false}
batch=1277 {"success":true,"platform":"tiktok","merchant_id":"ffe8519e-49a2-467b-a0ec-57d28ba8be49","shop_id":"7495127669839399750","processed":20,"updated":20,"errors":0,"api_error":null,"upsert_errors":[],"next_after_id":"de458fa7-81d2-4924-b92f-a379df5c774e","has_more":true,"dry_run":false}
batch=1278 {"success":true,"platform":"tiktok","merchant_id":"ffe8519e-49a2-467b-a0ec-57d28ba8be49","shop_id":"7495127669839399750","processed":20,"updated":20,"errors":0,"api_error":null,"upsert_errors":[],"next_after_id":"de779785-20a1-4cdf-95dc-2a7f142a0481","has_more":true,"dry_run":false}
batch=1279 {"success":true,"platform":"tiktok","merchant_id":"ffe8519e-49a2-467b-a0ec-57d28ba8be49","shop_id":"7495127669839399750","processed":20,"updated":20,"errors":0,"api_error":null,"upsert_errors":[],"next_after_id":"dea402b5-8c95-45c4-b40c-563b4aabaf5b","has_more":true,"dry_run":false}
batch=1280 {"success":true,"platform":"tiktok","merchant_id":"ffe8519e-49a2-467b-a0ec-57d28ba8be49","shop_id":"7495127669839399750","processed":20,"updated":20,"errors":0,"api_error":null,"upsert_errors":[],"next_after_id":"dec94260-5b32-48c9-8acb-8f8581d229a2","has_more":true,"dry_run":false}
batch=1281 {"success":true,"platform":"tiktok","merchant_id":"ffe8519e-49a2-467b-a0ec-57d28ba8be49","shop_id":"7495127669839399750","processed":20,"updated":20,"errors":0,"api_error":null,"upsert_errors":[],"next_after_id":"deffcb3a-4f9e-4d38-94ae-2c546fd1c871","has_more":true,"dry_run":false}
batch=1282 {"success":true,"platform":"tiktok","merchant_id":"ffe8519e-49a2-467b-a0ec-57d28ba8be49","shop_id":"7495127669839399750","processed":20,"updated":20,"errors":0,"api_error":null,"upsert_errors":[],"next_after_id":"df34e46c-6f39-4dac-8e07-abc97ec2c8cb","has_more":true,"dry_run":false}
batch=1283 {"success":true,"platform":"tiktok","merchant_id":"ffe8519e-49a2-467b-a0ec-57d28ba8be49","shop_id":"7495127669839399750","processed":20,"updated":20,"errors":0,"api_error":null,"upsert_errors":[],"next_after_id":"df4fd8f0-4976-4e2e-87d5-4c4668bcc26d","has_more":true,"dry_run":false}
batch=1284 {"success":true,"platform":"tiktok","merchant_id":"ffe8519e-49a2-467b-a0ec-57d28ba8be49","shop_id":"7495127669839399750","processed":20,"updated":20,"errors":0,"api_error":null,"upsert_errors":[],"next_after_id":"df72ca23-596d-49f7-a9fd-f875f594b641","has_more":true,"dry_run":false}
batch=1285 {"success":true,"platform":"tiktok","merchant_id":"ffe8519e-49a2-467b-a0ec-57d28ba8be49","shop_id":"7495127669839399750","processed":20,"updated":20,"errors":0,"api_error":null,"upsert_errors":[],"next_after_id":"df8f1612-5517-40e3-b128-8ebb876f3b57","has_more":true,"dry_run":false}
batch=1286 {"success":true,"platform":"tiktok","merchant_id":"ffe8519e-49a2-467b-a0ec-57d28ba8be49","shop_id":"7495127669839399750","processed":20,"updated":20,"errors":0,"api_error":null,"upsert_errors":[],"next_after_id":"dfc7e7cd-2d7b-4a6c-b5ba-4d68635753f0","has_more":true,"dry_run":false}
batch=1287 {"success":true,"platform":"tiktok","merchant_id":"ffe8519e-49a2-467b-a0ec-57d28ba8be49","shop_id":"7495127669839399750","processed":20,"updated":20,"errors":0,"api_error":null,"upsert_errors":[],"next_after_id":"dff065ba-1360-4cf4-9c66-05e723d22b11","has_more":true,"dry_run":false}
batch=1288 {"success":true,"platform":"tiktok","merchant_id":"ffe8519e-49a2-467b-a0ec-57d28ba8be49","shop_id":"7495127669839399750","processed":20,"updated":20,"errors":0,"api_error":null,"upsert_errors":[],"next_after_id":"e02021f2-d542-4620-8790-313add24b9d4","has_more":true,"dry_run":false}
batch=1289 {"success":true,"platform":"tiktok","merchant_id":"ffe8519e-49a2-467b-a0ec-57d28ba8be49","shop_id":"7495127669839399750","processed":20,"updated":20,"errors":0,"api_error":null,"upsert_errors":[],"next_after_id":"e0458cb6-146a-4043-b049-e87a9447bf5a","has_more":true,"dry_run":false}
batch=1290 {"success":true,"platform":"tiktok","merchant_id":"ffe8519e-49a2-467b-a0ec-57d28ba8be49","shop_id":"7495127669839399750","processed":20,"updated":20,"errors":0,"api_error":null,"upsert_errors":[],"next_after_id":"e06d44af-573d-4281-be89-3f54383f5a03","has_more":true,"dry_run":false}
batch=1291 {"success":true,"platform":"tiktok","merchant_id":"ffe8519e-49a2-467b-a0ec-57d28ba8be49","shop_id":"7495127669839399750","processed":20,"updated":20,"errors":0,"api_error":null,"upsert_errors":[],"next_after_id":"e0992d41-2f24-4f6d-a1ea-12412e2064c7","has_more":true,"dry_run":false}
batch=1292 {"success":true,"platform":"tiktok","merchant_id":"ffe8519e-49a2-467b-a0ec-57d28ba8be49","shop_id":"7495127669839399750","processed":20,"updated":20,"errors":0,"api_error":null,"upsert_errors":[],"next_after_id":"e0d625ae-c9c7-490d-ae1f-3136382b2d18","has_more":true,"dry_run":false}
batch=1293 {"success":true,"platform":"tiktok","merchant_id":"ffe8519e-49a2-467b-a0ec-57d28ba8be49","shop_id":"7495127669839399750","processed":20,"updated":20,"errors":0,"api_error":null,"upsert_errors":[],"next_after_id":"e0f7fee2-5b8e-4b1a-a8ab-a9397d3061d8","has_more":true,"dry_run":false}
batch=1294 {"success":true,"platform":"tiktok","merchant_id":"ffe8519e-49a2-467b-a0ec-57d28ba8be49","shop_id":"7495127669839399750","processed":20,"updated":20,"errors":0,"api_error":null,"upsert_errors":[],"next_after_id":"e1172f7c-0879-446f-bcda-4d3624b58ab9","has_more":true,"dry_run":false}
batch=1295 {"success":true,"platform":"tiktok","merchant_id":"ffe8519e-49a2-467b-a0ec-57d28ba8be49","shop_id":"7495127669839399750","processed":20,"updated":20,"errors":0,"api_error":null,"upsert_errors":[],"next_after_id":"e138e85a-1b22-4db2-a7b3-b6025fc8659d","has_more":true,"dry_run":false}
batch=1296 {"success":true,"platform":"tiktok","merchant_id":"ffe8519e-49a2-467b-a0ec-57d28ba8be49","shop_id":"7495127669839399750","processed":20,"updated":20,"errors":0,"api_error":null,"upsert_errors":[],"next_after_id":"e16087e8-5fd4-4e18-819f-2621a0ce9e9b","has_more":true,"dry_run":false}
batch=1297 {"success":true,"platform":"tiktok","merchant_id":"ffe8519e-49a2-467b-a0ec-57d28ba8be49","shop_id":"7495127669839399750","processed":20,"updated":20,"errors":0,"api_error":null,"upsert_errors":[],"next_after_id":"e18543a0-6bf0-4554-bb1f-a92eb59a7cc0","has_more":true,"dry_run":false}
batch=1298 {"success":true,"platform":"tiktok","merchant_id":"ffe8519e-49a2-467b-a0ec-57d28ba8be49","shop_id":"7495127669839399750","processed":20,"updated":20,"errors":0,"api_error":null,"upsert_errors":[],"next_after_id":"e1a7c6e1-c3da-481a-98f8-75aaecda79d1","has_more":true,"dry_run":false}
batch=1299 {"success":true,"platform":"tiktok","merchant_id":"ffe8519e-49a2-467b-a0ec-57d28ba8be49","shop_id":"7495127669839399750","processed":20,"updated":20,"errors":0,"api_error":null,"upsert_errors":[],"next_after_id":"e1dce65f-8bc7-4582-8600-bce436418fdb","has_more":true,"dry_run":false}
batch=1300 {"success":true,"platform":"tiktok","merchant_id":"ffe8519e-49a2-467b-a0ec-57d28ba8be49","shop_id":"7495127669839399750","processed":20,"updated":20,"errors":0,"api_error":null,"upsert_errors":[],"next_after_id":"e20638fa-b14e-406f-9bb6-d05f6cbca1b5","has_more":true,"dry_run":false}
batch=1301 {"success":true,"platform":"tiktok","merchant_id":"ffe8519e-49a2-467b-a0ec-57d28ba8be49","shop_id":"7495127669839399750","processed":20,"updated":20,"errors":0,"api_error":null,"upsert_errors":[],"next_after_id":"e22a7d5e-faa6-48d4-9eea-12681be145bd","has_more":true,"dry_run":false}
batch=1302 {"success":true,"platform":"tiktok","merchant_id":"ffe8519e-49a2-467b-a0ec-57d28ba8be49","shop_id":"7495127669839399750","processed":20,"updated":20,"errors":0,"api_error":null,"upsert_errors":[],"next_after_id":"e2601be8-aef5-4e1e-89f5-b3909c18a8e4","has_more":true,"dry_run":false}
batch=1303 {"success":true,"platform":"tiktok","merchant_id":"ffe8519e-49a2-467b-a0ec-57d28ba8be49","shop_id":"7495127669839399750","processed":20,"updated":20,"errors":0,"api_error":null,"upsert_errors":[],"next_after_id":"e28808fc-3a76-4161-82b7-67b4451edf73","has_more":true,"dry_run":false}
batch=1304 {"success":true,"platform":"tiktok","merchant_id":"ffe8519e-49a2-467b-a0ec-57d28ba8be49","shop_id":"7495127669839399750","processed":20,"updated":20,"errors":0,"api_error":null,"upsert_errors":[],"next_after_id":"e2b094ca-1817-45cb-871c-37a36976dec9","has_more":true,"dry_run":false}
batch=1305 {"success":true,"platform":"tiktok","merchant_id":"ffe8519e-49a2-467b-a0ec-57d28ba8be49","shop_id":"7495127669839399750","processed":20,"updated":20,"errors":0,"api_error":null,"upsert_errors":[],"next_after_id":"e2de56de-1952-4193-80ee-98c8cc9716ac","has_more":true,"dry_run":false}
batch=1306 {"success":true,"platform":"tiktok","merchant_id":"ffe8519e-49a2-467b-a0ec-57d28ba8be49","shop_id":"7495127669839399750","processed":20,"updated":20,"errors":0,"api_error":null,"upsert_errors":[],"next_after_id":"e3001a4e-3fe4-41dc-9d60-4c957cc1f23c","has_more":true,"dry_run":false}
batch=1307 {"success":true,"platform":"tiktok","merchant_id":"ffe8519e-49a2-467b-a0ec-57d28ba8be49","shop_id":"7495127669839399750","processed":20,"updated":20,"errors":0,"api_error":null,"upsert_errors":[],"next_after_id":"e32115c2-7ae0-4705-86a6-017c83f913db","has_more":true,"dry_run":false}
batch=1308 {"success":true,"platform":"tiktok","merchant_id":"ffe8519e-49a2-467b-a0ec-57d28ba8be49","shop_id":"7495127669839399750","processed":20,"updated":20,"errors":0,"api_error":null,"upsert_errors":[],"next_after_id":"e3598ac7-a994-42d9-841f-e246492033c0","has_more":true,"dry_run":false}
batch=1309 {"success":true,"platform":"tiktok","merchant_id":"ffe8519e-49a2-467b-a0ec-57d28ba8be49","shop_id":"7495127669839399750","processed":20,"updated":20,"errors":0,"api_error":null,"upsert_errors":[],"next_after_id":"e38d01a5-b8fd-441f-89db-074c8a2444c8","has_more":true,"dry_run":false}
batch=1310 {"success":true,"platform":"tiktok","merchant_id":"ffe8519e-49a2-467b-a0ec-57d28ba8be49","shop_id":"7495127669839399750","processed":20,"updated":20,"errors":0,"api_error":null,"upsert_errors":[],"next_after_id":"e3b1eb56-fd00-493f-ba96-e499d36255dc","has_more":true,"dry_run":false}
batch=1311 {"success":true,"platform":"tiktok","merchant_id":"ffe8519e-49a2-467b-a0ec-57d28ba8be49","shop_id":"7495127669839399750","processed":20,"updated":20,"errors":0,"api_error":null,"upsert_errors":[],"next_after_id":"e3dcd076-b4f0-426d-84ab-de9108e71bab","has_more":true,"dry_run":false}
batch=1312 {"success":true,"platform":"tiktok","merchant_id":"ffe8519e-49a2-467b-a0ec-57d28ba8be49","shop_id":"7495127669839399750","processed":20,"updated":20,"errors":0,"api_error":null,"upsert_errors":[],"next_after_id":"e40e2cb1-0c9f-4c6a-8968-090535ecb788","has_more":true,"dry_run":false}
batch=1313 {"success":true,"platform":"tiktok","merchant_id":"ffe8519e-49a2-467b-a0ec-57d28ba8be49","shop_id":"7495127669839399750","processed":20,"updated":20,"errors":0,"api_error":null,"upsert_errors":[],"next_after_id":"e434aa9f-a400-40ad-b61d-23e815fdbb67","has_more":true,"dry_run":false}
batch=1314 {"success":true,"platform":"tiktok","merchant_id":"ffe8519e-49a2-467b-a0ec-57d28ba8be49","shop_id":"7495127669839399750","processed":20,"updated":20,"errors":0,"api_error":null,"upsert_errors":[],"next_after_id":"e454ba76-5520-48c7-b321-8a2da340fc5e","has_more":true,"dry_run":false}
batch=1315 {"success":true,"platform":"tiktok","merchant_id":"ffe8519e-49a2-467b-a0ec-57d28ba8be49","shop_id":"7495127669839399750","processed":20,"updated":20,"errors":0,"api_error":null,"upsert_errors":[],"next_after_id":"e4889897-57a6-4d96-9800-451682349b0c","has_more":true,"dry_run":false}
batch=1316 {"success":true,"platform":"tiktok","merchant_id":"ffe8519e-49a2-467b-a0ec-57d28ba8be49","shop_id":"7495127669839399750","processed":20,"updated":20,"errors":0,"api_error":null,"upsert_errors":[],"next_after_id":"e4b14d89-6d14-4a20-a487-623d59803c73","has_more":true,"dry_run":false}
batch=1317 {"success":true,"platform":"tiktok","merchant_id":"ffe8519e-49a2-467b-a0ec-57d28ba8be49","shop_id":"7495127669839399750","processed":20,"updated":20,"errors":0,"api_error":null,"upsert_errors":[],"next_after_id":"e4de01ab-df8d-4a8d-9db7-e443b53aa72e","has_more":true,"dry_run":false}
batch=1318 {"success":true,"platform":"tiktok","merchant_id":"ffe8519e-49a2-467b-a0ec-57d28ba8be49","shop_id":"7495127669839399750","processed":20,"updated":20,"errors":0,"api_error":null,"upsert_errors":[],"next_after_id":"e50cf647-b73d-4f75-b77d-35dfc58ab055","has_more":true,"dry_run":false}
batch=1319 {"success":true,"platform":"tiktok","merchant_id":"ffe8519e-49a2-467b-a0ec-57d28ba8be49","shop_id":"7495127669839399750","processed":20,"updated":20,"errors":0,"api_error":null,"upsert_errors":[],"next_after_id":"e536ece2-b67c-4a69-a35f-e01509b7a57a","has_more":true,"dry_run":false}
batch=1320 {"success":true,"platform":"tiktok","merchant_id":"ffe8519e-49a2-467b-a0ec-57d28ba8be49","shop_id":"7495127669839399750","processed":20,"updated":20,"errors":0,"api_error":null,"upsert_errors":[],"next_after_id":"e54edc90-3445-4cfd-9d64-fce551c29225","has_more":true,"dry_run":false}
batch=1321 {"success":true,"platform":"tiktok","merchant_id":"ffe8519e-49a2-467b-a0ec-57d28ba8be49","shop_id":"7495127669839399750","processed":20,"updated":20,"errors":0,"api_error":null,"upsert_errors":[],"next_after_id":"e582cffa-c598-4ca4-97e8-a7105d6ed086","has_more":true,"dry_run":false}
batch=1322 {"success":true,"platform":"tiktok","merchant_id":"ffe8519e-49a2-467b-a0ec-57d28ba8be49","shop_id":"7495127669839399750","processed":20,"updated":20,"errors":0,"api_error":null,"upsert_errors":[],"next_after_id":"e5a8aa27-6796-4c31-be47-19097a6af4c8","has_more":true,"dry_run":false}
batch=1323 {"success":true,"platform":"tiktok","merchant_id":"ffe8519e-49a2-467b-a0ec-57d28ba8be49","shop_id":"7495127669839399750","processed":20,"updated":20,"errors":0,"api_error":null,"upsert_errors":[],"next_after_id":"e5ca3948-a9b9-4803-a3fb-2ae163d32f1c","has_more":true,"dry_run":false}
batch=1324 {"success":true,"platform":"tiktok","merchant_id":"ffe8519e-49a2-467b-a0ec-57d28ba8be49","shop_id":"7495127669839399750","processed":20,"updated":20,"errors":0,"api_error":null,"upsert_errors":[],"next_after_id":"e5e61dce-02be-43f2-be60-4f40a8ee2f29","has_more":true,"dry_run":false}
batch=1325 {"success":true,"platform":"tiktok","merchant_id":"ffe8519e-49a2-467b-a0ec-57d28ba8be49","shop_id":"7495127669839399750","processed":20,"updated":20,"errors":0,"api_error":null,"upsert_errors":[],"next_after_id":"e60b9ab8-eeae-43d4-adb9-efee9a62c24e","has_more":true,"dry_run":false}
batch=1326 {"success":true,"platform":"tiktok","merchant_id":"ffe8519e-49a2-467b-a0ec-57d28ba8be49","shop_id":"7495127669839399750","processed":20,"updated":20,"errors":0,"api_error":null,"upsert_errors":[],"next_after_id":"e63ba076-f483-4ff9-97c1-b007d035fcb3","has_more":true,"dry_run":false}
batch=1327 {"success":true,"platform":"tiktok","merchant_id":"ffe8519e-49a2-467b-a0ec-57d28ba8be49","shop_id":"7495127669839399750","processed":20,"updated":20,"errors":0,"api_error":null,"upsert_errors":[],"next_after_id":"e6600ed9-6df2-4794-a419-9bec42fe5e13","has_more":true,"dry_run":false}
batch=1328 {"success":true,"platform":"tiktok","merchant_id":"ffe8519e-49a2-467b-a0ec-57d28ba8be49","shop_id":"7495127669839399750","processed":20,"updated":20,"errors":0,"api_error":null,"upsert_errors":[],"next_after_id":"e690b878-4f7a-4f47-b6ac-df114b36aecf","has_more":true,"dry_run":false}
batch=1329 {"success":true,"platform":"tiktok","merchant_id":"ffe8519e-49a2-467b-a0ec-57d28ba8be49","shop_id":"7495127669839399750","processed":20,"updated":20,"errors":0,"api_error":null,"upsert_errors":[],"next_after_id":"e6cbfa42-523a-41fa-bdc0-20c2ab681f24","has_more":true,"dry_run":false}
batch=1330 {"success":true,"platform":"tiktok","merchant_id":"ffe8519e-49a2-467b-a0ec-57d28ba8be49","shop_id":"7495127669839399750","processed":20,"updated":20,"errors":0,"api_error":null,"upsert_errors":[],"next_after_id":"e6f9fded-c1ec-46dc-a91d-dc9a8c7d5c88","has_more":true,"dry_run":false}
batch=1331 {"success":true,"platform":"tiktok","merchant_id":"ffe8519e-49a2-467b-a0ec-57d28ba8be49","shop_id":"7495127669839399750","processed":20,"updated":20,"errors":0,"api_error":null,"upsert_errors":[],"next_after_id":"e71fd6db-76dd-44cf-983c-82d51d4e027d","has_more":true,"dry_run":false}
batch=1332 {"success":true,"platform":"tiktok","merchant_id":"ffe8519e-49a2-467b-a0ec-57d28ba8be49","shop_id":"7495127669839399750","processed":20,"updated":20,"errors":0,"api_error":null,"upsert_errors":[],"next_after_id":"e74a37e7-a8ca-49fd-a1c7-202a21b24b7f","has_more":true,"dry_run":false}
batch=1333 {"success":true,"platform":"tiktok","merchant_id":"ffe8519e-49a2-467b-a0ec-57d28ba8be49","shop_id":"7495127669839399750","processed":20,"updated":20,"errors":0,"api_error":null,"upsert_errors":[],"next_after_id":"e7700cce-a441-4966-83ad-d4fffc5e3734","has_more":true,"dry_run":false}
batch=1334 {"success":true,"platform":"tiktok","merchant_id":"ffe8519e-49a2-467b-a0ec-57d28ba8be49","shop_id":"7495127669839399750","processed":20,"updated":20,"errors":0,"api_error":null,"upsert_errors":[],"next_after_id":"e7a16254-d70e-409b-810a-7bda5c4c5b2a","has_more":true,"dry_run":false}
batch=1335 {"success":true,"platform":"tiktok","merchant_id":"ffe8519e-49a2-467b-a0ec-57d28ba8be49","shop_id":"7495127669839399750","processed":20,"updated":20,"errors":0,"api_error":null,"upsert_errors":[],"next_after_id":"e7c6ea50-a81f-444d-add4-a5e9fa58e264","has_more":true,"dry_run":false}
batch=1336 {"success":true,"platform":"tiktok","merchant_id":"ffe8519e-49a2-467b-a0ec-57d28ba8be49","shop_id":"7495127669839399750","processed":20,"updated":20,"errors":0,"api_error":null,"upsert_errors":[],"next_after_id":"e7efb7c6-2d6e-41e0-8881-f15e04da64e0","has_more":true,"dry_run":false}
batch=1337 {"success":true,"platform":"tiktok","merchant_id":"ffe8519e-49a2-467b-a0ec-57d28ba8be49","shop_id":"7495127669839399750","processed":20,"updated":20,"errors":0,"api_error":null,"upsert_errors":[],"next_after_id":"e818866d-8ef7-4caa-b6c7-ac0e2b5096ad","has_more":true,"dry_run":false}
batch=1338 {"success":true,"platform":"tiktok","merchant_id":"ffe8519e-49a2-467b-a0ec-57d28ba8be49","shop_id":"7495127669839399750","processed":20,"updated":20,"errors":0,"api_error":null,"upsert_errors":[],"next_after_id":"e84bffe8-bdef-4627-b18d-b8d3cebf4e6a","has_more":true,"dry_run":false}
batch=1339 {"success":true,"platform":"tiktok","merchant_id":"ffe8519e-49a2-467b-a0ec-57d28ba8be49","shop_id":"7495127669839399750","processed":20,"updated":20,"errors":0,"api_error":null,"upsert_errors":[],"next_after_id":"e873f627-1a44-4b7c-b541-d50c01b7561d","has_more":true,"dry_run":false}
batch=1340 {"success":true,"platform":"tiktok","merchant_id":"ffe8519e-49a2-467b-a0ec-57d28ba8be49","shop_id":"7495127669839399750","processed":20,"updated":20,"errors":0,"api_error":null,"upsert_errors":[],"next_after_id":"e89109a8-91dd-4817-b6df-bce9cd01bf62","has_more":true,"dry_run":false}
batch=1341 {"success":true,"platform":"tiktok","merchant_id":"ffe8519e-49a2-467b-a0ec-57d28ba8be49","shop_id":"7495127669839399750","processed":20,"updated":20,"errors":0,"api_error":null,"upsert_errors":[],"next_after_id":"e8af70bb-fe22-4d29-8974-e81798a4b564","has_more":true,"dry_run":false}
batch=1342 {"success":true,"platform":"tiktok","merchant_id":"ffe8519e-49a2-467b-a0ec-57d28ba8be49","shop_id":"7495127669839399750","processed":20,"updated":20,"errors":0,"api_error":null,"upsert_errors":[],"next_after_id":"e8ef6cf7-1e91-483c-bb62-006809aad192","has_more":true,"dry_run":false}
batch=1343 {"success":true,"platform":"tiktok","merchant_id":"ffe8519e-49a2-467b-a0ec-57d28ba8be49","shop_id":"7495127669839399750","processed":20,"updated":20,"errors":0,"api_error":null,"upsert_errors":[],"next_after_id":"e91b673e-b81b-49c8-a8a7-ab23275b78a3","has_more":true,"dry_run":false}
batch=1344 {"success":true,"platform":"tiktok","merchant_id":"ffe8519e-49a2-467b-a0ec-57d28ba8be49","shop_id":"7495127669839399750","processed":20,"updated":20,"errors":0,"api_error":null,"upsert_errors":[],"next_after_id":"e95634ef-34f0-4be3-8385-8185af00698e","has_more":true,"dry_run":false}
batch=1345 {"success":true,"platform":"tiktok","merchant_id":"ffe8519e-49a2-467b-a0ec-57d28ba8be49","shop_id":"7495127669839399750","processed":20,"updated":20,"errors":0,"api_error":null,"upsert_errors":[],"next_after_id":"e97ae87e-9d06-4002-9166-c52cc5889172","has_more":true,"dry_run":false}
batch=1346 {"success":true,"platform":"tiktok","merchant_id":"ffe8519e-49a2-467b-a0ec-57d28ba8be49","shop_id":"7495127669839399750","processed":20,"updated":20,"errors":0,"api_error":null,"upsert_errors":[],"next_after_id":"e9a1ebf6-692f-45d6-b305-ba629c1ea80e","has_more":true,"dry_run":false}
batch=1347 {"success":true,"platform":"tiktok","merchant_id":"ffe8519e-49a2-467b-a0ec-57d28ba8be49","shop_id":"7495127669839399750","processed":20,"updated":20,"errors":0,"api_error":null,"upsert_errors":[],"next_after_id":"e9d15557-194a-4910-86ab-487f5db5df10","has_more":true,"dry_run":false}
batch=1348 {"success":true,"platform":"tiktok","merchant_id":"ffe8519e-49a2-467b-a0ec-57d28ba8be49","shop_id":"7495127669839399750","processed":20,"updated":20,"errors":0,"api_error":null,"upsert_errors":[],"next_after_id":"e9e8b296-71f4-4c81-a9f8-41ca7a3c78c4","has_more":true,"dry_run":false}
batch=1349 {"success":true,"platform":"tiktok","merchant_id":"ffe8519e-49a2-467b-a0ec-57d28ba8be49","shop_id":"7495127669839399750","processed":20,"updated":20,"errors":0,"api_error":null,"upsert_errors":[],"next_after_id":"ea159abd-6e47-4bcf-b331-bb911cac487d","has_more":true,"dry_run":false}
batch=1350 {"success":true,"platform":"tiktok","merchant_id":"ffe8519e-49a2-467b-a0ec-57d28ba8be49","shop_id":"7495127669839399750","processed":20,"updated":20,"errors":0,"api_error":null,"upsert_errors":[],"next_after_id":"ea3dc2da-4c24-494f-bc80-bf8195c4e1f1","has_more":true,"dry_run":false}
batch=1351 {"success":true,"platform":"tiktok","merchant_id":"ffe8519e-49a2-467b-a0ec-57d28ba8be49","shop_id":"7495127669839399750","processed":20,"updated":20,"errors":0,"api_error":null,"upsert_errors":[],"next_after_id":"ea525a29-806d-43db-810d-f390345cd888","has_more":true,"dry_run":false}
batch=1352 {"success":true,"platform":"tiktok","merchant_id":"ffe8519e-49a2-467b-a0ec-57d28ba8be49","shop_id":"7495127669839399750","processed":20,"updated":20,"errors":0,"api_error":null,"upsert_errors":[],"next_after_id":"ea86428c-e9d4-474a-bf41-ab5b979e0a26","has_more":true,"dry_run":false}
batch=1353 {"success":true,"platform":"tiktok","merchant_id":"ffe8519e-49a2-467b-a0ec-57d28ba8be49","shop_id":"7495127669839399750","processed":20,"updated":20,"errors":0,"api_error":null,"upsert_errors":[],"next_after_id":"eab8683f-a708-4f4f-aab1-184e033f02cb","has_more":true,"dry_run":false}
batch=1354 {"success":true,"platform":"tiktok","merchant_id":"ffe8519e-49a2-467b-a0ec-57d28ba8be49","shop_id":"7495127669839399750","processed":20,"updated":20,"errors":0,"api_error":null,"upsert_errors":[],"next_after_id":"eade90ab-fe91-4302-b1e9-970b06501081","has_more":true,"dry_run":false}
batch=1355 {"success":true,"platform":"tiktok","merchant_id":"ffe8519e-49a2-467b-a0ec-57d28ba8be49","shop_id":"7495127669839399750","processed":20,"updated":20,"errors":0,"api_error":null,"upsert_errors":[],"next_after_id":"eb0cb874-17c5-4479-86d1-46ad6c6bdbae","has_more":true,"dry_run":false}
batch=1356 {"success":true,"platform":"tiktok","merchant_id":"ffe8519e-49a2-467b-a0ec-57d28ba8be49","shop_id":"7495127669839399750","processed":20,"updated":20,"errors":0,"api_error":null,"upsert_errors":[],"next_after_id":"eb2edf15-1727-4297-8868-5583a24f0037","has_more":true,"dry_run":false}
batch=1357 {"success":true,"platform":"tiktok","merchant_id":"ffe8519e-49a2-467b-a0ec-57d28ba8be49","shop_id":"7495127669839399750","processed":20,"updated":20,"errors":0,"api_error":null,"upsert_errors":[],"next_after_id":"eb650e4b-518d-4443-91d8-e2b2ffe6f148","has_more":true,"dry_run":false}
batch=1358 {"success":true,"platform":"tiktok","merchant_id":"ffe8519e-49a2-467b-a0ec-57d28ba8be49","shop_id":"7495127669839399750","processed":20,"updated":20,"errors":0,"api_error":null,"upsert_errors":[],"next_after_id":"eb90e7bf-1260-46a2-8a86-ca50568cacc5","has_more":true,"dry_run":false}
batch=1359 {"success":true,"platform":"tiktok","merchant_id":"ffe8519e-49a2-467b-a0ec-57d28ba8be49","shop_id":"7495127669839399750","processed":20,"updated":20,"errors":0,"api_error":null,"upsert_errors":[],"next_after_id":"ebb4c97e-f5cf-459a-b2e1-1c44328d4b12","has_more":true,"dry_run":false}
batch=1360 {"success":true,"platform":"tiktok","merchant_id":"ffe8519e-49a2-467b-a0ec-57d28ba8be49","shop_id":"7495127669839399750","processed":20,"updated":20,"errors":0,"api_error":null,"upsert_errors":[],"next_after_id":"ebe119ad-e9e4-4cfa-be19-20659a0b6258","has_more":true,"dry_run":false}
batch=1361 {"success":true,"platform":"tiktok","merchant_id":"ffe8519e-49a2-467b-a0ec-57d28ba8be49","shop_id":"7495127669839399750","processed":20,"updated":20,"errors":0,"api_error":null,"upsert_errors":[],"next_after_id":"ec155ec1-839a-4066-bd71-ec65362bab63","has_more":true,"dry_run":false}
batch=1362 {"success":true,"platform":"tiktok","merchant_id":"ffe8519e-49a2-467b-a0ec-57d28ba8be49","shop_id":"7495127669839399750","processed":20,"updated":20,"errors":0,"api_error":null,"upsert_errors":[],"next_after_id":"ec451a5a-b00b-448d-ba9c-bf45c433e0fd","has_more":true,"dry_run":false}
batch=1363 {"success":true,"platform":"tiktok","merchant_id":"ffe8519e-49a2-467b-a0ec-57d28ba8be49","shop_id":"7495127669839399750","processed":20,"updated":20,"errors":0,"api_error":null,"upsert_errors":[],"next_after_id":"ec7598f9-2b19-42c2-8102-601075ff6a3c","has_more":true,"dry_run":false}
batch=1364 {"success":true,"platform":"tiktok","merchant_id":"ffe8519e-49a2-467b-a0ec-57d28ba8be49","shop_id":"7495127669839399750","processed":20,"updated":20,"errors":0,"api_error":null,"upsert_errors":[],"next_after_id":"eca2d6f7-b79f-43b3-944f-c9f4d1d8bae9","has_more":true,"dry_run":false}
batch=1365 {"success":true,"platform":"tiktok","merchant_id":"ffe8519e-49a2-467b-a0ec-57d28ba8be49","shop_id":"7495127669839399750","processed":20,"updated":20,"errors":0,"api_error":null,"upsert_errors":[],"next_after_id":"ecc8d2da-5f4d-46e2-8ea1-5610b9e343e1","has_more":true,"dry_run":false}
batch=1366 {"success":true,"platform":"tiktok","merchant_id":"ffe8519e-49a2-467b-a0ec-57d28ba8be49","shop_id":"7495127669839399750","processed":20,"updated":20,"errors":0,"api_error":null,"upsert_errors":[],"next_after_id":"ece8eea9-e786-4589-b344-5a9353da3c01","has_more":true,"dry_run":false}
batch=1367 {"success":true,"platform":"tiktok","merchant_id":"ffe8519e-49a2-467b-a0ec-57d28ba8be49","shop_id":"7495127669839399750","processed":20,"updated":20,"errors":0,"api_error":null,"upsert_errors":[],"next_after_id":"ed177408-bf40-4fd7-9dd6-47e600b0920b","has_more":true,"dry_run":false}
batch=1368 {"success":true,"platform":"tiktok","merchant_id":"ffe8519e-49a2-467b-a0ec-57d28ba8be49","shop_id":"7495127669839399750","processed":20,"updated":20,"errors":0,"api_error":null,"upsert_errors":[],"next_after_id":"ed513af5-3d87-432d-adca-ede5010f0127","has_more":true,"dry_run":false}
batch=1369 {"success":true,"platform":"tiktok","merchant_id":"ffe8519e-49a2-467b-a0ec-57d28ba8be49","shop_id":"7495127669839399750","processed":20,"updated":20,"errors":0,"api_error":null,"upsert_errors":[],"next_after_id":"ed8816ee-d776-4a96-a895-8364dff8341f","has_more":true,"dry_run":false}
batch=1370 {"success":true,"platform":"tiktok","merchant_id":"ffe8519e-49a2-467b-a0ec-57d28ba8be49","shop_id":"7495127669839399750","processed":20,"updated":20,"errors":0,"api_error":null,"upsert_errors":[],"next_after_id":"edb715fc-7d52-4648-8859-a0cf2dbaa7f7","has_more":true,"dry_run":false}
batch=1371 {"success":true,"platform":"tiktok","merchant_id":"ffe8519e-49a2-467b-a0ec-57d28ba8be49","shop_id":"7495127669839399750","processed":20,"updated":20,"errors":0,"api_error":null,"upsert_errors":[],"next_after_id":"ede49c06-cc45-4289-8250-18907c8f0426","has_more":true,"dry_run":false}
batch=1372 {"success":true,"platform":"tiktok","merchant_id":"ffe8519e-49a2-467b-a0ec-57d28ba8be49","shop_id":"7495127669839399750","processed":20,"updated":20,"errors":0,"api_error":null,"upsert_errors":[],"next_after_id":"ee0e6f5e-2d1d-4c80-815c-5bb323f749fb","has_more":true,"dry_run":false}
batch=1373 {"success":true,"platform":"tiktok","merchant_id":"ffe8519e-49a2-467b-a0ec-57d28ba8be49","shop_id":"7495127669839399750","processed":20,"updated":20,"errors":0,"api_error":null,"upsert_errors":[],"next_after_id":"ee35a452-fa7f-436e-a599-e6d4782e3c71","has_more":true,"dry_run":false}
batch=1374 {"success":true,"platform":"tiktok","merchant_id":"ffe8519e-49a2-467b-a0ec-57d28ba8be49","shop_id":"7495127669839399750","processed":20,"updated":20,"errors":0,"api_error":null,"upsert_errors":[],"next_after_id":"ee6709f1-610f-4ba7-bed9-61e0ae68c94f","has_more":true,"dry_run":false}
batch=1375 {"success":true,"platform":"tiktok","merchant_id":"ffe8519e-49a2-467b-a0ec-57d28ba8be49","shop_id":"7495127669839399750","processed":20,"updated":20,"errors":0,"api_error":null,"upsert_errors":[],"next_after_id":"ee925dd9-b54d-4ee2-88b8-2a435c280fba","has_more":true,"dry_run":false}
batch=1376 {"success":true,"platform":"tiktok","merchant_id":"ffe8519e-49a2-467b-a0ec-57d28ba8be49","shop_id":"7495127669839399750","processed":20,"updated":20,"errors":0,"api_error":null,"upsert_errors":[],"next_after_id":"eebe8bf4-3af1-45ad-afc4-8bf7e7bbc165","has_more":true,"dry_run":false}
batch=1377 {"success":true,"platform":"tiktok","merchant_id":"ffe8519e-49a2-467b-a0ec-57d28ba8be49","shop_id":"7495127669839399750","processed":20,"updated":20,"errors":0,"api_error":null,"upsert_errors":[],"next_after_id":"eee0df29-81c8-45f9-9199-41ffe510ed5a","has_more":true,"dry_run":false}
batch=1378 {"success":true,"platform":"tiktok","merchant_id":"ffe8519e-49a2-467b-a0ec-57d28ba8be49","shop_id":"7495127669839399750","processed":20,"updated":20,"errors":0,"api_error":null,"upsert_errors":[],"next_after_id":"ef0ac618-d98f-4b21-88c0-2991df94fd9e","has_more":true,"dry_run":false}
batch=1379 {"success":true,"platform":"tiktok","merchant_id":"ffe8519e-49a2-467b-a0ec-57d28ba8be49","shop_id":"7495127669839399750","processed":20,"updated":20,"errors":0,"api_error":null,"upsert_errors":[],"next_after_id":"ef37710f-9686-4b88-8f2a-ab5e56fc4c9f","has_more":true,"dry_run":false}
batch=1380 {"success":true,"platform":"tiktok","merchant_id":"ffe8519e-49a2-467b-a0ec-57d28ba8be49","shop_id":"7495127669839399750","processed":20,"updated":20,"errors":0,"api_error":null,"upsert_errors":[],"next_after_id":"ef7117ad-0141-4987-8a82-29eb848180fe","has_more":true,"dry_run":false}
batch=1381 {"success":true,"platform":"tiktok","merchant_id":"ffe8519e-49a2-467b-a0ec-57d28ba8be49","shop_id":"7495127669839399750","processed":20,"updated":20,"errors":0,"api_error":null,"upsert_errors":[],"next_after_id":"eface817-f772-4879-a418-b60489d1c9b8","has_more":true,"dry_run":false}
batch=1382 {"success":true,"platform":"tiktok","merchant_id":"ffe8519e-49a2-467b-a0ec-57d28ba8be49","shop_id":"7495127669839399750","processed":20,"updated":20,"errors":0,"api_error":null,"upsert_errors":[],"next_after_id":"efe07093-b176-4340-a6fa-cf1e3576b517","has_more":true,"dry_run":false}
batch=1383 {"success":true,"platform":"tiktok","merchant_id":"ffe8519e-49a2-467b-a0ec-57d28ba8be49","shop_id":"7495127669839399750","processed":20,"updated":20,"errors":0,"api_error":null,"upsert_errors":[],"next_after_id":"f008f008-1407-48b2-94de-35672ae2cff6","has_more":true,"dry_run":false}
batch=1384 {"success":true,"platform":"tiktok","merchant_id":"ffe8519e-49a2-467b-a0ec-57d28ba8be49","shop_id":"7495127669839399750","processed":20,"updated":20,"errors":0,"api_error":null,"upsert_errors":[],"next_after_id":"f02e9e14-c066-4952-86bf-cfdc55b59fc0","has_more":true,"dry_run":false}
batch=1385 {"success":true,"platform":"tiktok","merchant_id":"ffe8519e-49a2-467b-a0ec-57d28ba8be49","shop_id":"7495127669839399750","processed":20,"updated":20,"errors":0,"api_error":null,"upsert_errors":[],"next_after_id":"f066dfe4-31b4-40e7-b2cd-b3cb38107977","has_more":true,"dry_run":false}
batch=1386 {"success":true,"platform":"tiktok","merchant_id":"ffe8519e-49a2-467b-a0ec-57d28ba8be49","shop_id":"7495127669839399750","processed":20,"updated":20,"errors":0,"api_error":null,"upsert_errors":[],"next_after_id":"f09c0565-cc7f-42b1-ab14-765a2cc23b3a","has_more":true,"dry_run":false}
batch=1387 {"success":true,"platform":"tiktok","merchant_id":"ffe8519e-49a2-467b-a0ec-57d28ba8be49","shop_id":"7495127669839399750","processed":20,"updated":20,"errors":0,"api_error":null,"upsert_errors":[],"next_after_id":"f0c419dd-25aa-47d3-8abb-d114fa3dd445","has_more":true,"dry_run":false}
batch=1388 {"success":true,"platform":"tiktok","merchant_id":"ffe8519e-49a2-467b-a0ec-57d28ba8be49","shop_id":"7495127669839399750","processed":20,"updated":20,"errors":0,"api_error":null,"upsert_errors":[],"next_after_id":"f0e93ea1-69ff-4143-b223-e2448f02e88b","has_more":true,"dry_run":false}
batch=1389 {"success":true,"platform":"tiktok","merchant_id":"ffe8519e-49a2-467b-a0ec-57d28ba8be49","shop_id":"7495127669839399750","processed":20,"updated":20,"errors":0,"api_error":null,"upsert_errors":[],"next_after_id":"f11962db-6745-45cf-8b81-bea3206151be","has_more":true,"dry_run":false}
batch=1390 {"success":true,"platform":"tiktok","merchant_id":"ffe8519e-49a2-467b-a0ec-57d28ba8be49","shop_id":"7495127669839399750","processed":20,"updated":20,"errors":0,"api_error":null,"upsert_errors":[],"next_after_id":"f16eac92-57d5-492e-997a-a2bb6a8e6c30","has_more":true,"dry_run":false}
batch=1391 {"success":true,"platform":"tiktok","merchant_id":"ffe8519e-49a2-467b-a0ec-57d28ba8be49","shop_id":"7495127669839399750","processed":20,"updated":20,"errors":0,"api_error":null,"upsert_errors":[],"next_after_id":"f18e5c72-75f8-40a0-a44c-b115afcfec13","has_more":true,"dry_run":false}
batch=1392 {"success":true,"platform":"tiktok","merchant_id":"ffe8519e-49a2-467b-a0ec-57d28ba8be49","shop_id":"7495127669839399750","processed":20,"updated":20,"errors":0,"api_error":null,"upsert_errors":[],"next_after_id":"f1ba57fd-f59b-48a6-8c13-c6aedf7f146a","has_more":true,"dry_run":false}
batch=1393 {"success":true,"platform":"tiktok","merchant_id":"ffe8519e-49a2-467b-a0ec-57d28ba8be49","shop_id":"7495127669839399750","processed":20,"updated":20,"errors":0,"api_error":null,"upsert_errors":[],"next_after_id":"f1e46800-baec-4cd1-97d7-839aaea28217","has_more":true,"dry_run":false}
batch=1394 {"success":true,"platform":"tiktok","merchant_id":"ffe8519e-49a2-467b-a0ec-57d28ba8be49","shop_id":"7495127669839399750","processed":20,"updated":20,"errors":0,"api_error":null,"upsert_errors":[],"next_after_id":"f2036512-d5dc-4ab2-bd92-450521899c2d","has_more":true,"dry_run":false}
batch=1395 {"success":true,"platform":"tiktok","merchant_id":"ffe8519e-49a2-467b-a0ec-57d28ba8be49","shop_id":"7495127669839399750","processed":20,"updated":20,"errors":0,"api_error":null,"upsert_errors":[],"next_after_id":"f223daaa-282d-42bb-9ed0-628e43605eec","has_more":true,"dry_run":false}
batch=1396 {"success":true,"platform":"tiktok","merchant_id":"ffe8519e-49a2-467b-a0ec-57d28ba8be49","shop_id":"7495127669839399750","processed":20,"updated":20,"errors":0,"api_error":null,"upsert_errors":[],"next_after_id":"f24e2422-e85b-4949-8e77-bdfcdfa28256","has_more":true,"dry_run":false}
batch=1397 {"success":true,"platform":"tiktok","merchant_id":"ffe8519e-49a2-467b-a0ec-57d28ba8be49","shop_id":"7495127669839399750","processed":20,"updated":20,"errors":0,"api_error":null,"upsert_errors":[],"next_after_id":"f27f990e-fbff-45b8-a778-d284525ecb11","has_more":true,"dry_run":false}
batch=1398 {"success":true,"platform":"tiktok","merchant_id":"ffe8519e-49a2-467b-a0ec-57d28ba8be49","shop_id":"7495127669839399750","processed":20,"updated":20,"errors":0,"api_error":null,"upsert_errors":[],"next_after_id":"f2a1f1c0-fa3a-4a99-86ed-aa6a53ff10c0","has_more":true,"dry_run":false}
batch=1399 {"success":true,"platform":"tiktok","merchant_id":"ffe8519e-49a2-467b-a0ec-57d28ba8be49","shop_id":"7495127669839399750","processed":20,"updated":20,"errors":0,"api_error":null,"upsert_errors":[],"next_after_id":"f2e05517-de3f-40c6-8890-fcd2bdf294a5","has_more":true,"dry_run":false}
batch=1400 {"success":true,"platform":"tiktok","merchant_id":"ffe8519e-49a2-467b-a0ec-57d28ba8be49","shop_id":"7495127669839399750","processed":20,"updated":20,"errors":0,"api_error":null,"upsert_errors":[],"next_after_id":"f3110c14-0a0e-49a8-9a75-5c6d8bd52d9c","has_more":true,"dry_run":false}
batch=1401 {"success":true,"platform":"tiktok","merchant_id":"ffe8519e-49a2-467b-a0ec-57d28ba8be49","shop_id":"7495127669839399750","processed":20,"updated":20,"errors":0,"api_error":null,"upsert_errors":[],"next_after_id":"f33a974a-ac6d-4712-8b61-0de1c5ec7b8c","has_more":true,"dry_run":false}
batch=1402 {"success":true,"platform":"tiktok","merchant_id":"ffe8519e-49a2-467b-a0ec-57d28ba8be49","shop_id":"7495127669839399750","processed":20,"updated":20,"errors":0,"api_error":null,"upsert_errors":[],"next_after_id":"f35db984-dea0-4ae4-b8a5-76002a4085d6","has_more":true,"dry_run":false}
batch=1403 {"success":true,"platform":"tiktok","merchant_id":"ffe8519e-49a2-467b-a0ec-57d28ba8be49","shop_id":"7495127669839399750","processed":20,"updated":20,"errors":0,"api_error":null,"upsert_errors":[],"next_after_id":"f387801a-96c4-42de-b603-af90c412d0bf","has_more":true,"dry_run":false}
batch=1404 {"success":true,"platform":"tiktok","merchant_id":"ffe8519e-49a2-467b-a0ec-57d28ba8be49","shop_id":"7495127669839399750","processed":20,"updated":20,"errors":0,"api_error":null,"upsert_errors":[],"next_after_id":"f3bb3e0f-ef91-4ac6-8ad8-444084a8c49b","has_more":true,"dry_run":false}
batch=1405 {"success":true,"platform":"tiktok","merchant_id":"ffe8519e-49a2-467b-a0ec-57d28ba8be49","shop_id":"7495127669839399750","processed":20,"updated":20,"errors":0,"api_error":null,"upsert_errors":[],"next_after_id":"f3e0d267-c561-48a4-a7f1-38427e39bbe8","has_more":true,"dry_run":false}
batch=1406 {"success":true,"platform":"tiktok","merchant_id":"ffe8519e-49a2-467b-a0ec-57d28ba8be49","shop_id":"7495127669839399750","processed":20,"updated":20,"errors":0,"api_error":null,"upsert_errors":[],"next_after_id":"f403d2ef-c74c-490b-8f81-1fe4f1c44c84","has_more":true,"dry_run":false}
batch=1407 {"success":true,"platform":"tiktok","merchant_id":"ffe8519e-49a2-467b-a0ec-57d28ba8be49","shop_id":"7495127669839399750","processed":20,"updated":20,"errors":0,"api_error":null,"upsert_errors":[],"next_after_id":"f4327f71-fedd-407e-8e9f-ecbb7796f9d8","has_more":true,"dry_run":false}
batch=1408 {"success":true,"platform":"tiktok","merchant_id":"ffe8519e-49a2-467b-a0ec-57d28ba8be49","shop_id":"7495127669839399750","processed":20,"updated":20,"errors":0,"api_error":null,"upsert_errors":[],"next_after_id":"f45b1c83-99da-4a69-a6f8-2feffe748ca6","has_more":true,"dry_run":false}
batch=1409 {"success":true,"platform":"tiktok","merchant_id":"ffe8519e-49a2-467b-a0ec-57d28ba8be49","shop_id":"7495127669839399750","processed":20,"updated":20,"errors":0,"api_error":null,"upsert_errors":[],"next_after_id":"f49d895c-b1df-4ae7-9d31-5bfb164b8dc6","has_more":true,"dry_run":false}
batch=1410 {"success":true,"platform":"tiktok","merchant_id":"ffe8519e-49a2-467b-a0ec-57d28ba8be49","shop_id":"7495127669839399750","processed":20,"updated":20,"errors":0,"api_error":null,"upsert_errors":[],"next_after_id":"f4b375c9-873b-4792-8954-3e4e750a7ed4","has_more":true,"dry_run":false}
batch=1411 {"success":true,"platform":"tiktok","merchant_id":"ffe8519e-49a2-467b-a0ec-57d28ba8be49","shop_id":"7495127669839399750","processed":20,"updated":20,"errors":0,"api_error":null,"upsert_errors":[],"next_after_id":"f4ddedd6-ba2d-4afc-89b1-adf8d72fab8b","has_more":true,"dry_run":false}
batch=1412 {"success":true,"platform":"tiktok","merchant_id":"ffe8519e-49a2-467b-a0ec-57d28ba8be49","shop_id":"7495127669839399750","processed":20,"updated":20,"errors":0,"api_error":null,"upsert_errors":[],"next_after_id":"f506def9-d168-4889-9ab2-2cc693e3cadc","has_more":true,"dry_run":false}
batch=1413 {"success":true,"platform":"tiktok","merchant_id":"ffe8519e-49a2-467b-a0ec-57d28ba8be49","shop_id":"7495127669839399750","processed":20,"updated":20,"errors":0,"api_error":null,"upsert_errors":[],"next_after_id":"f52b5ea5-9d29-41c3-976c-480c2d3b81ad","has_more":true,"dry_run":false}
batch=1414 {"success":true,"platform":"tiktok","merchant_id":"ffe8519e-49a2-467b-a0ec-57d28ba8be49","shop_id":"7495127669839399750","processed":20,"updated":20,"errors":0,"api_error":null,"upsert_errors":[],"next_after_id":"f5659de3-8056-4d21-9c54-a3bffc2a2321","has_more":true,"dry_run":false}
batch=1415 {"success":true,"platform":"tiktok","merchant_id":"ffe8519e-49a2-467b-a0ec-57d28ba8be49","shop_id":"7495127669839399750","processed":20,"updated":20,"errors":0,"api_error":null,"upsert_errors":[],"next_after_id":"f592838c-f3cf-473e-962a-b21e17a4b35a","has_more":true,"dry_run":false}
batch=1416 {"success":true,"platform":"tiktok","merchant_id":"ffe8519e-49a2-467b-a0ec-57d28ba8be49","shop_id":"7495127669839399750","processed":20,"updated":20,"errors":0,"api_error":null,"upsert_errors":[],"next_after_id":"f5b9e7dd-2150-42b0-be97-ab3d2b4a455a","has_more":true,"dry_run":false}
batch=1417 {"success":true,"platform":"tiktok","merchant_id":"ffe8519e-49a2-467b-a0ec-57d28ba8be49","shop_id":"7495127669839399750","processed":20,"updated":20,"errors":0,"api_error":null,"upsert_errors":[],"next_after_id":"f5dc8e35-bf81-4af7-aff3-781b20aa1b58","has_more":true,"dry_run":false}
batch=1418 {"success":true,"platform":"tiktok","merchant_id":"ffe8519e-49a2-467b-a0ec-57d28ba8be49","shop_id":"7495127669839399750","processed":20,"updated":20,"errors":0,"api_error":null,"upsert_errors":[],"next_after_id":"f5fab00f-5d9a-4f5f-b8c0-3d80eb0145d2","has_more":true,"dry_run":false}
batch=1419 {"success":true,"platform":"tiktok","merchant_id":"ffe8519e-49a2-467b-a0ec-57d28ba8be49","shop_id":"7495127669839399750","processed":20,"updated":20,"errors":0,"api_error":null,"upsert_errors":[],"next_after_id":"f62620e0-150f-4261-9db0-545291e07661","has_more":true,"dry_run":false}
batch=1420 {"success":true,"platform":"tiktok","merchant_id":"ffe8519e-49a2-467b-a0ec-57d28ba8be49","shop_id":"7495127669839399750","processed":20,"updated":20,"errors":0,"api_error":null,"upsert_errors":[],"next_after_id":"f651445c-5b6d-4f73-b3c2-7bb2f8905372","has_more":true,"dry_run":false}
batch=1421 {"success":true,"platform":"tiktok","merchant_id":"ffe8519e-49a2-467b-a0ec-57d28ba8be49","shop_id":"7495127669839399750","processed":20,"updated":20,"errors":0,"api_error":null,"upsert_errors":[],"next_after_id":"f69a463b-6aac-423f-bbb3-259bebb21fd3","has_more":true,"dry_run":false}
batch=1422 {"success":true,"platform":"tiktok","merchant_id":"ffe8519e-49a2-467b-a0ec-57d28ba8be49","shop_id":"7495127669839399750","processed":20,"updated":20,"errors":0,"api_error":null,"upsert_errors":[],"next_after_id":"f6beccff-7222-4480-8dff-6711913d9016","has_more":true,"dry_run":false}
batch=1423 {"success":true,"platform":"tiktok","merchant_id":"ffe8519e-49a2-467b-a0ec-57d28ba8be49","shop_id":"7495127669839399750","processed":20,"updated":20,"errors":0,"api_error":null,"upsert_errors":[],"next_after_id":"f6e8d41a-2423-4a97-a2af-171379abb1ad","has_more":true,"dry_run":false}
batch=1424 {"success":true,"platform":"tiktok","merchant_id":"ffe8519e-49a2-467b-a0ec-57d28ba8be49","shop_id":"7495127669839399750","processed":20,"updated":20,"errors":0,"api_error":null,"upsert_errors":[],"next_after_id":"f6fe49ae-1555-4c8b-b099-d93c874e6daf","has_more":true,"dry_run":false}
batch=1425 {"success":true,"platform":"tiktok","merchant_id":"ffe8519e-49a2-467b-a0ec-57d28ba8be49","shop_id":"7495127669839399750","processed":20,"updated":20,"errors":0,"api_error":null,"upsert_errors":[],"next_after_id":"f7256117-70e0-400b-8ef3-9f6dae9b9ff5","has_more":true,"dry_run":false}
batch=1426 {"success":true,"platform":"tiktok","merchant_id":"ffe8519e-49a2-467b-a0ec-57d28ba8be49","shop_id":"7495127669839399750","processed":20,"updated":20,"errors":0,"api_error":null,"upsert_errors":[],"next_after_id":"f746d318-9776-4c01-b28f-5471da7b036a","has_more":true,"dry_run":false}
batch=1427 {"success":true,"platform":"tiktok","merchant_id":"ffe8519e-49a2-467b-a0ec-57d28ba8be49","shop_id":"7495127669839399750","processed":20,"updated":20,"errors":0,"api_error":null,"upsert_errors":[],"next_after_id":"f76b492e-e042-40b2-9cf3-157923d613b0","has_more":true,"dry_run":false}
batch=1428 {"success":true,"platform":"tiktok","merchant_id":"ffe8519e-49a2-467b-a0ec-57d28ba8be49","shop_id":"7495127669839399750","processed":20,"updated":20,"errors":0,"api_error":null,"upsert_errors":[],"next_after_id":"f794f763-28d9-4519-8fd4-15a5270644d4","has_more":true,"dry_run":false}
batch=1429 {"success":true,"platform":"tiktok","merchant_id":"ffe8519e-49a2-467b-a0ec-57d28ba8be49","shop_id":"7495127669839399750","processed":20,"updated":20,"errors":0,"api_error":null,"upsert_errors":[],"next_after_id":"f7c0422d-b8a2-499a-b8a3-db5b4729d9df","has_more":true,"dry_run":false}
batch=1430 {"success":true,"platform":"tiktok","merchant_id":"ffe8519e-49a2-467b-a0ec-57d28ba8be49","shop_id":"7495127669839399750","processed":20,"updated":20,"errors":0,"api_error":null,"upsert_errors":[],"next_after_id":"f7effd8f-dae5-4ed0-9ece-00c6f088f34f","has_more":true,"dry_run":false}
batch=1431 {"success":true,"platform":"tiktok","merchant_id":"ffe8519e-49a2-467b-a0ec-57d28ba8be49","shop_id":"7495127669839399750","processed":20,"updated":20,"errors":0,"api_error":null,"upsert_errors":[],"next_after_id":"f81d5ba2-5ad1-43d9-8795-6dabf739c659","has_more":true,"dry_run":false}
batch=1432 {"success":true,"platform":"tiktok","merchant_id":"ffe8519e-49a2-467b-a0ec-57d28ba8be49","shop_id":"7495127669839399750","processed":20,"updated":20,"errors":0,"api_error":null,"upsert_errors":[],"next_after_id":"f83c5a6c-c620-4ff3-bf16-5236428ae827","has_more":true,"dry_run":false}
batch=1433 {"success":true,"platform":"tiktok","merchant_id":"ffe8519e-49a2-467b-a0ec-57d28ba8be49","shop_id":"7495127669839399750","processed":20,"updated":20,"errors":0,"api_error":null,"upsert_errors":[],"next_after_id":"f8666e8d-9679-4a72-b04e-0f6b2dc603b1","has_more":true,"dry_run":false}
batch=1434 {"success":true,"platform":"tiktok","merchant_id":"ffe8519e-49a2-467b-a0ec-57d28ba8be49","shop_id":"7495127669839399750","processed":20,"updated":20,"errors":0,"api_error":null,"upsert_errors":[],"next_after_id":"f886b665-d963-4aa8-9f2b-93b4316c73f7","has_more":true,"dry_run":false}
batch=1435 {"success":true,"platform":"tiktok","merchant_id":"ffe8519e-49a2-467b-a0ec-57d28ba8be49","shop_id":"7495127669839399750","processed":20,"updated":20,"errors":0,"api_error":null,"upsert_errors":[],"next_after_id":"f8b61f14-ec24-4ae7-a3a0-1039cb2d6ca5","has_more":true,"dry_run":false}
batch=1436 {"success":true,"platform":"tiktok","merchant_id":"ffe8519e-49a2-467b-a0ec-57d28ba8be49","shop_id":"7495127669839399750","processed":20,"updated":20,"errors":0,"api_error":null,"upsert_errors":[],"next_after_id":"f8e6cd7a-cb30-4980-867c-be6f273d4186","has_more":true,"dry_run":false}
batch=1437 {"success":true,"platform":"tiktok","merchant_id":"ffe8519e-49a2-467b-a0ec-57d28ba8be49","shop_id":"7495127669839399750","processed":20,"updated":20,"errors":0,"api_error":null,"upsert_errors":[],"next_after_id":"f919dbee-bdb8-41d4-b754-30af7f83a25a","has_more":true,"dry_run":false}
batch=1438 {"success":true,"platform":"tiktok","merchant_id":"ffe8519e-49a2-467b-a0ec-57d28ba8be49","shop_id":"7495127669839399750","processed":20,"updated":20,"errors":0,"api_error":null,"upsert_errors":[],"next_after_id":"f95407ab-7df0-486e-bd1f-425a3b0a068e","has_more":true,"dry_run":false}
batch=1439 {"success":true,"platform":"tiktok","merchant_id":"ffe8519e-49a2-467b-a0ec-57d28ba8be49","shop_id":"7495127669839399750","processed":20,"updated":20,"errors":0,"api_error":null,"upsert_errors":[],"next_after_id":"f981c935-f25c-4079-b739-2b29d26bbbca","has_more":true,"dry_run":false}
batch=1440 {"success":true,"platform":"tiktok","merchant_id":"ffe8519e-49a2-467b-a0ec-57d28ba8be49","shop_id":"7495127669839399750","processed":20,"updated":20,"errors":0,"api_error":null,"upsert_errors":[],"next_after_id":"f9af68f5-aec9-47df-9b94-4e42d3e34c67","has_more":true,"dry_run":false}
batch=1441 {"success":true,"platform":"tiktok","merchant_id":"ffe8519e-49a2-467b-a0ec-57d28ba8be49","shop_id":"7495127669839399750","processed":20,"updated":20,"errors":0,"api_error":null,"upsert_errors":[],"next_after_id":"f9cc43b1-f28d-45b2-91b7-7aac720183ca","has_more":true,"dry_run":false}
batch=1442 {"success":true,"platform":"tiktok","merchant_id":"ffe8519e-49a2-467b-a0ec-57d28ba8be49","shop_id":"7495127669839399750","processed":20,"updated":20,"errors":0,"api_error":null,"upsert_errors":[],"next_after_id":"f9f3c870-34af-47dc-803e-4ad653307980","has_more":true,"dry_run":false}
batch=1443 {"success":true,"platform":"tiktok","merchant_id":"ffe8519e-49a2-467b-a0ec-57d28ba8be49","shop_id":"7495127669839399750","processed":20,"updated":20,"errors":0,"api_error":null,"upsert_errors":[],"next_after_id":"fa1ffb51-8532-4d72-bfc9-87288e3bf565","has_more":true,"dry_run":false}
batch=1444 {"success":true,"platform":"tiktok","merchant_id":"ffe8519e-49a2-467b-a0ec-57d28ba8be49","shop_id":"7495127669839399750","processed":20,"updated":20,"errors":0,"api_error":null,"upsert_errors":[],"next_after_id":"fa48f7a5-b71d-41dc-b6d3-14cc6032d911","has_more":true,"dry_run":false}
batch=1445 {"success":true,"platform":"tiktok","merchant_id":"ffe8519e-49a2-467b-a0ec-57d28ba8be49","shop_id":"7495127669839399750","processed":20,"updated":20,"errors":0,"api_error":null,"upsert_errors":[],"next_after_id":"fa7f97b2-d7a4-4adb-a047-e56042e05a81","has_more":true,"dry_run":false}
batch=1446 {"success":true,"platform":"tiktok","merchant_id":"ffe8519e-49a2-467b-a0ec-57d28ba8be49","shop_id":"7495127669839399750","processed":20,"updated":20,"errors":0,"api_error":null,"upsert_errors":[],"next_after_id":"faa4ae8d-d90a-4e5c-b564-a29a0141c14a","has_more":true,"dry_run":false}
batch=1447 {"success":true,"platform":"tiktok","merchant_id":"ffe8519e-49a2-467b-a0ec-57d28ba8be49","shop_id":"7495127669839399750","processed":20,"updated":20,"errors":0,"api_error":null,"upsert_errors":[],"next_after_id":"fabaaac0-600e-4dfc-8632-bc04d071af4e","has_more":true,"dry_run":false}
batch=1448 {"success":true,"platform":"tiktok","merchant_id":"ffe8519e-49a2-467b-a0ec-57d28ba8be49","shop_id":"7495127669839399750","processed":20,"updated":20,"errors":0,"api_error":null,"upsert_errors":[],"next_after_id":"fad69417-009f-4c71-bba3-c03290a8df82","has_more":true,"dry_run":false}
batch=1449 {"success":true,"platform":"tiktok","merchant_id":"ffe8519e-49a2-467b-a0ec-57d28ba8be49","shop_id":"7495127669839399750","processed":20,"updated":20,"errors":0,"api_error":null,"upsert_errors":[],"next_after_id":"faf6453f-52c0-4953-a68e-baac3e99e8b1","has_more":true,"dry_run":false}
batch=1450 {"success":true,"platform":"tiktok","merchant_id":"ffe8519e-49a2-467b-a0ec-57d28ba8be49","shop_id":"7495127669839399750","processed":20,"updated":20,"errors":0,"api_error":null,"upsert_errors":[],"next_after_id":"fb170623-4027-4df9-8f63-7946cccf5c91","has_more":true,"dry_run":false}
batch=1451 {"success":true,"platform":"tiktok","merchant_id":"ffe8519e-49a2-467b-a0ec-57d28ba8be49","shop_id":"7495127669839399750","processed":20,"updated":20,"errors":0,"api_error":null,"upsert_errors":[],"next_after_id":"fb445239-3b8c-4a0b-b341-66fec2e7a1e2","has_more":true,"dry_run":false}
batch=1452 attempt=1 retry error: 
batch=1452 {"success":true,"platform":"tiktok","merchant_id":"ffe8519e-49a2-467b-a0ec-57d28ba8be49","shop_id":"7495127669839399750","processed":20,"updated":20,"errors":0,"api_error":null,"upsert_errors":[],"next_after_id":"fb6113e8-2cca-430f-8c40-db7519c3eb14","has_more":true,"dry_run":false}
batch=1453 {"success":true,"platform":"tiktok","merchant_id":"ffe8519e-49a2-467b-a0ec-57d28ba8be49","shop_id":"7495127669839399750","processed":20,"updated":20,"errors":0,"api_error":null,"upsert_errors":[],"next_after_id":"fb863ae0-50fc-4683-9d5d-dae9e6c3830f","has_more":true,"dry_run":false}
batch=1454 {"success":true,"platform":"tiktok","merchant_id":"ffe8519e-49a2-467b-a0ec-57d28ba8be49","shop_id":"7495127669839399750","processed":20,"updated":20,"errors":0,"api_error":null,"upsert_errors":[],"next_after_id":"fbae681a-4601-40bf-83a9-a112475c0129","has_more":true,"dry_run":false}
batch=1455 {"success":true,"platform":"tiktok","merchant_id":"ffe8519e-49a2-467b-a0ec-57d28ba8be49","shop_id":"7495127669839399750","processed":20,"updated":20,"errors":0,"api_error":null,"upsert_errors":[],"next_after_id":"fbd95893-2591-4c40-950a-207ac9c661e8","has_more":true,"dry_run":false}
batch=1456 {"success":true,"platform":"tiktok","merchant_id":"ffe8519e-49a2-467b-a0ec-57d28ba8be49","shop_id":"7495127669839399750","processed":20,"updated":20,"errors":0,"api_error":null,"upsert_errors":[],"next_after_id":"fbfca21d-1b80-41a3-840f-596df175898d","has_more":true,"dry_run":false}
batch=1457 {"success":true,"platform":"tiktok","merchant_id":"ffe8519e-49a2-467b-a0ec-57d28ba8be49","shop_id":"7495127669839399750","processed":20,"updated":20,"errors":0,"api_error":null,"upsert_errors":[],"next_after_id":"fc2c846f-237a-4fae-bfa8-facb218a91f6","has_more":true,"dry_run":false}
batch=1458 {"success":true,"platform":"tiktok","merchant_id":"ffe8519e-49a2-467b-a0ec-57d28ba8be49","shop_id":"7495127669839399750","processed":20,"updated":20,"errors":0,"api_error":null,"upsert_errors":[],"next_after_id":"fc528ad7-de17-4e60-8db0-2c817dd246e5","has_more":true,"dry_run":false}
batch=1459 {"success":true,"platform":"tiktok","merchant_id":"ffe8519e-49a2-467b-a0ec-57d28ba8be49","shop_id":"7495127669839399750","processed":20,"updated":20,"errors":0,"api_error":null,"upsert_errors":[],"next_after_id":"fc861b1e-5cab-49da-81a8-375c1418646f","has_more":true,"dry_run":false}
batch=1460 {"success":true,"platform":"tiktok","merchant_id":"ffe8519e-49a2-467b-a0ec-57d28ba8be49","shop_id":"7495127669839399750","processed":20,"updated":20,"errors":0,"api_error":null,"upsert_errors":[],"next_after_id":"fcb82ebb-80ac-4200-9105-47c0b42ff5c3","has_more":true,"dry_run":false}
batch=1461 {"success":true,"platform":"tiktok","merchant_id":"ffe8519e-49a2-467b-a0ec-57d28ba8be49","shop_id":"7495127669839399750","processed":20,"updated":20,"errors":0,"api_error":null,"upsert_errors":[],"next_after_id":"fcdd60ab-dba5-4fa3-a70b-eb98d34925d7","has_more":true,"dry_run":false}
batch=1462 {"success":true,"platform":"tiktok","merchant_id":"ffe8519e-49a2-467b-a0ec-57d28ba8be49","shop_id":"7495127669839399750","processed":20,"updated":20,"errors":0,"api_error":null,"upsert_errors":[],"next_after_id":"fd0130ea-0b7a-4f4b-bf7e-819c7244b4f9","has_more":true,"dry_run":false}
batch=1463 {"success":true,"platform":"tiktok","merchant_id":"ffe8519e-49a2-467b-a0ec-57d28ba8be49","shop_id":"7495127669839399750","processed":20,"updated":20,"errors":0,"api_error":null,"upsert_errors":[],"next_after_id":"fd1e70d6-efaa-4ab5-a55d-ece1cc954cbf","has_more":true,"dry_run":false}
batch=1464 {"success":true,"platform":"tiktok","merchant_id":"ffe8519e-49a2-467b-a0ec-57d28ba8be49","shop_id":"7495127669839399750","processed":20,"updated":20,"errors":0,"api_error":null,"upsert_errors":[],"next_after_id":"fd5dedb4-3e45-4bb0-abe9-cfb767e904b2","has_more":true,"dry_run":false}
batch=1465 {"success":true,"platform":"tiktok","merchant_id":"ffe8519e-49a2-467b-a0ec-57d28ba8be49","shop_id":"7495127669839399750","processed":20,"updated":20,"errors":0,"api_error":null,"upsert_errors":[],"next_after_id":"fd790c0a-d091-4e37-bae1-201e8020d616","has_more":true,"dry_run":false}
batch=1466 {"success":true,"platform":"tiktok","merchant_id":"ffe8519e-49a2-467b-a0ec-57d28ba8be49","shop_id":"7495127669839399750","processed":20,"updated":20,"errors":0,"api_error":null,"upsert_errors":[],"next_after_id":"fd96f398-4e7f-445b-97c8-83e651827d0a","has_more":true,"dry_run":false}
batch=1467 {"success":true,"platform":"tiktok","merchant_id":"ffe8519e-49a2-467b-a0ec-57d28ba8be49","shop_id":"7495127669839399750","processed":20,"updated":20,"errors":0,"api_error":null,"upsert_errors":[],"next_after_id":"fdc3c4bd-0973-4cf8-a5df-604408517033","has_more":true,"dry_run":false}
batch=1468 {"success":true,"platform":"tiktok","merchant_id":"ffe8519e-49a2-467b-a0ec-57d28ba8be49","shop_id":"7495127669839399750","processed":20,"updated":20,"errors":0,"api_error":null,"upsert_errors":[],"next_after_id":"fdefcfc5-797e-4a10-a75f-5e5b7fff1c2e","has_more":true,"dry_run":false}
batch=1469 {"success":true,"platform":"tiktok","merchant_id":"ffe8519e-49a2-467b-a0ec-57d28ba8be49","shop_id":"7495127669839399750","processed":20,"updated":20,"errors":0,"api_error":null,"upsert_errors":[],"next_after_id":"fe2a3693-be1c-480f-a872-887bb4ff3c72","has_more":true,"dry_run":false}
batch=1470 {"success":true,"platform":"tiktok","merchant_id":"ffe8519e-49a2-467b-a0ec-57d28ba8be49","shop_id":"7495127669839399750","processed":20,"updated":20,"errors":0,"api_error":null,"upsert_errors":[],"next_after_id":"fe518254-3d85-45f7-8e1b-5c81a2c09404","has_more":true,"dry_run":false}
batch=1471 {"success":true,"platform":"tiktok","merchant_id":"ffe8519e-49a2-467b-a0ec-57d28ba8be49","shop_id":"7495127669839399750","processed":20,"updated":20,"errors":0,"api_error":null,"upsert_errors":[],"next_after_id":"fe8beeb3-e473-491c-9020-e632c1217138","has_more":true,"dry_run":false}
batch=1472 {"success":true,"platform":"tiktok","merchant_id":"ffe8519e-49a2-467b-a0ec-57d28ba8be49","shop_id":"7495127669839399750","processed":20,"updated":20,"errors":0,"api_error":null,"upsert_errors":[],"next_after_id":"feae5952-52a6-4ce1-b6f7-318b6ca6ef11","has_more":true,"dry_run":false}
batch=1473 {"success":true,"platform":"tiktok","merchant_id":"ffe8519e-49a2-467b-a0ec-57d28ba8be49","shop_id":"7495127669839399750","processed":20,"updated":20,"errors":0,"api_error":null,"upsert_errors":[],"next_after_id":"fee0ed02-d755-431e-9f54-244685b757a3","has_more":true,"dry_run":false}
batch=1474 {"success":true,"platform":"tiktok","merchant_id":"ffe8519e-49a2-467b-a0ec-57d28ba8be49","shop_id":"7495127669839399750","processed":20,"updated":20,"errors":0,"api_error":null,"upsert_errors":[],"next_after_id":"ff167b18-a10c-4be4-8b21-ed8ea313885f","has_more":true,"dry_run":false}
batch=1475 {"success":true,"platform":"tiktok","merchant_id":"ffe8519e-49a2-467b-a0ec-57d28ba8be49","shop_id":"7495127669839399750","processed":20,"updated":20,"errors":0,"api_error":null,"upsert_errors":[],"next_after_id":"ff3a0cea-178e-40ba-b783-414c568a2eb7","has_more":true,"dry_run":false}
batch=1476 {"success":true,"platform":"tiktok","merchant_id":"ffe8519e-49a2-467b-a0ec-57d28ba8be49","shop_id":"7495127669839399750","processed":20,"updated":20,"errors":0,"api_error":null,"upsert_errors":[],"next_after_id":"ff649936-0612-4c4d-9cac-806ada0e0796","has_more":true,"dry_run":false}
batch=1477 {"success":true,"platform":"tiktok","merchant_id":"ffe8519e-49a2-467b-a0ec-57d28ba8be49","shop_id":"7495127669839399750","processed":20,"updated":20,"errors":0,"api_error":null,"upsert_errors":[],"next_after_id":"ff934c1a-f1a5-4fa1-8fa7-555597793a67","has_more":true,"dry_run":false}
batch=1478 {"success":true,"platform":"tiktok","merchant_id":"ffe8519e-49a2-467b-a0ec-57d28ba8be49","shop_id":"7495127669839399750","processed":20,"updated":20,"errors":0,"api_error":null,"upsert_errors":[],"next_after_id":"ffd1e7e7-be7f-45b7-96fa-7b4408df3ad2","has_more":true,"dry_run":false}
batch=1479 {"success":true,"platform":"tiktok","merchant_id":"ffe8519e-49a2-467b-a0ec-57d28ba8be49","shop_id":"7495127669839399750","processed":20,"updated":20,"errors":0,"api_error":null,"upsert_errors":[],"next_after_id":"fff869d5-9929-4c97-8611-10ac42341245","has_more":true,"dry_run":false}
batch=1480 {"success":true,"platform":"tiktok","merchant_id":"ffe8519e-49a2-467b-a0ec-57d28ba8be49","shop_id":"7495127669839399750","processed":2,"updated":2,"errors":0,"api_error":null,"upsert_errors":[],"next_after_id":"fffc30ba-0b2b-4b84-ba16-68e59986248b","has_more":false,"dry_run":false}
done platform=tiktok updated=29562 batches=1480
